"f_target","b1","design","rho_target","a1","a2","b2","c1","c2","a0","b0","c0","sigma_eY","rho_U","rho_V","rho_total","rho_rel_U","bias","f_achieved","beta_A_fit1","se_A_fit1","power_A_fit1","beta_A_fit2","se_A_fit2","power_A_fit2","beta_Atilde_fit2","se_Atilde_fit2","power_Atilde_fit2","beta_A_fit3","se_A_fit3","power_A_fit3","beta_V_fit3","se_V_fit3","power_V_fit3","beta_A_fit4","se_A_fit4","power_A_fit4","beta_Atilde_fit4","se_Atilde_fit4","power_Atilde_fit4","beta_V_fit4","se_V_fit4","power_V_fit4","sd_beta_A_fit1","sd_beta_A_fit2","sd_beta_Atilde_fit2","sd_beta_A_fit3","sd_beta_V_fit3","sd_beta_A_fit4","sd_beta_Atilde_fit4","sd_beta_V_fit4","bias_A_fit1","bias_A_fit2","bias_A_fit3","bias_A_fit4","source","se_type","noise_dist","df_t","n_sample","n_iters","seed"
0,0.3,"D2_varyA1Rho",0.2,0.4,0.4,0.3,0.5,0,0,0,0,1,0.2,0,0.2,1,0.12,0,0.421675158617572,0.034381296463512,0.999,0.393411573256106,0.0341505964700694,0.999,0.137050074544522,0.0357628722570696,0.949,0.446396110177372,0.0388170131559359,0.999,-0.059178649517298,0.0358354044975435,0.395,0.413487489155201,0.0383588403395296,0.999,0.132943849078462,0.0357883973232769,0.943,-0.0459869456154298,0.0355366257620543,0.272,0.0367129591274885,0.03609809483058,0.0384879488015585,0.0408404737045624,0.0357241067544698,0.0396306448021899,0.038362687441458,0.0354211012748041,0.121675158617572,0.0934115732561065,0.146396110177372,0.113487489155201,"sim","HC1","t",3,1000,1000,314
0,0.3,"D2_varyA1Rho",0.2,0.6,0.6,0.3,0.333333333333333,0,0,0,0,1,0.2,0,0.2,1,0.18,0,0.479018937977948,0.0332273278084486,1,0.464882271709871,0.0337279118092194,1,0.0695542632197533,0.0341060238179174,0.572,0.583723895505621,0.0441696134679979,1,-0.172016469199981,0.0412302646870763,0.969,0.568677851345176,0.0453739476383266,1,0.0476141331920159,0.0338991105991205,0.307,-0.163061193504025,0.0417219747436659,0.954,0.0346337097508284,0.0348474259798709,0.0340589595343966,0.047403754397553,0.0422388536254807,0.0484104360888647,0.0337841498906007,0.0427777039764927,0.179018937977948,0.164882271709871,0.283723895505621,0.268677851345176,"sim","HC1","t",3,1000,1000,314
0,0.3,"D2_varyA1Rho",0.4,0.6,0.6,0.3,0.666666666666667,0,0,0,0,1,0.4,0,0.4,1,0.18,0,0.480933306422097,0.0331120211686534,1,0.417952380759423,0.0356448298500251,1,0.156989349836876,0.0377062372917364,0.969,0.584763587238453,0.044259693632838,1,-0.170842953322271,0.0413377143025179,0.97,0.509434409953276,0.0499960878985911,0.998,0.119446699924415,0.0393091952641665,0.844,-0.125414184473025,0.0436156960597085,0.796,0.0339315152199468,0.0372094538260346,0.0409837630804558,0.0465707896736813,0.0422746365800267,0.054595360255831,0.0429499492370982,0.0459473538373459,0.180933306422097,0.117952380759423,0.284763587238453,0.209434409953276,"sim","HC1","t",3,1000,1000,314
0.05,0.3,"D2_varyA1Rho",0.2,0.2,0.2,0.3,0.95,0.05,0,0,0,1,0.19,0.01,0.2,0.95,0.06,0.05,0.364977662514573,0.0332709511934224,1,0.304819383918454,0.0316725742721553,0.999,0.28386766870921,0.0325526746116785,0.998,0.368164246456818,0.0342103284724029,1,-0.0149431809620562,0.0330406229107237,0.064,0.308422596582397,0.0324060476636406,0.999,0.284034357261403,0.0325681821169957,0.998,-0.0174651254373085,0.0317403270079619,0.081,0.0355439850711316,0.03344608840078,0.0345418007929172,0.0368122644023793,0.0324963366301846,0.0343524256829716,0.0345367937440297,0.0312518905734823,0.0649776625145725,0.00481938391845399,0.0681642464568176,0.00842259658239736,"sim","HC1","t",3,1000,1000,314
0.05,0.3,"D2_varyA1Rho",0.2,0.4,0.4,0.3,0.475,0.025,0,0,0,1,0.19,0.01,0.2,0.95,0.12,0.05,0.42360794599341,0.0345925943014848,0.999,0.396965716069399,0.034408615997664,0.999,0.130390137466346,0.0355778361021862,0.942,0.447946711189,0.038939515493219,0.999,-0.0572357047230449,0.0357241141746941,0.384,0.418302878441192,0.0384869896487923,0.999,0.127286196032097,0.0355466818532558,0.935,-0.048569156929553,0.035378612484537,0.282,0.037644513272902,0.0373987162141149,0.0372499386624968,0.0434434580864221,0.0371219067575458,0.0427344863653215,0.0371609765718103,0.0366920265314116,0.12360794599341,0.0969657160693986,0.147946711189,0.118302878441192,"sim","HC1","t",3,1000,1000,314
0.05,0.3,"D2_varyA1Rho",0.2,0.6,0.6,0.3,0.316666666666667,0.0166666666666667,0,0,0,1,0.19,0.01,0.2,0.95,0.18,0.05,0.483518814359951,0.0332093841002664,1,0.470488791136317,0.0337374345315134,1,0.0650347802151901,0.0339990877447395,0.504,0.587391415330864,0.0442198377678611,1,-0.17089214679767,0.041336022293054,0.964,0.573820388889262,0.0453548714777019,1,0.0459068397978103,0.0338044379505671,0.298,-0.163539425520674,0.0417117322565928,0.96,0.0352747444468299,0.0358842405097683,0.0357519169027567,0.0486452336269995,0.0423323190879278,0.0496809253503292,0.0359547416270565,0.0426104845502696,0.183518814359951,0.170488791136317,0.287391415330864,0.273820388889262,"sim","HC1","t",3,1000,1000,314
0.05,0.3,"D2_varyA1Rho",0.4,0.4,0.4,0.3,0.95,0.05,0,0,0,1,0.38,0.02,0.4,0.95,0.12,0.05,0.423689220337808,0.0346780722703321,1,0.30487826090372,0.0343185902734331,0.998,0.283987127151776,0.0350460284593236,0.999,0.449699681383437,0.0391855223347123,1,-0.0615746620019415,0.0360688141811597,0.43,0.3153419275888,0.0377424816631571,0.997,0.280882945548837,0.0353862751882777,0.999,-0.0217872941216215,0.0346519776576451,0.0989999999999999,0.0366713689959635,0.0352338488710105,0.0359752663899738,0.0424679761024642,0.0366698269668456,0.0400501608003321,0.0366270917213214,0.0352701685509858,0.123689220337808,0.00487826090371996,0.149699681383437,0.0153419275888002,"sim","HC1","t",3,1000,1000,314
0.05,0.3,"D2_varyA1Rho",0.4,0.6,0.6,0.3,0.633333333333333,0.0333333333333333,0,0,0,1,0.38,0.02,0.4,0.95,0.18,0.05,0.480593949757911,0.033234201380439,1,0.422554451869661,0.0359335443626549,1,0.143770540461271,0.0381670762283295,0.947,0.586009284432013,0.0441931319531627,0.999,-0.173658319897706,0.0416558991826939,0.965,0.521312896204575,0.0490378723402822,1,0.107784567829404,0.0389413060745002,0.807,-0.138419245423056,0.0431141684856832,0.893,0.0331974423348445,0.0360511671438299,0.0410564216119325,0.046879069226504,0.043871152574982,0.0516269665937777,0.0417279130439541,0.0452401030651516,0.180593949757911,0.122554451869661,0.286009284432013,0.221312896204575,"sim","HC1","t",3,1000,1000,314
0.05,0.3,"D2_varyA1Rho",0.6,0.6,0.6,0.3,0.95,0.05,0,0,0,1,0.57,0.03,0.6,0.95,0.18,0.05,0.48108478047133,0.0331140879781854,1,0.31237949037697,0.0388558449521452,1,0.279781962532111,0.0398425325706855,0.997,0.585883713782371,0.0447975806109251,1,-0.172204854172769,0.0416739931726053,0.966,0.355230365999539,0.0562345375680316,0.999,0.256545119859817,0.0455864290605379,0.993,-0.0469284052967671,0.0449868824351362,0.201,0.034449772053398,0.0395812829359672,0.0412710480433519,0.0500467828900198,0.0434844451864891,0.0593240330596125,0.0476135902047633,0.0457665451230868,0.18108478047133,0.0123794903769699,0.285883713782371,0.0552303659995386,"sim","HC1","t",3,1000,1000,314
0.1,0.3,"D2_varyA1Rho",0.2,0.2,0.2,0.3,0.9,0.1,0,0,0,1,0.18,0.02,0.2,0.9,0.06,0.1,0.362458643521733,0.0333194889684805,1,0.305509804881227,0.0319497823283438,1,0.270505753351124,0.0333537714585712,0.996,0.365252910736972,0.0342257086084824,1,-0.0129524003530958,0.033132710955242,0.076,0.311345887190585,0.0326160544109381,1,0.272345772309025,0.0334606673827368,0.996,-0.029697035855345,0.0320435658815313,0.159,0.0356544628630653,0.0336298971473238,0.0352100847885159,0.0370691377400612,0.0333371925883553,0.0347006544078012,0.0352989030178872,0.0322645671687347,0.0624586435217325,0.00550980488122654,0.0652529107369716,0.0113458871905846,"sim","HC1","t",3,1000,1000,314
0.1,0.3,"D2_varyA1Rho",0.2,0.4,0.4,0.3,0.45,0.05,0,0,0,1,0.18,0.02,0.2,0.9,0.12,0.1,0.424797024246571,0.0343577704691044,0.999,0.400111872807684,0.0342269968179954,0.999,0.119996961484374,0.0357047721255405,0.898,0.450053425932164,0.0389381621856208,0.999,-0.0595911165567976,0.0355963977916165,0.394,0.423752812783187,0.0385056029227129,0.999,0.117807453129723,0.0356552295887489,0.892,-0.0547619318035092,0.0352391737985272,0.362,0.0362031157936364,0.0365079968555064,0.0386484689125188,0.0416416355759988,0.036250977660457,0.0414722111075159,0.0386497461257125,0.0356608622135214,0.124797024246571,0.100111872807684,0.150053425932164,0.123752812783187,"sim","HC1","t",3,1000,1000,314
0.1,0.3,"D2_varyA1Rho",0.2,0.6,0.6,0.3,0.3,0.0333333333333333,0,0,0,1,0.18,0.02,0.2,0.9,0.18,0.1,0.481295182408456,0.0327127482315481,1,0.469265744014199,0.0332880883405954,1,0.0601611060237494,0.0335347774941443,0.45,0.586580836182149,0.0436144905888706,1,-0.172360146442115,0.0408538845682052,0.968,0.574269169891345,0.0446337523716641,1,0.0437524982025814,0.033213664465189,0.276,-0.16642327637089,0.0410795695516972,0.962,0.0340382277412082,0.034737423181622,0.0344794246041915,0.0474436829936107,0.0433566832701283,0.0488127366208102,0.0344303218040411,0.0436772777206904,0.181295182408456,0.169265744014199,0.286580836182149,0.274269169891345,"sim","HC1","t",3,1000,1000,314
0.1,0.3,"D2_varyA1Rho",0.4,0.4,0.4,0.3,0.9,0.1,0,0,0,1,0.36,0.04,0.4,0.9,0.12,0.1,0.422019126369003,0.0344024202157,0.999,0.312792948280562,0.0340866651064274,0.999,0.264235232194914,0.0356774127288251,0.998,0.447747178628879,0.038890796140139,0.999,-0.0610738919863908,0.0356772184688448,0.411,0.330907363194697,0.0372055167768014,0.999,0.260961596871054,0.0357619863842567,0.998,-0.0400003376770452,0.0341800931189469,0.218,0.0376184248091033,0.0363614788606635,0.0368785883723088,0.0432066442148209,0.0358218442305725,0.0398959601659818,0.0370611797172455,0.0343965143374688,0.122019126369003,0.0127929482805619,0.147747178628879,0.0309073631946974,"sim","HC1","t",3,1000,1000,314
0.1,0.3,"D2_varyA1Rho",0.4,0.6,0.6,0.3,0.6,0.0666666666666667,0,0,0,1,0.36,0.04,0.4,0.9,0.18,0.1,0.482398568397298,0.0333319954085544,1,0.428740642986083,0.035881392372552,1,0.133790596099001,0.0375556119461557,0.93,0.585725759932247,0.0444362091675259,1,-0.169526433975097,0.0414344022395842,0.956,0.527915915952736,0.0487042107370772,1,0.102774262781866,0.0379435889849741,0.78,-0.141836361361202,0.0422243124134618,0.903,0.0360991692105516,0.0377876991548618,0.0405602636037126,0.0526430958421102,0.0442447640277351,0.0560391852468139,0.0415024237982555,0.0447618717321011,0.182398568397298,0.128740642986083,0.285725759932247,0.227915915952736,"sim","HC1","t",3,1000,1000,314
0.1,0.3,"D2_varyA1Rho",0.6,0.6,0.6,0.3,0.9,0.1,0,0,0,1,0.54,0.06,0.6,0.9,0.18,0.1,0.481622355307768,0.0331755684447078,1,0.327642033199244,0.03981049825356,1,0.255278997302271,0.04129317409487,0.993,0.586458819571924,0.0442994782848719,1,-0.172320068295929,0.0411535607896042,0.973,0.397677125418735,0.0558260673876627,0.999,0.221240813382475,0.0455293886508271,0.983,-0.0807412374771903,0.0436602724059545,0.481,0.034654017276198,0.0409620470207862,0.0458800923285955,0.0488477159704735,0.0425733425370268,0.0594562348186687,0.0511304485838521,0.0447126069999539,0.181622355307768,0.0276420331992437,0.286458819571924,0.0976771254187346,"sim","HC1","t",3,1000,1000,314
0.15,0.3,"D2_varyA1Rho",0.2,0.2,0.2,0.3,0.85,0.15,0,0,0,1,0.17,0.03,0.2,0.85,0.06,0.15,0.365047955187813,0.0331120190040388,1,0.31077354016386,0.0318556590650685,1,0.255599925186119,0.034168383089799,0.998,0.368093044650386,0.0339227101016012,1,-0.0140011117584234,0.0333439369724355,0.057,0.318882255294875,0.0324067126944236,1,0.260432240875852,0.0344621157953736,0.998,-0.0431224602340023,0.0325092314848423,0.271,0.0334175197295486,0.0317427669116392,0.0368885998541597,0.0344828228640124,0.034054198545813,0.0322993465511416,0.03740772972334,0.0330991237588624,0.0650479551878135,0.0107735401638599,0.0680930446503862,0.018882255294875,"sim","HC1","t",3,1000,1000,314
0.15,0.3,"D2_varyA1Rho",0.2,0.4,0.4,0.3,0.425,0.075,0,0,0,1,0.17,0.03,0.2,0.85,0.12,0.15,0.423258248730422,0.0344073804419751,1,0.400422636693232,0.0343416922048792,1,0.112467003287376,0.0354091256464107,0.87,0.448414996656168,0.038937959557402,1,-0.0599822835516745,0.0359817765148918,0.387,0.42525107325886,0.0385173084111761,1,0.111932338275247,0.0354017670533579,0.869,-0.059067834715608,0.0355902915426001,0.391,0.0368427699854251,0.0369862993700516,0.0376216285564536,0.0422943209415324,0.0376694482163738,0.0420264973419086,0.037765755671307,0.0373731011291126,0.123258248730422,0.100422636693232,0.148414996656168,0.12525107325886,"sim","HC1","t",3,1000,1000,314
0.15,0.3,"D2_varyA1Rho",0.2,0.6,0.6,0.3,0.283333333333333,0.05,0,0,0,1,0.17,0.03,0.2,0.85,0.18,0.15,0.479100953579493,0.0332011971156298,1,0.468165110842156,0.0337398285980866,1,0.0545287008876333,0.0340030255903169,0.383,0.583436835097723,0.0444807956354936,0.999,-0.170974238717675,0.0415561901514024,0.955,0.572430207353241,0.0451496539668288,1,0.0413903883530895,0.0336417999976467,0.265,-0.166463691277306,0.0415704311244548,0.952,0.0349381544467092,0.0357911865540832,0.0461422692530892,0.0483340736827414,0.0436146660494271,0.0489006835095929,0.0456464430174952,0.0431555813972665,0.179100953579493,0.168165110842156,0.283436835097723,0.272430207353241,"sim","HC1","t",3,1000,1000,314
0.15,0.3,"D2_varyA1Rho",0.4,0.4,0.4,0.3,0.85,0.15,0,0,0,1,0.34,0.06,0.4,0.85,0.12,0.15,0.426476358397729,0.0343444388679776,1,0.322923365209761,0.0347877441316687,1,0.247727862249183,0.0367617472702128,0.995,0.451328242230903,0.0386692213782471,1,-0.0583926735954513,0.0356761439870771,0.369,0.3457589178089,0.0378031815614181,1,0.246411946911204,0.0367725501855757,0.995,-0.0528483463049995,0.034305495488821,0.346,0.0363754276589308,0.0360545284218278,0.0387536511700609,0.0409817848785894,0.0379318652157037,0.0384789160100939,0.03878231439792,0.0360286084904351,0.126476358397729,0.0229233652097607,0.151328242230903,0.0457589178088997,"sim","HC1","t",3,1000,1000,314
0.15,0.3,"D2_varyA1Rho",0.4,0.6,0.6,0.3,0.566666666666667,0.1,0,0,0,1,0.34,0.06,0.4,0.85,0.18,0.15,0.480424350132852,0.0334560385017863,1,0.431082412178466,0.0364458735394824,0.998,0.122119332911646,0.0376335107869935,0.899,0.583794470938109,0.0443705730351987,0.999,-0.1695135308207,0.0412905148407601,0.96,0.532230949900295,0.04867501671112,0.999,0.0958684990656961,0.03771032367334,0.736,-0.148256035580099,0.0418403952958928,0.916,0.0339784289068982,0.0360512893095995,0.0384099724104305,0.0489642898763866,0.0433358787312599,0.0526145187472956,0.0383142056323394,0.0442650426950775,0.180424350132852,0.131082412178466,0.283794470938109,0.232230949900295,"sim","HC1","t",3,1000,1000,314
0.15,0.3,"D2_varyA1Rho",0.6,0.6,0.6,0.3,0.85,0.15,0,0,0,1,0.51,0.09,0.6,0.85,0.18,0.15,0.481000983302561,0.0331386411888548,1,0.339881687596693,0.0402509928677459,1,0.23326722777018,0.0419016603470827,0.99,0.585593823419981,0.0442035216657249,1,-0.171762455154164,0.0416011779054806,0.956,0.426699132693792,0.0541560893961152,1,0.197026387870189,0.0441558894437705,0.982,-0.106060995848816,0.0426743186294394,0.701,0.0353649482545396,0.0427915448309447,0.0442896161745254,0.0498491565170966,0.0436610692649751,0.0596031567417588,0.0471106176462932,0.0444072886825012,0.181000983302561,0.0398816875966931,0.285593823419981,0.126699132693792,"sim","HC1","t",3,1000,1000,314
0.2,0.3,"D2_varyA1Rho",0.2,0.2,0.2,0.3,0.8,0.2,0,0,0,1,0.16,0.04,0.2,0.8,0.06,0.2,0.362705983006904,0.0334562279331746,1,0.312216336215261,0.0322487084747859,1,0.241125666879877,0.0346834706513646,0.996,0.365492741282079,0.0342838250535385,1,-0.0126153869977181,0.0330979268665029,0.061,0.321640026650833,0.0327599156824743,1,0.250064496743826,0.0354084702673237,0.997,-0.0536798133473986,0.0326939050964011,0.389,0.0357644132233661,0.0342345959809792,0.0360232144795123,0.0370445015227869,0.0328158175574168,0.0350671621024369,0.0370558671876886,0.0325176091131099,0.0627059830069039,0.0122163362152614,0.0654927412820792,0.0216400266508325,"sim","HC1","t",3,1000,1000,314
0.2,0.3,"D2_varyA1Rho",0.2,0.4,0.4,0.3,0.4,0.1,0,0,0,1,0.16,0.04,0.2,0.8,0.12,0.2,0.424399817173773,0.0344993756861894,1,0.402958708330424,0.0343913676695741,1,0.104453268127778,0.0344995133094483,0.836,0.449807459436994,0.0389257717624959,1,-0.060150382821658,0.0358737390753974,0.406,0.42890874517191,0.0384756078504919,1,0.105462143631791,0.034549215628595,0.84,-0.0621369162125683,0.0355320305183397,0.429,0.0366990150929637,0.0357956792349935,0.0369940048158175,0.0419502960044883,0.0369138394560682,0.0406104721030396,0.0371120606469018,0.0364934631597823,0.124399817173773,0.102958708330424,0.149807459436994,0.12890874517191,"sim","HC1","t",3,1000,1000,314
0.2,0.3,"D2_varyA1Rho",0.2,0.6,0.6,0.3,0.266666666666667,0.0666666666666667,0,0,0,1,0.16,0.04,0.2,0.8,0.18,0.2,0.481120075411917,0.033137237996005,1,0.471373793094595,0.033768320929812,1,0.0488785726608297,0.0333638013792025,0.314,0.586677675691295,0.0441937807064544,1,-0.17296522505225,0.0412600039181747,0.968,0.577135400485564,0.0450001619097657,1,0.0383475614513819,0.0330450498733823,0.226,-0.169800314726893,0.0412875134528248,0.966,0.0334889334484154,0.0342902108357559,0.0372257260412684,0.0475787705295924,0.0437820893112398,0.0482892339421268,0.0369971049057839,0.0435119565927096,0.181120075411917,0.171373793094595,0.286677675691295,0.277135400485564,"sim","HC1","t",3,1000,1000,314
0.2,0.3,"D2_varyA1Rho",0.4,0.4,0.4,0.3,0.8,0.2,0,0,0,1,0.32,0.08,0.4,0.8,0.12,0.2,0.424181697309995,0.0343849041654341,1,0.327280500075249,0.0345953376670146,1,0.233564407042314,0.0369988918684222,0.99,0.450053111345451,0.038909574307368,1,-0.0607256422817871,0.0358065193204828,0.394,0.355733672477266,0.0375076025235642,1,0.23633132382587,0.0371253645795115,0.99,-0.0702992025213904,0.0344813787153823,0.544,0.0366631628918939,0.0367812337897508,0.0421875519907238,0.0426649277975868,0.036559832455324,0.0400246039540405,0.0424303127540263,0.0345792245007684,0.124181697309996,0.0272805000752493,0.150053111345451,0.0557336724772663,"sim","HC1","t",3,1000,1000,314
0.2,0.3,"D2_varyA1Rho",0.4,0.6,0.6,0.3,0.533333333333333,0.133333333333333,0,0,0,1,0.32,0.08,0.4,0.8,0.18,0.2,0.481172253075599,0.0332640644457429,1,0.436884493787503,0.036064975469234,1,0.110207246199791,0.0371367296803587,0.82,0.586014363699615,0.0443068010125638,0.999,-0.172295533920433,0.0412036954820443,0.974,0.541481427127869,0.047836855566177,1,0.0882961288496993,0.0370502518011703,0.667,-0.157234459789262,0.0412993646863555,0.952,0.0346327455661239,0.0364930854753031,0.0419476051634586,0.0489480972023782,0.0427538068701249,0.0518778423883838,0.0421072480760507,0.043064551239225,0.181172253075599,0.136884493787503,0.286014363699615,0.241481427127869,"sim","HC1","t",3,1000,1000,314
0.2,0.3,"D2_varyA1Rho",0.6,0.6,0.6,0.3,0.8,0.2,0,0,0,1,0.48,0.12,0.6,0.8,0.18,0.2,0.48164902874489,0.0330238781075327,1,0.35345147802443,0.0406008808337895,1,0.211705847369051,0.042396395140247,0.982,0.587172843165683,0.0439887107511247,1,-0.173197262450082,0.0410588822114461,0.968,0.451954845848732,0.053041853217067,1,0.177429164482168,0.0435114660554107,0.959,-0.127295861359047,0.0412422357109353,0.857,0.0344733224550301,0.0433115544482127,0.0463184492672086,0.0490247109848092,0.0442581340044048,0.0584349331392702,0.0476952507895209,0.0438043412662137,0.18164902874489,0.05345147802443,0.287172843165683,0.151954845848732,"sim","HC1","t",3,1000,1000,314
0.25,0.3,"D2_varyA1Rho",0.2,0.2,0.2,0.3,0.75,0.25,0,0,0,1,0.15,0.05,0.2,0.75,0.06,0.25,0.363385568109387,0.0331205499154419,1,0.316250048242506,0.0321844684943631,1,0.224557476531404,0.0354319679947306,0.994,0.365937848516457,0.0338817526969949,1,-0.0118601106127242,0.033125117182799,0.065,0.326797769578706,0.0326086181838764,1,0.238809028621044,0.0366535754145684,0.994,-0.0638475876617474,0.0332525149169835,0.494,0.0352532369736226,0.0336451439299761,0.0377674593996843,0.0360049008087055,0.0330948391333239,0.0341927848450334,0.0395815016155101,0.0333716383603031,0.0633855681093867,0.0162500482425057,0.0659378485164575,0.0267977695787061,"sim","HC1","t",3,1000,1000,314
0.25,0.3,"D2_varyA1Rho",0.2,0.4,0.4,0.3,0.375,0.125,0,0,0,1,0.15,0.05,0.2,0.75,0.12,0.25,0.423564503365257,0.0348375438710318,1,0.403975321858592,0.03496688473457,1,0.0949932495673848,0.0351766204565804,0.781,0.448717188204509,0.0393288893374093,0.999,-0.0597065446650637,0.0359034021447352,0.379,0.430523558206514,0.039061244803892,0.999,0.0979198920802766,0.0353333081832523,0.801,-0.0646807713602592,0.0356554881305389,0.455,0.0373353986687318,0.0377788549683784,0.0400040143238124,0.0430120384537099,0.036183759942295,0.0429304605842967,0.0402138982931832,0.0358055681056091,0.123564503365257,0.103975321858592,0.148717188204509,0.130523558206514,"sim","HC1","t",3,1000,1000,314
0.25,0.3,"D2_varyA1Rho",0.2,0.6,0.6,0.3,0.25,0.0833333333333333,0,0,0,1,0.15,0.05,0.2,0.75,0.18,0.25,0.480867462190235,0.033177847371189,1,0.472321431923912,0.0338000623990646,1,0.0423377448406266,0.032741169182518,0.271,0.58550081069896,0.0441405420446333,1,-0.171551082353129,0.0410067097332143,0.973,0.577176499823203,0.0447895455256429,1,0.0350755602821286,0.0324614624913434,0.206,-0.169480596397031,0.0409790358808875,0.974,0.0349499251277855,0.0353545646200146,0.034442631500785,0.0473929532966105,0.0411903966073079,0.04760776012559,0.0339091490752066,0.0410697917060096,0.180867462190235,0.172321431923912,0.28550081069896,0.277176499823203,"sim","HC1","t",3,1000,1000,314
0.25,0.3,"D2_varyA1Rho",0.4,0.4,0.4,0.3,0.75,0.25,0,0,0,1,0.3,0.1,0.4,0.75,0.12,0.25,0.422143502106482,0.0342865303821902,1,0.334939478608373,0.0349564487706238,1,0.212999631309297,0.0375283962594826,0.996,0.447548005872745,0.038903229164542,1,-0.0604539634149312,0.0358299752054276,0.416,0.365924316299801,0.0377424443765461,1,0.22160856518075,0.0379832803841806,0.996,-0.0831517481874853,0.0348472774491811,0.678,0.0376805353263011,0.0366626384064361,0.0398414075196595,0.0437472936101562,0.0368221117005984,0.0404014596584669,0.0407132916529664,0.035839812305231,0.122143502106482,0.0349394786083734,0.147548005872745,0.0659243162998006,"sim","HC1","t",3,1000,1000,314
0.25,0.3,"D2_varyA1Rho",0.4,0.6,0.6,0.3,0.5,0.166666666666667,0,0,0,1,0.3,0.1,0.4,0.75,0.18,0.25,0.480202251541786,0.0331783529802899,1,0.441222198429431,0.0361160593116944,1,0.096739683811738,0.0369645851948524,0.748,0.585313651546132,0.0438971856346035,1,-0.172341603670412,0.0413701475395108,0.967,0.546884254383431,0.0470246803960514,1,0.0811876157373011,0.0367338442842179,0.616,-0.162847782327962,0.0412196013229447,0.958,0.0341995760265062,0.0374225027877729,0.040456774623897,0.0477096137966681,0.0436150819768044,0.0505732135921103,0.0397710132499078,0.0430562380572907,0.180202251541786,0.141222198429431,0.285313651546132,0.246884254383431,"sim","HC1","t",3,1000,1000,314
0.25,0.3,"D2_varyA1Rho",0.6,0.6,0.6,0.3,0.75,0.25,0,0,0,1,0.45,0.15,0.6,0.75,0.18,0.25,0.481997475249999,0.0335248153327025,1,0.369007186173156,0.0415932416333436,1,0.18727271695886,0.0435006574567755,0.966,0.58554003815205,0.0448057120818531,1,-0.170602816582451,0.0418630561370613,0.965,0.471725150228714,0.0528974290853246,1,0.16101595544024,0.0440231417638176,0.932,-0.142834329857852,0.0411853802882489,0.928,0.0351437789794243,0.0429395130947022,0.0474367130089176,0.0483623584685441,0.0428584236301238,0.0559564325077045,0.048333034006259,0.0419833124601956,0.181997475249999,0.0690071861731564,0.28554003815205,0.171725150228714,"sim","HC1","t",3,1000,1000,314
0.3,0.3,"D2_varyA1Rho",0.2,0.2,0.2,0.3,0.7,0.3,0,0,0,1,0.14,0.06,0.2,0.7,0.06,0.3,0.36276655302702,0.033152013697516,1,0.318781384098446,0.0323355334873371,0.999,0.209514789980748,0.035088607218374,0.997,0.365648024113002,0.0339637075550507,1,-0.013658342152237,0.0329210143826617,0.0820000000000001,0.330217123718408,0.0327583988434062,0.999,0.230490730525034,0.037061421407009,0.997,-0.0757359350403656,0.033669289162369,0.612,0.0342805532270041,0.0334389888108679,0.0384996156140673,0.0352036747381795,0.0342020247617205,0.0337830193493192,0.0416304496972885,0.0358489089988425,0.0627665530270204,0.0187813840984464,0.0656480241130024,0.0302171237184083,"sim","HC1","t",3,1000,1000,314
0.3,0.3,"D2_varyA1Rho",0.2,0.4,0.4,0.3,0.35,0.15,0,0,0,1,0.14,0.06,0.2,0.7,0.12,0.3,0.426407577371752,0.034678041667854,1,0.408746313297062,0.034876487808272,1,0.0864670854711818,0.03442907472843,0.707,0.451774766493777,0.0390578067092439,1,-0.0603311385630301,0.0358598467883395,0.398,0.436048845214417,0.038832116346645,1,0.091294876340365,0.0347124565911633,0.746,-0.0676014278529612,0.0357165448922434,0.474,0.0372035390512492,0.037407928019508,0.0364964130113072,0.0436399764425979,0.0363311794697006,0.0432762020739331,0.0367177727841218,0.0358757800415791,0.126407577371752,0.108746313297062,0.151774766493777,0.136048845214417,"sim","HC1","t",3,1000,1000,314
0.3,0.3,"D2_varyA1Rho",0.2,0.6,0.6,0.3,0.233333333333333,0.1,0,0,0,1,0.14,0.06,0.2,0.7,0.18,0.3,0.48239018355456,0.0330464988504974,1,0.475034789121916,0.0337826375546618,1,0.0366381595031168,0.0332931809470978,0.201,0.586738551457851,0.0440242456231041,1,-0.171449235002015,0.0412465614960183,0.967,0.579550607854379,0.044721367935409,1,0.0328481197028887,0.0330202458583382,0.181,-0.170451721650459,0.0411725810394319,0.965,0.0338539882045423,0.0344144790583338,0.0345669405574074,0.048036700702483,0.0420726555593391,0.0484816795063031,0.0341938841309068,0.0419352983745155,0.18239018355456,0.175034789121916,0.286738551457851,0.279550607854379,"sim","HC1","t",3,1000,1000,314
0.3,0.3,"D2_varyA1Rho",0.4,0.4,0.4,0.3,0.7,0.3,0,0,0,1,0.28,0.12,0.4,0.7,0.12,0.3,0.42615184910592,0.034414334748463,1,0.344116419355672,0.0354756097271722,0.999,0.197683759462873,0.0377706587695675,0.987,0.45141788467906,0.0389049804663189,1,-0.0593219852073321,0.0358387233128424,0.421,0.377050744471743,0.0380385783418153,0.999,0.213285654780179,0.0387369136552116,0.991,-0.0940043805613963,0.0352621938248378,0.761,0.0372385834039532,0.037080489597856,0.0400446733225406,0.0438793900082767,0.0382125478182414,0.0409513490334743,0.0415678097664825,0.0371090264558694,0.12615184910592,0.0441164193556716,0.15141788467906,0.077050744471743,"sim","HC1","t",3,1000,1000,314
0.3,0.3,"D2_varyA1Rho",0.4,0.6,0.6,0.3,0.466666666666667,0.2,0,0,0,1,0.28,0.12,0.4,0.7,0.18,0.3,0.480483040571181,0.0330078380610892,1,0.446736277743443,0.0358982895183042,1,0.083953449437404,0.0359699576131059,0.641,0.584172933636333,0.0437967951214855,1,-0.170473778615428,0.0411196614836568,0.969,0.551067515292066,0.0464606642423722,1,0.0750946803240167,0.0357936509081142,0.564,-0.165638428152862,0.0407833948351364,0.967,0.034905598310579,0.0388259520900015,0.0390639516261086,0.0460474153517461,0.0414852894358072,0.0492354332716058,0.0386748207350522,0.0408265446448002,0.180483040571181,0.146736277743443,0.284172933636334,0.251067515292066,"sim","HC1","t",3,1000,1000,314
0.3,0.3,"D2_varyA1Rho",0.6,0.6,0.6,0.3,0.7,0.3,0,0,0,1,0.42,0.18,0.6,0.7,0.18,0.3,0.482942568112429,0.0332312308631813,1,0.385402848776577,0.0411557886810788,0.999,0.160722473361868,0.0426919721791673,0.943,0.588057056365497,0.0438584751075926,1,-0.172247630885145,0.0412448673735977,0.974,0.492059127878883,0.0509985762955387,1,0.143716968356629,0.0426741516014645,0.898,-0.157675897724901,0.0404125748294156,0.964,0.0342538059665711,0.0443652070456731,0.0470800046717711,0.0479010653802564,0.0434858050945472,0.0567399246553617,0.0468725871627755,0.0422276944098314,0.182942568112429,0.0854028487765766,0.288057056365497,0.192059127878883,"sim","HC1","t",3,1000,1000,314
0.35,0.3,"D2_varyA1Rho",0.2,0.2,0.2,0.3,0.65,0.35,0,0,0,1,0.13,0.07,0.2,0.65,0.06,0.35,0.363896618836317,0.0336263294014765,1,0.323412342891736,0.0330348598978205,1,0.193007381201982,0.0355444018132898,0.983,0.366754628684498,0.0344054364971015,1,-0.0126537471310036,0.0329875860452099,0.071,0.335410196282775,0.0333807235482768,1,0.220827472596982,0.0385621864286383,0.983,-0.0840298960687154,0.0346848496215779,0.694,0.036153660607809,0.0352366578511913,0.0379929710280979,0.0374804478007395,0.0337160865021975,0.0359120575626034,0.0426791846433012,0.0367483224524193,0.0638966188363166,0.0234123428917357,0.0667546286844979,0.0354101962827749,"sim","HC1","t",3,1000,1000,314
0.35,0.3,"D2_varyA1Rho",0.2,0.4,0.4,0.3,0.325,0.175,0,0,0,1,0.13,0.07,0.2,0.65,0.12,0.35,0.424261609861186,0.0343548460780521,1,0.407801591136972,0.0345326211324452,1,0.0803830997961198,0.0340871419249142,0.67,0.449230726854778,0.0388212314387891,0.999,-0.0589455216846044,0.0356348585550402,0.384,0.43531164932423,0.0385750646376197,0.999,0.0872616362241155,0.0344710959428913,0.727,-0.0686600511776094,0.0355751466248891,0.485,0.0378023249579601,0.0378286859885106,0.037587365868122,0.0441831187622971,0.0375391465957522,0.0436157590388214,0.0381598713528662,0.0372395678992435,0.124261609861186,0.107801591136972,0.149230726854778,0.135311649324231,"sim","HC1","t",3,1000,1000,314
0.35,0.3,"D2_varyA1Rho",0.2,0.6,0.6,0.3,0.216666666666667,0.116666666666667,0,0,0,1,0.13,0.07,0.2,0.65,0.18,0.35,0.483056029715975,0.0335843454613023,1,0.477041994431045,0.0342574436079099,1,0.0299230185428206,0.0330306272402531,0.157,0.587211255906179,0.0446045841056963,1,-0.170980676610538,0.0417854028617665,0.951,0.581269694934579,0.0451391530988848,1,0.0291197630909629,0.0327883918661078,0.154,-0.170841016762607,0.0417038095620441,0.956,0.0349543300951865,0.0355168652092135,0.0346085449269717,0.0478185596818787,0.0438169670339288,0.0481497020375509,0.034308428810642,0.0436410641176695,0.183056029715976,0.177041994431045,0.287211255906179,0.281269694934579,"sim","HC1","t",3,1000,1000,314
0.35,0.3,"D2_varyA1Rho",0.4,0.4,0.4,0.3,0.65,0.35,0,0,0,1,0.26,0.14,0.4,0.65,0.12,0.35,0.42548142336301,0.0340920197612722,1,0.351926531032934,0.0353505932989528,0.999,0.176935104402119,0.0372852032908936,0.98,0.451226388626836,0.0384350346187406,1,-0.0610035495630134,0.0356065739430775,0.419,0.385964895152811,0.0377353525412961,0.999,0.200468798634336,0.0390605291909076,0.986,-0.104940292342305,0.0356929109631988,0.82,0.03510504368141,0.0352550169155829,0.0395745197290721,0.0408685143167532,0.0372021167693039,0.0386057847428684,0.0419451042143973,0.0375036060420062,0.12548142336301,0.0519265310329335,0.151226388626836,0.0859648951528109,"sim","HC1","t",3,1000,1000,314
0.35,0.3,"D2_varyA1Rho",0.4,0.6,0.6,0.3,0.433333333333333,0.233333333333333,0,0,0,1,0.26,0.14,0.4,0.65,0.18,0.35,0.482445812087243,0.0329478789203876,1,0.453247197928503,0.0359433686422588,1,0.0723683999866054,0.0361797743768656,0.547,0.58791784628811,0.043588852643003,1,-0.172399851902962,0.0412432902436474,0.97,0.559049886847283,0.0459473980065453,1,0.0701000195557389,0.0360704892650694,0.512,-0.171454580158528,0.0408463082888958,0.976,0.0353625254419741,0.0380173920572809,0.037767763997658,0.0479118832136866,0.0425468495096833,0.0501858800904845,0.0376518534392379,0.041925377159458,0.182445812087243,0.153247197928503,0.28791784628811,0.259049886847283,"sim","HC1","t",3,1000,1000,314
0.35,0.3,"D2_varyA1Rho",0.6,0.6,0.6,0.3,0.65,0.35,0,0,0,1,0.39,0.21,0.6,0.65,0.18,0.35,0.482332900745817,0.0329867043943113,1,0.398111342292654,0.0414107101288257,0.999,0.140029627533209,0.0430872480326403,0.888,0.586148724174125,0.0439305625946651,1,-0.170652081446586,0.0411657971625734,0.968,0.50283839019072,0.0503584790987682,1,0.136436730686944,0.0432430245291133,0.87,-0.16855116837468,0.0400807382971067,0.98,0.0345763291429632,0.0431493656616023,0.0476985643517585,0.0489218373784226,0.042345751154809,0.0555163785748216,0.0486845155529248,0.0409401548033793,0.182332900745817,0.0981113422926543,0.286148724174125,0.20283839019072,"sim","HC1","t",3,1000,1000,314
0.4,0.3,"D2_varyA1Rho",0.2,0.2,0.2,0.3,0.6,0.4,0,0,0,1,0.12,0.08,0.2,0.6,0.06,0.4,0.36097101548622,0.0336284667911219,1,0.323404901435544,0.0329873873416099,1,0.178689031137659,0.0354507600994903,0.986,0.36407679897238,0.0343401942146082,1,-0.01431986233209,0.0334399924578767,0.074,0.335599673830684,0.0333168342693908,1,0.215346180911635,0.0396751848229297,0.99,-0.09497665486569,0.0360742189735438,0.753,0.0347306614104396,0.0334654700402541,0.0370224487811668,0.035495702465778,0.0342796045468453,0.0339384635172527,0.0425807498333411,0.0375246983899365,0.0609710154862204,0.0234049014355437,0.0640767989723804,0.0355996738306839,"sim","HC1","t",3,1000,1000,314
0.4,0.3,"D2_varyA1Rho",0.2,0.4,0.4,0.3,0.3,0.2,0,0,0,1,0.12,0.08,0.2,0.6,0.12,0.4,0.425472064776918,0.0342024955153703,1,0.410790110361819,0.0345943545403919,1,0.0706837197511232,0.0340171637956037,0.568,0.45176698665586,0.0385396732834431,1,-0.0618454279027377,0.0355074930689106,0.442,0.439744503833912,0.0383982966854935,1,0.0801102395992413,0.0346825784221951,0.642,-0.0731906717518812,0.0357120919546129,0.552,0.0372378700894899,0.0376550908778137,0.0359940704812082,0.0430071288104268,0.0378162933313121,0.0426469782413203,0.0371244061071538,0.0381660081781906,0.125472064776918,0.110790110361819,0.15176698665586,0.139744503833912,"sim","HC1","t",3,1000,1000,314
0.4,0.3,"D2_varyA1Rho",0.2,0.6,0.6,0.3,0.2,0.133333333333333,0,0,0,1,0.12,0.08,0.2,0.6,0.18,0.4,0.48294211601166,0.032769603781952,1,0.478046344667644,0.033417212808087,1,0.0244338726013887,0.0326694258244887,0.119,0.586964432498363,0.0435078515270211,1,-0.17109520143234,0.0410889155917087,0.971,0.58196145671652,0.0439584441274286,1,0.0267013589315103,0.0324462391966419,0.14,-0.171664682408535,0.0410287097950635,0.972,0.0347836270127741,0.0358538112381069,0.0348174194029464,0.0466179997522335,0.0401123593174329,0.0473799623318905,0.0347198485957663,0.0399546295690002,0.18294211601166,0.178046344667644,0.286964432498363,0.28196145671652,"sim","HC1","t",3,1000,1000,314
0.4,0.3,"D2_varyA1Rho",0.4,0.4,0.4,0.3,0.6,0.4,0,0,0,1,0.24,0.16,0.4,0.6,0.12,0.4,0.42591365849734,0.035134643373894,1,0.359470656111387,0.0365626896564185,1,0.161335789910361,0.0377421699568671,0.97,0.45143281992393,0.0396193511356183,1,-0.0603225490424853,0.0358798224879323,0.41,0.393592951755373,0.0388505259670702,1,0.194398554015411,0.0406017760404475,0.982,-0.114865972847451,0.036785515724891,0.869,0.0393059378754067,0.0402993984111092,0.0407625326907881,0.0456036085956636,0.0375075720292477,0.044068809101557,0.0439142341476397,0.0375016590999726,0.12591365849734,0.0594706561113874,0.15143281992393,0.0935929517553725,"sim","HC1","t",3,1000,1000,314
0.4,0.3,"D2_varyA1Rho",0.4,0.6,0.6,0.3,0.4,0.266666666666667,0,0,0,1,0.24,0.16,0.4,0.6,0.18,0.4,0.481855092372037,0.0330304470024882,1,0.45832272513719,0.0361174161107693,1,0.0587399711279551,0.0360341052301375,0.398,0.585404092888882,0.0441923243650048,1,-0.170058001170552,0.0414811000045923,0.963,0.561438768817111,0.0462919618380253,1,0.0637071469919549,0.0360853779340497,0.452,-0.172688660296132,0.0410435490632235,0.972,0.0362420294766114,0.039159410603432,0.0377845589772596,0.0507225243140031,0.0434689232917558,0.0522829807436684,0.0385610834742698,0.0427505812062012,0.181855092372037,0.158322725137191,0.285404092888882,0.261438768817111,"sim","HC1","t",3,1000,1000,314
0.4,0.3,"D2_varyA1Rho",0.6,0.6,0.6,0.3,0.6,0.4,0,0,0,1,0.36,0.24,0.6,0.6,0.18,0.4,0.479996121835258,0.0334013771303165,0.998,0.409945796631266,0.0411787492711804,0.999,0.11660271045668,0.0415827942126041,0.804,0.586064687457748,0.0444664405954728,0.999,-0.174364176844027,0.0417110318201576,0.966,0.5143695959572,0.0495164314993774,1,0.127050463099292,0.0421820874880478,0.837,-0.182115332311889,0.0405765232547822,0.985,0.0348936863699093,0.0425263765283939,0.0438783630288436,0.0488704715907503,0.0436362380732702,0.0536020054886234,0.0456369681352064,0.0418711710439925,0.179996121835258,0.109945796631266,0.286064687457748,0.2143695959572,"sim","HC1","t",3,1000,1000,314
0.45,0.3,"D2_varyA1Rho",0.2,0.2,0.2,0.3,0.55,0.45,0,0,0,1,0.11,0.09,0.2,0.55,0.06,0.45,0.36329163670868,0.0331318938983984,0.997,0.329326149106999,0.0327351946805567,0.997,0.161514962052879,0.035139200810703,0.981,0.365863611282832,0.0340004180091234,0.997,-0.0122196570502586,0.0333486040882995,0.072,0.341080867397197,0.0331196428996054,0.997,0.204936423722971,0.0407783205209118,0.983,-0.099261981545084,0.0371524047868098,0.774,0.0363507931180181,0.0358239089496764,0.037598156467469,0.037459498414008,0.0348431860212822,0.0363572708822158,0.0433499386798567,0.037904116818185,0.0632916367086797,0.029326149106999,0.0658636112828316,0.0410808673971965,"sim","HC1","t",3,1000,1000,314
0.45,0.3,"D2_varyA1Rho",0.2,0.4,0.4,0.3,0.275,0.225,0,0,0,1,0.11,0.09,0.2,0.55,0.12,0.45,0.424660288727987,0.0348438473592124,1,0.411372862085184,0.0351150323832546,1,0.0648458038007231,0.033990015271577,0.501,0.448901280562424,0.0392916703345371,1,-0.0574551749315266,0.0357369048844028,0.381,0.438561995651373,0.0390620671946012,1,0.0759053376405047,0.0347346247129643,0.601,-0.0704000128677334,0.0360279945236798,0.489,0.0373640185693448,0.0374133369952635,0.0352972588875252,0.0423146573679987,0.0374895627028085,0.041843080353979,0.0366256676435118,0.0379204379441508,0.124660288727987,0.111372862085184,0.148901280562424,0.138561995651373,"sim","HC1","t",3,1000,1000,314
0.45,0.3,"D2_varyA1Rho",0.2,0.6,0.6,0.3,0.183333333333333,0.15,0,0,0,1,0.11,0.09,0.2,0.55,0.18,0.45,0.482764917259882,0.033058849524765,1,0.478875798090667,0.0337109992479284,1,0.0197849668798903,0.0325233168025732,0.0979999999999998,0.58614920062629,0.0442740009643695,1,-0.170308425845206,0.0410937830777452,0.964,0.581858361308512,0.0446500718508489,1,0.0251535468341652,0.0323303147500489,0.133,-0.171434289453638,0.041022602153987,0.966,0.0336294102440457,0.0343617271788717,0.0338125944228889,0.0484136878890705,0.0420104786980106,0.0486355954438123,0.0335589913394417,0.0419710782745952,0.182764917259882,0.178875798090667,0.28614920062629,0.281858361308512,"sim","HC1","t",3,1000,1000,314
0.45,0.3,"D2_varyA1Rho",0.4,0.4,0.4,0.3,0.55,0.45,0,0,0,1,0.22,0.18,0.4,0.55,0.12,0.45,0.422564792566954,0.0344568571547619,0.999,0.364556770400332,0.036014737549368,0.999,0.141621922789307,0.0370988997507136,0.951,0.447648264615699,0.0389421670778084,0.999,-0.0595533667438555,0.0357167011298277,0.392,0.397665028456649,0.0381950723797159,0.999,0.184926440785511,0.0412263417476046,0.975,-0.122784828163694,0.0376198089378146,0.888,0.0379046888764634,0.0390542860566586,0.0398987481806645,0.0436844979716792,0.0365904298635928,0.0422711687596168,0.0450634606421314,0.0379504796978084,0.122564792566954,0.0645567704003318,0.147648264615699,0.0976650284566494,"sim","HC1","t",3,1000,1000,314
0.45,0.3,"D2_varyA1Rho",0.4,0.6,0.6,0.3,0.366666666666667,0.3,0,0,0,1,0.22,0.18,0.4,0.55,0.18,0.45,0.482986464684691,0.0330071660899126,1,0.464493531875576,0.0359727670920946,1,0.0462790769846584,0.0360218003363673,0.273,0.587786063030593,0.0435465374182666,1,-0.171798326396847,0.0411383527443957,0.967,0.5673946938284,0.0452287654949171,1,0.058928887474652,0.0362424384029008,0.388,-0.177200630958678,0.0408295581747183,0.98,0.0351470581790383,0.0380887463323172,0.039385132780411,0.0474563690392555,0.0447039793886335,0.0489972860674568,0.0400898254618036,0.0440907760381451,0.182986464684691,0.164493531875576,0.287786063030593,0.2673946938284,"sim","HC1","t",3,1000,1000,314
0.45,0.3,"D2_varyA1Rho",0.6,0.6,0.6,0.3,0.55,0.45,0,0,0,1,0.33,0.27,0.6,0.55,0.18,0.45,0.478658798544181,0.0334782547746812,0.999,0.42297405527869,0.0418193870915139,0.999,0.092484454460819,0.0415147264055754,0.602,0.58385660274734,0.0443692223379346,1,-0.172503358516263,0.0413130166422599,0.972,0.52199105421163,0.049241878596619,0.999,0.118898241362882,0.0426693631158889,0.786,-0.188885119794042,0.0406158333743418,0.991,0.0350087314667456,0.0433760059690733,0.0436917079572389,0.0483028198096152,0.0426748403819139,0.0531258713044791,0.0452870993339438,0.040816140501022,0.178658798544181,0.12297405527869,0.283856602747341,0.22199105421163,"sim","HC1","t",3,1000,1000,314
0.5,0.3,"D2_varyA1Rho",0.2,0.2,0.2,0.3,0.5,0.5,0,0,0,1,0.1,0.1,0.2,0.5,0.06,0.5,0.363222468096876,0.0328985651003868,0.999,0.332430744703603,0.0326142184153894,0.999,0.146418694559883,0.0345812557065917,0.972,0.366869599068086,0.0336475517638527,1,-0.0163738397421734,0.0329861272916457,0.0829999999999999,0.344616659009565,0.0328663979714719,1,0.20291629040352,0.041696168487873,0.979,-0.113523696777612,0.0382139827733472,0.833,0.0343059503776187,0.0338154098177451,0.0369705705856013,0.0354912380125812,0.0343284923564,0.034394384918474,0.0463651921686098,0.040842143566435,0.0632224680968764,0.0324307447036025,0.0668695990680863,0.0446166590095649,"sim","HC1","t",3,1000,1000,314
0.5,0.3,"D2_varyA1Rho",0.2,0.4,0.4,0.3,0.25,0.25,0,0,0,1,0.1,0.1,0.2,0.5,0.12,0.5,0.423320049527278,0.0346200785532851,1,0.412196677440637,0.034947727436313,1,0.0543361540388178,0.0331603852907952,0.373,0.447459154776574,0.0390941935023375,1,-0.057438297704241,0.0359002630025468,0.395,0.439134474250137,0.0388882832807697,1,0.0674722398065435,0.0340726509891124,0.524,-0.070984571150432,0.0363842609941695,0.517,0.0354894502134738,0.0360294347463848,0.0360846253463228,0.0411106374333222,0.037306081805595,0.04089168576555,0.0375533255241473,0.0381597374338776,0.123320049527278,0.112196677440637,0.147459154776574,0.139134474250137,"sim","HC1","t",3,1000,1000,314
0.5,0.3,"D2_varyA1Rho",0.2,0.6,0.6,0.3,0.166666666666667,0.166666666666667,0,0,0,1,0.1,0.1,0.2,0.5,0.18,0.5,0.480456758393732,0.0330001291517651,1,0.477820977389427,0.0337111649167894,1,0.0133236568450717,0.03269087980124,0.069,0.585814399567513,0.0438923813715609,1,-0.172880004369922,0.0410458382941342,0.974,0.582379563051674,0.0442042046120217,1,0.0222789386240395,0.0325474911358583,0.111,-0.174579612528824,0.0410218938426108,0.978,0.0338757665905163,0.0349155753532547,0.0345535405894922,0.0470212117028202,0.0402592260226895,0.0473801886007699,0.0345760995179392,0.0401188531820406,0.180456758393732,0.177820977389427,0.285814399567513,0.282379563051674,"sim","HC1","t",3,1000,1000,314
0.5,0.3,"D2_varyA1Rho",0.4,0.4,0.4,0.3,0.5,0.5,0,0,0,1,0.2,0.2,0.4,0.5,0.12,0.5,0.424425299156006,0.0345482421631682,1,0.373955097135322,0.0363471814315305,1,0.122728653367626,0.0369607410529232,0.888,0.449964442954473,0.0390611737021892,1,-0.061001478937749,0.0356921122511043,0.415000000000001,0.405860032721135,0.0384554336329351,1,0.177040986678431,0.0423299917867065,0.964,-0.131633300392147,0.038770553781268,0.909,0.0367623196753685,0.0377027383556665,0.0390523234797032,0.042457081999166,0.0364935737272753,0.0404534849647981,0.0463442499220651,0.0402889763950789,0.124425299156006,0.0739550971353219,0.149964442954473,0.105860032721135,"sim","HC1","t",3,1000,1000,314
0.5,0.3,"D2_varyA1Rho",0.4,0.6,0.6,0.3,0.333333333333333,0.333333333333333,0,0,0,1,0.2,0.2,0.4,0.5,0.18,0.5,0.481115526860301,0.0331228689543084,1,0.468062459679823,0.0362009916179148,0.999,0.0326734581389534,0.0353426984712407,0.166,0.584535542775974,0.044427489638055,0.999,-0.16958616643994,0.041513913487748,0.968,0.567928741898108,0.0458009144673116,0.999,0.0527282983470755,0.0358262372242651,0.322,-0.177205968365236,0.041409137440093,0.979,0.0353644162634465,0.038790150309285,0.0373788257522814,0.0488000975456044,0.0432384839112787,0.0503078001419207,0.0382681885260629,0.043156406422849,0.181115526860301,0.168062459679823,0.284535542775974,0.267928741898108,"sim","HC1","t",3,1000,1000,314
0.5,0.3,"D2_varyA1Rho",0.6,0.6,0.6,0.3,0.5,0.5,0,0,0,1,0.3,0.3,0.6,0.5,0.18,0.5,0.480534214802085,0.0332553784237411,1,0.440745098572731,0.0413729725536867,0.998,0.0665889421421403,0.0407273148292384,0.368,0.584829507186603,0.0442945096970362,0.998,-0.17127771320481,0.0412954284299358,0.958,0.533388320544595,0.0482474811994545,0.998,0.109298402688182,0.0429612094770891,0.714,-0.195066639847614,0.041169703234982,0.988,0.0336753272814828,0.0434073770886358,0.042744135971572,0.0489422428004791,0.0459245957438526,0.0532276361559585,0.0456875601152529,0.0446395786278732,0.180534214802085,0.140745098572731,0.284829507186603,0.233388320544595,"sim","HC1","t",3,1000,1000,314
0.55,0.3,"D2_varyA1Rho",0.2,0.2,0.2,0.3,0.45,0.55,0,0,0,1,0.09,0.11,0.2,0.45,0.06,0.55,0.363668959903088,0.0334577287176639,1,0.336094789973532,0.0333596383559903,0.999,0.130636103943082,0.0345002664626666,0.953,0.366523092143314,0.0343694445306516,1,-0.0129812511701176,0.0331548052895795,0.068,0.347194224779708,0.0336878351406836,1,0.194966261140771,0.0436261527404313,0.97,-0.116420082374376,0.0403201519778555,0.811,0.03501979970058,0.034452856403163,0.0373869660261955,0.0364026421408923,0.0347358848451183,0.0351738965756319,0.0484896095443592,0.0431872044273848,0.0636689599030875,0.0360947899735324,0.0665230921433136,0.0471942247797082,"sim","HC1","t",3,1000,1000,314
0.55,0.3,"D2_varyA1Rho",0.2,0.4,0.4,0.3,0.225,0.275,0,0,0,1,0.09,0.11,0.2,0.45,0.12,0.55,0.423468859119181,0.0344601107483778,1,0.414010905178432,0.034951222865978,1,0.0457146885330575,0.0334719985773001,0.285,0.448758004982394,0.0390009854147087,1,-0.0598822775408693,0.0356494120744189,0.413,0.441838158238347,0.0388976195190114,1,0.0613138191405372,0.0345563464572649,0.42,-0.0739970607470799,0.0363428113423046,0.534,0.0365814398840726,0.0371550331079942,0.0340918246499768,0.0422842198391818,0.0369613209154706,0.0420717324306379,0.0356022471832252,0.0376770791019259,0.123468859119181,0.114010905178432,0.148758004982394,0.141838158238347,"sim","HC1","t",3,1000,1000,314
0.55,0.3,"D2_varyA1Rho",0.2,0.6,0.6,0.3,0.15,0.183333333333333,0,0,0,1,0.09,0.11,0.2,0.45,0.18,0.55,0.481397369078967,0.0327647609689765,1,0.479345296478986,0.0334145724928515,1,0.0104544356959645,0.032239656290844,0.077,0.586184795099826,0.0435540802486424,1,-0.171771899264566,0.0410036585578558,0.972,0.583088205788935,0.0437822138872238,1,0.0220736444965159,0.0322170518704886,0.129,-0.17392867251445,0.0410545544953996,0.974,0.0341499247750827,0.0347370420217377,0.03427086031702,0.047095087660976,0.0412678937845722,0.0473313993264414,0.03420057038405,0.0411477953527092,0.181397369078967,0.179345296478986,0.286184795099826,0.283088205788935,"sim","HC1","t",3,1000,1000,314
0.55,0.3,"D2_varyA1Rho",0.4,0.4,0.4,0.3,0.45,0.55,0,0,0,1,0.18,0.22,0.4,0.45,0.12,0.55,0.423036451036664,0.0343753838430498,0.999,0.380204628330147,0.0362143684470942,0.999,0.105528226374418,0.0362781591579746,0.84,0.448656276577273,0.0390083933505478,0.999,-0.0613779448352329,0.0357270684453986,0.406,0.410539516738555,0.038310540512334,0.999,0.17367983932422,0.0429992793647588,0.963,-0.141797460936279,0.0402107740911674,0.933,0.0363787599593237,0.0383404740837852,0.0371647156233167,0.0417014252261983,0.0357496643694866,0.040464322586022,0.0462883133030263,0.0409634421946522,0.123036451036664,0.0802046283301473,0.148656276577273,0.110539516738555,"sim","HC1","t",3,1000,1000,314
0.55,0.3,"D2_varyA1Rho",0.4,0.6,0.6,0.3,0.3,0.366666666666667,0,0,0,1,0.18,0.22,0.4,0.45,0.18,0.55,0.481971266331125,0.0330083518677322,1,0.47265507936354,0.0361540312306497,1,0.0233522359093111,0.0349368106794551,0.112,0.586749242993653,0.0441071645311023,1,-0.172305980900456,0.0412288928728104,0.971,0.572114091414175,0.0452730093957503,1,0.0515464536759003,0.0356170287264385,0.323,-0.182381346973768,0.0413565445885787,0.987,0.0351738825014506,0.0384817210820417,0.0362424050272546,0.0489889779934907,0.0427691954998575,0.0501311747300819,0.0371271502030829,0.0424295796777381,0.181971266331125,0.17265507936354,0.286749242993653,0.272114091414175,"sim","HC1","t",3,1000,1000,314
0.55,0.3,"D2_varyA1Rho",0.6,0.6,0.6,0.3,0.45,0.55,0,0,0,1,0.27,0.33,0.6,0.45,0.18,0.55,0.480288310061454,0.0331191673899492,1,0.45691884926064,0.0417852805130549,1,0.0395660213457651,0.0412296412539371,0.172,0.585102034822978,0.0442879209839182,1,-0.17214222308414,0.0412784417474472,0.971,0.542147678622963,0.0478857744448603,1,0.101714467488622,0.0443413710990083,0.632,-0.202231626694464,0.0420793819767141,0.993,0.0352642855465331,0.0450301984757454,0.0438983218995634,0.0496953661409659,0.0424426600184956,0.053313556418106,0.0481497285268917,0.0425554529478092,0.180288310061454,0.15691884926064,0.285102034822978,0.242147678622963,"sim","HC1","t",3,1000,1000,314
0.6,0.3,"D2_varyA1Rho",0.2,0.2,0.2,0.3,0.4,0.6,0,0,0,1,0.08,0.12,0.2,0.4,0.06,0.6,0.363662675094804,0.0330914174471038,1,0.339761633164673,0.0330383570682035,1,0.113628104343233,0.0342196399020326,0.891,0.366595623377275,0.0338470941882702,1,-0.0135121710683251,0.0332799738952775,0.066,0.350162360609955,0.0332548825058324,1,0.187982269392764,0.0452800864890623,0.958,-0.123172116782817,0.042397907364261,0.808,0.0345810540732394,0.0343548569163873,0.0364251097448474,0.0354783874764432,0.0343310365939707,0.0348442113349567,0.0504950662747975,0.0451078046017008,0.0636626750948044,0.0397616331646731,0.0665956233772746,0.0501623606099545,"sim","HC1","t",3,1000,1000,314
0.6,0.3,"D2_varyA1Rho",0.2,0.4,0.4,0.3,0.2,0.3,0,0,0,1,0.08,0.12,0.2,0.4,0.12,0.6,0.423422346585766,0.0344938250742346,0.998,0.415188431615242,0.0350015935868941,0.998,0.040648974168743,0.0331710751216533,0.248,0.447897143168264,0.0389444627573316,0.999,-0.058081225602612,0.0356140938199097,0.381,0.44219243928344,0.0388460486413119,0.999,0.0582299895498287,0.0345229708607679,0.404,-0.0732057709917388,0.0366426218965959,0.516,0.0369394151430144,0.0372315704793873,0.0349172133389928,0.0435806978883446,0.0372060191169633,0.0431654600915278,0.03663562355142,0.038242542033436,0.123422346585766,0.115188431615242,0.147897143168264,0.14219243928344,"sim","HC1","t",3,1000,1000,314
0.6,0.3,"D2_varyA1Rho",0.2,0.6,0.6,0.3,0.133333333333333,0.2,0,0,0,1,0.08,0.12,0.2,0.4,0.18,0.6,0.482772549549363,0.0329826902023181,1,0.482344069085631,0.0337149130469621,1,0.00217213474596736,0.0325512129954056,0.066,0.587646903500129,0.0437462102487163,1,-0.172098782973368,0.0408264056731579,0.968,0.58548805298028,0.0439464153097177,1,0.0171350862839029,0.0324763646308444,0.109,-0.174251318319087,0.0409573218364334,0.974,0.0353913650477976,0.0365368088188636,0.0355412686322069,0.0485144996871082,0.0426351232637106,0.0487151010202628,0.0357989089403103,0.0427317155315372,0.182772549549363,0.182344069085631,0.287646903500129,0.28548805298028,"sim","HC1","t",3,1000,1000,314
0.6,0.3,"D2_varyA1Rho",0.4,0.4,0.4,0.3,0.4,0.6,0,0,0,1,0.16,0.24,0.4,0.4,0.12,0.6,0.425290151805065,0.0344663838220219,1,0.389804806639631,0.0366542072807438,1,0.086234573289821,0.0359166108932936,0.674,0.451010280553327,0.0388218301900729,1,-0.0610782833990926,0.0356332169380075,0.418,0.418111465188839,0.0383783149759467,1,0.165441822437316,0.0446151104779358,0.939,-0.146994661213301,0.0420437242745823,0.935,0.037272914037016,0.0398240960600861,0.0369034258262091,0.0426297063246048,0.0358178679206603,0.0420338426125485,0.0477057165166145,0.043051207701019,0.125290151805065,0.089804806639631,0.151010280553327,0.118111465188839,"sim","HC1","t",3,1000,1000,314
0.6,0.3,"D2_varyA1Rho",0.4,0.6,0.6,0.3,0.266666666666667,0.4,0,0,0,1,0.16,0.24,0.4,0.4,0.18,0.6,0.48151558404047,0.0330939718776486,1,0.477368343495951,0.0362341962211676,1,0.0106019134621094,0.0349039159154976,0.069,0.58557049901975,0.0439311930534289,1,-0.170760369594423,0.0409644991689108,0.975,0.573751334159068,0.0448567967513575,1,0.0466056677507758,0.0358022456882324,0.265,-0.182280303038419,0.0414849443325347,0.983,0.0335371446766017,0.037529168143129,0.0374578832304187,0.0469527478582233,0.0425224607947498,0.0480353264632875,0.0385689917930852,0.0428607648142475,0.18151558404047,0.177368343495951,0.28557049901975,0.273751334159068,"sim","HC1","t",3,1000,1000,314
0.6,0.3,"D2_varyA1Rho",0.6,0.6,0.6,0.3,0.4,0.6,0,0,0,1,0.24,0.36,0.6,0.4,0.18,0.6,0.482192553184466,0.0332017765233701,1,0.471693403344302,0.0416689757347016,1,0.0180669126306514,0.0402388408369185,0.084,0.58608639927634,0.0440883896615336,1,-0.170716316034377,0.0411299325707807,0.964,0.549395614582119,0.0468489495743021,1,0.0977862990432142,0.0447612180678604,0.59,-0.207328057037524,0.043540675124119,0.993,0.0358378999181735,0.0451487233599288,0.0428449082032529,0.0498119252542247,0.0422326672305574,0.0525745084682657,0.0494009725759089,0.0438129619032521,0.182192553184466,0.171693403344302,0.28608639927634,0.249395614582119,"sim","HC1","t",3,1000,1000,314
0.65,0.3,"D2_varyA1Rho",0.2,0.2,0.2,0.3,0.35,0.65,0,0,0,1,0.07,0.13,0.2,0.35,0.06,0.65,0.364658441632772,0.0334576927149223,0.999,0.344274076871554,0.0335112394222942,0.999,0.0970733534594356,0.0335095761999875,0.853,0.367760931010701,0.0342993921323605,0.999,-0.0140287040611078,0.032953679409499,0.06,0.35390662742709,0.0337385458917488,0.999,0.181557852258966,0.0466191446569284,0.954,-0.129275208269611,0.044098912585035,0.831,0.0363225630002634,0.0364273722608507,0.0324565265650081,0.0376773990630865,0.0324343970766588,0.0370218030999515,0.050016028192724,0.0460099932202668,0.0646584416327721,0.0442740768715544,0.0677609310107013,0.0539066274270898,"sim","HC1","t",3,1000,1000,314
0.65,0.3,"D2_varyA1Rho",0.2,0.4,0.4,0.3,0.175,0.325,0,0,0,1,0.07,0.13,0.2,0.35,0.12,0.65,0.423547581055384,0.0342671745327348,1,0.4177158955741,0.0347985419097231,1,0.029052682349869,0.0327285984044534,0.173,0.448568018411051,0.0387876512448568,1,-0.0592431375307839,0.035759896969918,0.393,0.444477998452979,0.0387081325133593,1,0.048765407280889,0.0342788416255491,0.294,-0.0734912565249463,0.0370404336240136,0.52,0.0348593332388411,0.0353209776828515,0.0344485118362481,0.0399196846339049,0.038340621139772,0.0398167683431385,0.0356487832373261,0.0392975606321402,0.123547581055384,0.1177158955741,0.148568018411051,0.144477998452979,"sim","HC1","t",3,1000,1000,314
0.65,0.3,"D2_varyA1Rho",0.2,0.6,0.6,0.3,0.116666666666667,0.216666666666667,0,0,0,1,0.07,0.13,0.2,0.35,0.18,0.65,0.481300004593183,0.0328486867615318,1,0.481565300379094,0.0335668804176414,1,-0.00119041063168891,0.0324531071672212,0.0539999999999999,0.583858825856026,0.0437377432369826,1,-0.168732887853182,0.0411014100636509,0.96,0.58200831000091,0.0438794031261507,1,0.0170065388391068,0.0325118686558118,0.094,-0.171323053320889,0.0413576856417877,0.962,0.0353734400692789,0.0358772162846154,0.0335554188082054,0.0491955910995369,0.0428782233500846,0.0491561027135609,0.0338407492583983,0.0432348707014126,0.181300004593183,0.181565300379094,0.283858825856026,0.28200831000091,"sim","HC1","t",3,1000,1000,314
0.65,0.3,"D2_varyA1Rho",0.4,0.4,0.4,0.3,0.35,0.65,0,0,0,1,0.14,0.26,0.4,0.35,0.12,0.65,0.42253900393901,0.0341102549467199,1,0.395071874344965,0.0364230946094085,1,0.0675421645428088,0.0354399184718055,0.505,0.447768491077488,0.0384984682616194,1,-0.060077674108003,0.0355114192701558,0.412,0.420201309280023,0.0380512187574158,1,0.158532002330629,0.0463827527847727,0.907,-0.152199820237079,0.0440882791182078,0.931,0.0354252346475233,0.0381594826064808,0.0373573751691923,0.0416494737184579,0.0367701747778574,0.0408579501913746,0.0508036731410905,0.0455636294977165,0.12253900393901,0.0950718743449652,0.147768491077488,0.120201309280023,"sim","HC1","t",3,1000,1000,314
0.65,0.3,"D2_varyA1Rho",0.4,0.6,0.6,0.3,0.233333333333333,0.433333333333333,0,0,0,1,0.14,0.26,0.4,0.35,0.18,0.65,0.481072685597898,0.0331222576565449,1,0.48282880504115,0.036457884861048,1,-0.00390149851081392,0.0347718447395252,0.0760000000000002,0.585087312911483,0.0441116539534491,1,-0.170894667493525,0.0413341371255102,0.971,0.576231852495256,0.0448639202733285,1,0.0403071240686535,0.0360191785478777,0.22,-0.183067374748167,0.0424510482956051,0.975,0.0340927039255169,0.0386931667036148,0.0376336865281414,0.0476577819801123,0.0418754089666174,0.0489858856941634,0.0392933883609079,0.0425407870021456,0.181072685597898,0.18282880504115,0.285087312911483,0.276231852495256,"sim","HC1","t",3,1000,1000,314
0.65,0.3,"D2_varyA1Rho",0.6,0.6,0.6,0.3,0.35,0.65,0,0,0,1,0.21,0.39,0.6,0.35,0.18,0.65,0.482380408922468,0.0332526624574137,1,0.48687491608755,0.0429131957375636,0.999,-0.00679604867935257,0.0416347807251276,0.061,0.588134147130026,0.0446365180140623,1,-0.173830404137888,0.0416624376680774,0.959,0.556618203984229,0.0474641269317103,0.999,0.0950015420398507,0.0471260115303331,0.532,-0.21661795745937,0.045536813544466,0.988,0.0338385310764929,0.0480055780771882,0.0474232820574536,0.0490431921313114,0.0462956715600311,0.0539713752643544,0.0524712440237925,0.0482121851393366,0.182380408922468,0.18687491608755,0.288134147130026,0.256618203984229,"sim","HC1","t",3,1000,1000,314
0.7,0.3,"D2_varyA1Rho",0.2,0.2,0.2,0.3,0.3,0.7,0,0,0,1,0.06,0.14,0.2,0.3,0.06,0.7,0.364951912497724,0.0337256746994856,0.999,0.347504821690763,0.0339245900960061,0.999,0.0820491041399767,0.0338610597467206,0.698,0.367887493097485,0.0345445229804116,0.999,-0.0136645135111206,0.0331283088776475,0.075,0.355701428046887,0.0341249515490114,0.999,0.178635748064293,0.0501646114100294,0.909,-0.136340847338686,0.0476206367779922,0.806,0.0358313736644046,0.0361202992502439,0.0357389265018239,0.03697928443326,0.0340686714659407,0.0364007451464387,0.0561374375738843,0.0512452370816147,0.0649519124977235,0.0475048216907628,0.0678874930974845,0.0557014280468868,"sim","HC1","t",3,1000,1000,314
0.7,0.3,"D2_varyA1Rho",0.2,0.4,0.4,0.3,0.15,0.35,0,0,0,1,0.06,0.14,0.2,0.3,0.12,0.7,0.424106498707405,0.0341426683221546,1,0.419692932732416,0.0348049185340691,1,0.0218343300715657,0.0331688583787695,0.104,0.44930843850513,0.0386212983059537,1,-0.0593291108116644,0.0356833933506059,0.381,0.446173387494974,0.038562299903364,1,0.0434844074694081,0.0352319851695575,0.234,-0.0733603225917872,0.0375107697948376,0.512,0.0361705337443668,0.0369666158472812,0.0341787846255675,0.0424437547347234,0.0372371621736498,0.0422798969252484,0.0366829423691403,0.0392059534702689,0.124106498707405,0.119692932732416,0.14930843850513,0.146173387494974,"sim","HC1","t",3,1000,1000,314
0.7,0.3,"D2_varyA1Rho",0.2,0.6,0.6,0.3,0.1,0.233333333333333,0,0,0,1,0.06,0.14,0.2,0.3,0.18,0.7,0.481031012429716,0.0327594866935256,1,0.482430226959734,0.0335319919549529,1,-0.00681719455240569,0.0322038590173606,0.069,0.586431754812097,0.0436700049311179,1,-0.172923522098538,0.0410611389973397,0.975,0.585011682808796,0.0437954757492029,1,0.0148760094519727,0.0322224125022794,0.0729999999999998,-0.175546828977885,0.0413773195387611,0.98,0.0342503197039773,0.0353098935973503,0.0337124706272712,0.0474143452097138,0.0416238030798658,0.0476678918467578,0.0337594704876196,0.0418088641967001,0.181031012429716,0.182430226959734,0.286431754812097,0.285011682808796,"sim","HC1","t",3,1000,1000,314
0.7,0.3,"D2_varyA1Rho",0.4,0.4,0.4,0.3,0.3,0.7,0,0,0,1,0.12,0.28,0.4,0.3,0.12,0.7,0.426018193098174,0.0342840385921034,1,0.406585953307921,0.0369699063849279,1,0.0480125369320697,0.0358945540607819,0.292,0.451653623855388,0.0386402932479889,1,-0.0607992060094168,0.035597631869773,0.413,0.428773534901861,0.0383204925818127,1,0.153242601719592,0.0494239308205365,0.855,-0.158805884662112,0.047115798520546,0.919,0.037491803788534,0.0410320672058111,0.0375823494225464,0.0433424403607863,0.0360271333044276,0.0429011261635794,0.0540394581076416,0.0485162450088556,0.126018193098174,0.106585953307921,0.151653623855388,0.128773534901861,"sim","HC1","t",3,1000,1000,314
0.7,0.3,"D2_varyA1Rho",0.4,0.6,0.6,0.3,0.2,0.466666666666667,0,0,0,1,0.12,0.28,0.4,0.3,0.18,0.7,0.47967179362053,0.0330061569786823,1,0.48613002566879,0.0362692710635655,1,-0.0156787311922812,0.0350183129906133,0.0699999999999999,0.584414435182181,0.0439837318557816,1,-0.172029227831097,0.0409613460078277,0.973,0.577571739778997,0.0445136276293564,1,0.0366523968410588,0.0364973204564707,0.175,-0.185044411221149,0.0425500743697008,0.98,0.0347382136327627,0.038163719072952,0.0358098983294978,0.0486025672834286,0.0430903986698572,0.0490913046888274,0.0378177832373972,0.044428078896401,0.17967179362053,0.18613002566879,0.284414435182181,0.277571739778997,"sim","HC1","t",3,1000,1000,314
0.7,0.3,"D2_varyA1Rho",0.6,0.6,0.6,0.3,0.3,0.7,0,0,0,1,0.18,0.42,0.6,0.3,0.18,0.7,0.484561561976433,0.0328264342522488,1,0.504460223705895,0.0418839461286759,1,-0.032005438263183,0.0403469885304769,0.133,0.589847498951723,0.0434390833520556,1,-0.171823731546505,0.0410006324302836,0.967,0.565025565882069,0.045519296064177,1,0.0865780721566349,0.0477301972330662,0.449,-0.217620087815569,0.0473331857207318,0.981,0.0336455208129966,0.0435286322601488,0.0416802062051417,0.0461726234375317,0.0434544259206738,0.0480750887190046,0.0493942772146927,0.0496835738864931,0.184561561976433,0.204460223705896,0.289847498951723,0.265025565882069,"sim","HC1","t",3,1000,1000,314
0.75,0.3,"D2_varyA1Rho",0.2,0.2,0.2,0.3,0.25,0.75,0,0,0,1,0.05,0.15,0.2,0.25,0.06,0.75,0.362063281038347,0.0334875707041464,0.999,0.348758201511851,0.0338351945534011,0.999,0.0624112503739799,0.0339563029601195,0.498,0.365336399560274,0.0343064801284213,0.999,-0.0151155403897973,0.0331807388865032,0.0699999999999998,0.355938797702018,0.0339729249722172,0.999,0.167973149030493,0.0538505716274441,0.875,-0.139144374106687,0.0516864420493136,0.776,0.0362720874120619,0.0374519397091938,0.0386184699210533,0.0373753798761458,0.0328915085988666,0.0375461496353152,0.0661689618467936,0.0564051534956299,0.0620632810383466,0.0487582015118506,0.0653363995602736,0.0559387977020182,"sim","HC1","t",3,1000,1000,314
0.75,0.3,"D2_varyA1Rho",0.2,0.4,0.4,0.3,0.125,0.375,0,0,0,1,0.05,0.15,0.2,0.25,0.12,0.75,0.424024411718734,0.0348995714121443,1,0.421441352945571,0.0356828030702787,1,0.012913722471445,0.0335128721996258,0.0660000000000001,0.449579344691561,0.0394389783681523,1,-0.0603943311924246,0.0359250230757299,0.409,0.44730339319631,0.0394327689159585,1,0.0368734153740389,0.0356554393409184,0.168,-0.0733252866853278,0.038069043355377,0.496,0.0381264534197332,0.0389931990906168,0.0338700351257969,0.0444700008381525,0.0371172241631852,0.0443763381753241,0.0367270400721366,0.0396742503666466,0.124024411718734,0.121441352945571,0.149579344691561,0.14730339319631,"sim","HC1","t",3,1000,1000,314
0.75,0.3,"D2_varyA1Rho",0.2,0.6,0.6,0.3,0.0833333333333333,0.25,0,0,0,1,0.05,0.15,0.2,0.25,0.18,0.75,0.4821672365884,0.0327798138357678,1,0.484534956839284,0.0335098359086851,1,-0.0115928465813855,0.0322182182693272,0.07,0.586680843153891,0.0434867300187097,1,-0.171495363950476,0.0413152913988883,0.966,0.585627064886598,0.0435749685606911,1,0.0127629296341945,0.032151208533111,0.0740000000000001,-0.174042887984623,0.0417713031633129,0.971,0.0348734848052499,0.0359430004500997,0.0339700766366479,0.049064720350308,0.044061591707335,0.0492162409465425,0.0341538218684926,0.0444928280147488,0.1821672365884,0.184534956839284,0.286680843153891,0.285627064886598,"sim","HC1","t",3,1000,1000,314
0.75,0.3,"D2_varyA1Rho",0.4,0.4,0.4,0.3,0.25,0.75,0,0,0,1,0.1,0.3,0.4,0.25,0.12,0.75,0.425090666585832,0.0343482187365418,1,0.412561521202066,0.0372397981791983,1,0.0310639877843055,0.0353467221116702,0.154,0.449831257026415,0.0388022052729808,1,-0.0585976232203267,0.0357124668522616,0.397,0.431500282172365,0.038469071789698,1,0.147336867403024,0.051904353861858,0.816,-0.161822860288344,0.0505351453354241,0.882,0.0366923965384023,0.0395960980536797,0.0360853870527492,0.0427376035527793,0.0360016445753732,0.0418047842614106,0.0551473263923359,0.0518805052446224,0.125090666585832,0.112561521202066,0.149831257026415,0.131500282172365,"sim","HC1","t",3,1000,1000,314
0.75,0.3,"D2_varyA1Rho",0.4,0.6,0.6,0.3,0.166666666666667,0.5,0,0,0,1,0.1,0.3,0.4,0.25,0.18,0.75,0.480673923985619,0.0332250477016493,1,0.492365015790051,0.0368475281752587,0.999,-0.0287575203271499,0.0359890033748417,0.146,0.585971971988903,0.0443215060259359,0.999,-0.172947307456674,0.0415076834364876,0.966,0.58090058712282,0.0448059303620656,0.999,0.0317876609226495,0.0377961539950118,0.134,-0.185871369065537,0.0438171413278393,0.978,0.0349323837308078,0.0392003511424021,0.0385040339682082,0.0487354740618143,0.0438662850258773,0.0492763252038752,0.0403759111679333,0.0460254804072253,0.180673923985619,0.192365015790051,0.285971971988903,0.28090058712282,"sim","HC1","t",3,1000,1000,314
0.75,0.3,"D2_varyA1Rho",0.6,0.6,0.6,0.3,0.25,0.75,0,0,0,1,0.15,0.45,0.6,0.25,0.18,0.75,0.481364922116139,0.0328598401044351,1,0.515078288451298,0.0425090194024048,1,-0.054684601596767,0.0410501422720942,0.291,0.586602084576653,0.0438042613648874,1,-0.172394578763878,0.041048365833186,0.973,0.566217596464345,0.0453966323487429,1,0.0859099235390938,0.050763211771441,0.431,-0.22452611790777,0.0504401569257999,0.989,0.0347478630557075,0.0455749612241792,0.0445743673649295,0.0487450861717067,0.0430687291728689,0.0502194419307536,0.0547995030416782,0.0503406888721526,0.181364922116139,0.215078288451298,0.286602084576653,0.266217596464345,"sim","HC1","t",3,1000,1000,314
0.8,0.3,"D2_varyA1Rho",0.2,0.2,0.2,0.3,0.2,0.8,0,0,0,1,0.04,0.16,0.2,0.2,0.06,0.8,0.36189233784981,0.0330967568124528,0.998,0.351358982024739,0.0334788216428773,0.998,0.0500309261691934,0.0329640283926083,0.359,0.364824063317147,0.0338874888879774,0.998,-0.0134315745134234,0.0327455636370863,0.077,0.357281068163237,0.0336005776488528,0.998,0.17057436881431,0.0573298249197981,0.84,-0.14838037347904,0.0558593215628821,0.748,0.0346324271810035,0.0347096688623416,0.0335755368504718,0.035252002771394,0.0332296097657876,0.0346726599902781,0.0613787192953362,0.0589225541439814,0.0618923378498095,0.0513589820247385,0.0648240633171473,0.0572810681632373,"sim","HC1","t",3,1000,1000,314
0.8,0.3,"D2_varyA1Rho",0.2,0.4,0.4,0.3,0.1,0.4,0,0,0,1,0.04,0.16,0.2,0.2,0.12,0.8,0.423576410657049,0.0342726168411598,1,0.422303322313866,0.0349297505949168,1,0.00684748168856023,0.0329328742914877,0.075,0.448332180112875,0.0387306144685217,1,-0.0591083132125265,0.0356197663329369,0.39,0.446792342760112,0.03870226794035,1,0.0310981292718206,0.0353067172328339,0.18,-0.070851599404334,0.0381035436301209,0.48,0.0357049250500848,0.0369925131302423,0.0366559376869766,0.0417902851176928,0.0359048456694876,0.0418648269241675,0.040136853734032,0.0386734690261856,0.123576410657049,0.122303322313866,0.148332180112875,0.146792342760112,"sim","HC1","t",3,1000,1000,314
0.8,0.3,"D2_varyA1Rho",0.2,0.6,0.6,0.3,0.0666666666666667,0.266666666666667,0,0,0,1,0.04,0.16,0.2,0.2,0.18,0.8,0.481634060210319,0.0331796975214189,1,0.48551719536323,0.0339839057381231,1,-0.0185113808461881,0.0330570613158291,0.086,0.586643139080898,0.0441478411501161,1,-0.17208612334269,0.041419926444283,0.963,0.58618104830231,0.044209035710983,1,0.00936511256611473,0.033262715682021,0.056,-0.17435598064212,0.0421344403481986,0.967,0.0350533538120283,0.0358316100309252,0.0336326190117027,0.0476851509661975,0.0430623215567355,0.0476755304220825,0.0343273696853433,0.044062897729954,0.181634060210319,0.18551719536323,0.286643139080898,0.28618104830231,"sim","HC1","t",3,1000,1000,314
0.8,0.3,"D2_varyA1Rho",0.4,0.4,0.4,0.3,0.2,0.8,0,0,0,1,0.08,0.32,0.4,0.2,0.12,0.8,0.425936199486749,0.0343404421725981,1,0.421465469614939,0.037557193750406,1,0.0116164280099465,0.0353846935159033,0.0550000000000002,0.451499755318638,0.038739970754659,1,-0.060610841106284,0.0354671332011149,0.419,0.437083786523884,0.0385516768963545,1,0.143513825491817,0.0564279185976618,0.723,-0.169562502965847,0.055361824804772,0.861,0.0365848492616793,0.0402424837922439,0.0360826683792646,0.0421998900824758,0.0358487339545556,0.0415417941311157,0.0589248029556551,0.0563615603023795,0.125936199486749,0.121465469614939,0.151499755318638,0.137083786523884,"sim","HC1","t",3,1000,1000,314
0.8,0.3,"D2_varyA1Rho",0.4,0.6,0.6,0.3,0.133333333333333,0.533333333333333,0,0,0,1,0.08,0.32,0.4,0.2,0.18,0.8,0.480075386892205,0.0331311732230927,1,0.497144402429098,0.0367401734001358,1,-0.041629378562401,0.0353896594641044,0.221,0.583830299699276,0.0441699943569575,1,-0.170342339484596,0.0412152907965516,0.968,0.5807793023189,0.0444724648698257,1,0.0253497823516134,0.0376928074694974,0.0989999999999999,-0.182007274491166,0.0443150231408538,0.978,0.034651017470724,0.038283167455647,0.0360834697755301,0.0470136972005555,0.0414587371426051,0.0473390548474391,0.0387627523044726,0.044359357172069,0.180075386892205,0.197144402429098,0.283830299699276,0.2807793023189,"sim","HC1","t",3,1000,1000,314
0.8,0.3,"D2_varyA1Rho",0.6,0.6,0.6,0.3,0.2,0.8,0,0,0,1,0.12,0.48,0.6,0.2,0.18,0.8,0.48335755651073,0.0332677525640282,1,0.532854332535015,0.0436838258786786,1,-0.0807749261480756,0.0420175193962541,0.487,0.588992113832078,0.0446550139056242,1,-0.173215834498919,0.0415769369869978,0.965,0.573811170473649,0.0459481107914187,1,0.0804649861416758,0.0562877316046866,0.321,-0.228366861419602,0.0557748693964041,0.969,0.0341719312820445,0.0459805944529309,0.0442793480135067,0.0476663269564644,0.0432216371510858,0.0490836257605817,0.0599970056494016,0.057413670618621,0.18335755651073,0.232854332535015,0.288992113832078,0.273811170473649,"sim","HC1","t",3,1000,1000,314
0.85,0.3,"D2_varyA1Rho",0.2,0.2,0.2,0.3,0.15,0.85,0,0,0,1,0.03,0.17,0.2,0.15,0.06,0.85,0.364179340574196,0.0336954312739572,1,0.356610494799268,0.0341572971348076,1,0.0356849726763579,0.033209467149667,0.208,0.366853739413096,0.034455899201939,1,-0.0122106816777964,0.0332588690095636,0.072,0.361421848316639,0.0342664389447026,1,0.16713977260711,0.0646383081695427,0.738,-0.153311060177108,0.0640068199516529,0.686,0.0340216723157057,0.0343355928446289,0.0337725191078642,0.0348244766443887,0.0341640788694278,0.0344849004870907,0.0688206280715717,0.0681167281567263,0.0641793405741963,0.0566104947992677,0.0668537394130961,0.0614218483166387,"sim","HC1","t",3,1000,1000,314
0.85,0.3,"D2_varyA1Rho",0.2,0.4,0.4,0.3,0.075,0.425,0,0,0,1,0.03,0.17,0.2,0.15,0.12,0.85,0.424717607765799,0.0342536262294884,1,0.425494326259234,0.0350926968689185,1,-0.00325525571917421,0.0329437691841863,0.056,0.450257896181261,0.0389574682587975,1,-0.0606790096124929,0.0358962826015658,0.41,0.449429925026732,0.0389591440639672,1,0.0228286657345557,0.0357060630372623,0.1,-0.0700508283909434,0.0389500864752239,0.459,0.0362331513738027,0.0371844615217205,0.0340476889681895,0.0421954554338087,0.0365891977924078,0.0422611739756817,0.0370940624180529,0.0396245963883031,0.124717607765799,0.125494326259234,0.150257896181261,0.149429925026732,"sim","HC1","t",3,1000,1000,314
0.85,0.3,"D2_varyA1Rho",0.2,0.6,0.6,0.3,0.05,0.283333333333333,0,0,0,1,0.03,0.17,0.2,0.15,0.18,0.85,0.48223676767943,0.0333530327889682,1,0.486567596103347,0.0342177217279227,1,-0.0210857008708011,0.0322248605581854,0.104,0.585767016400244,0.044309823116909,1,-0.170376775187668,0.0414528410473481,0.962,0.585340579680353,0.0443887587294659,1,0.00954720807178039,0.0324033703034233,0.0600000000000002,-0.172780465042927,0.0422016407894548,0.966,0.0348118869830908,0.0361057895441073,0.033809685358576,0.0480553124144782,0.0424601093670555,0.0482224445787924,0.0337813814829712,0.0431340181540689,0.18223676767943,0.186567596103347,0.285767016400244,0.285340579680353,"sim","HC1","t",3,1000,1000,314
0.85,0.3,"D2_varyA1Rho",0.4,0.4,0.4,0.3,0.15,0.85,0,0,0,1,0.06,0.34,0.4,0.15,0.12,0.85,0.42324777566773,0.0339392353708525,1,0.426756909762251,0.0374914422552548,1,-0.00754721305494118,0.0355296482574111,0.061,0.449406480605125,0.0383361008650755,1,-0.0624490285654391,0.0353606661956078,0.453,0.439001301385242,0.0382109399118904,1,0.14110170634477,0.0639322404599737,0.61,-0.178143587528033,0.0629318456537413,0.819,0.0373461715140505,0.0413585557246825,0.036956545012886,0.0423650769573884,0.0362132890740197,0.0421181309264385,0.0696192591800557,0.066223803656052,0.12324777566773,0.126756909762251,0.149406480605125,0.139001301385242,"sim","HC1","t",3,1000,1000,314
0.85,0.3,"D2_varyA1Rho",0.4,0.6,0.6,0.3,0.1,0.566666666666667,0,0,0,1,0.06,0.34,0.4,0.15,0.18,0.85,0.482164838416195,0.0334673541462746,1,0.50393337345774,0.0370292171288024,1,-0.0533921369316824,0.0359283991082028,0.34,0.586317744546342,0.0447228098424846,1,-0.171225162325545,0.0415503323221608,0.963,0.584501049415734,0.0448773673810233,1,0.0199754859917932,0.0387468482150115,0.08,-0.181456619454946,0.0458385225598595,0.969,0.0343661226078395,0.0389724184545878,0.0385345458809781,0.0493544925168369,0.0425567610078146,0.0496522694481196,0.0408194573726975,0.0449882369332786,0.182164838416195,0.20393337345774,0.286317744546342,0.284501049415734,"sim","HC1","t",3,1000,1000,314
0.85,0.3,"D2_varyA1Rho",0.6,0.6,0.6,0.3,0.15,0.85,0,0,0,1,0.0899999999999999,0.51,0.6,0.15,0.18,0.85,0.482026914124036,0.0325751396622677,1,0.544800371398684,0.0426267349464778,1,-0.102642270084931,0.0412014055504712,0.715,0.586506731918648,0.0433103291356699,1,-0.171372654527606,0.0409163171642733,0.972,0.575356041299534,0.0441291781040419,1,0.0788810288304041,0.0624568580511406,0.249,-0.231753557809835,0.0624846436845732,0.955,0.0341936291898031,0.0474328302418771,0.0437829808724592,0.0474208048496884,0.0422524729763359,0.0486733874560496,0.0651021065314654,0.0624326682771607,0.182026914124036,0.244800371398684,0.286506731918648,0.275356041299534,"sim","HC1","t",3,1000,1000,314
0.9,0.3,"D2_varyA1Rho",0.2,0.2,0.2,0.3,0.1,0.9,0,0,0,1,0.02,0.18,0.2,0.1,0.06,0.9,0.364085448678093,0.0336489915408217,1,0.360485220012867,0.0343993743362397,0.999,0.017032655473493,0.0333145124133776,0.0749999999999999,0.367275725889271,0.0345703017866305,1,-0.0150836461220395,0.0332470643953178,0.071,0.363685613513682,0.0344951073879456,0.999,0.162332135455214,0.0779017616103558,0.56,-0.16037103774696,0.0774116388024025,0.55,0.0357980292506908,0.0367593820994819,0.0340775714661511,0.0369208734266357,0.0331478490583257,0.0368671641815872,0.0861195786322157,0.0830047870492359,0.064085448678093,0.0604852200128672,0.0672757258892713,0.063685613513682,"sim","HC1","t",3,1000,1000,314
0.9,0.3,"D2_varyA1Rho",0.2,0.4,0.4,0.3,0.05,0.45,0,0,0,1,0.02,0.18,0.2,0.1,0.12,0.9,0.425577468193328,0.0349070558942093,0.999,0.427678303585652,0.0357176830250423,0.999,-0.0100287075147498,0.0329259988342671,0.0580000000000001,0.450453182467498,0.0392711811549696,0.999,-0.0590492233192141,0.0354315294540006,0.4,0.450032007911063,0.0392641824044462,0.999,0.0167459981481017,0.0360095030684138,0.0900000000000001,-0.0665059842599542,0.0388104355128989,0.424,0.0390059356443045,0.0400110966914633,0.0328310763145723,0.0440473079584778,0.0359780875736235,0.0440273529669097,0.0367702307981124,0.0398418560937879,0.125577468193328,0.127678303585652,0.150453182467498,0.150032007911063,"sim","HC1","t",3,1000,1000,314
0.9,0.3,"D2_varyA1Rho",0.2,0.6,0.6,0.3,0.0333333333333333,0.3,0,0,0,1,0.02,0.18,0.2,0.1,0.18,0.9,0.481292369013977,0.0326380871742491,1,0.48719793327185,0.0334379168155699,1,-0.0288096246392713,0.032501413036036,0.15,0.584802039966683,0.0436188277382566,1,-0.170217978112814,0.0410364626137505,0.968,0.584743849787504,0.0436393125268029,1,0.00483467436923192,0.0328597180835235,0.057,-0.171676962264146,0.0421287913478535,0.97,0.033238961769649,0.0344844228337258,0.0347512626118906,0.0477408518013189,0.0434102425374688,0.0478162446458493,0.0353855990359389,0.044482749900516,0.181292369013977,0.18719793327185,0.284802039966683,0.284743849787504,"sim","HC1","t",3,1000,1000,314
0.9,0.3,"D2_varyA1Rho",0.4,0.4,0.4,0.3,0.1,0.9,0,0,0,1,0.04,0.36,0.4,0.1,0.12,0.9,0.422439200298166,0.0343482052216409,1,0.432716016798408,0.0382572166056937,1,-0.0237733433514523,0.0358466831116293,0.123,0.447356674805587,0.0389077667329991,1,-0.0591401912996715,0.0359357969280163,0.417,0.440767761466877,0.0387892626691224,1,0.133574884883085,0.0762597153847312,0.424,-0.176702439049697,0.076238493009333,0.659,0.037073045717567,0.0421268344657497,0.0382766001219148,0.0431384453030468,0.0383382959409293,0.0428112237378799,0.0790248489206331,0.07731714989903,0.122439200298166,0.132716016798408,0.147356674805587,0.140767761466877,"sim","HC1","t",3,1000,1000,314
0.9,0.3,"D2_varyA1Rho",0.4,0.6,0.6,0.3,0.0666666666666667,0.6,0,0,0,1,0.04,0.36,0.4,0.1,0.18,0.9,0.481484085835789,0.0333473096966426,1,0.507997144354481,0.0369232520804276,1,-0.0650835423116548,0.0360332888376003,0.467,0.586863099654537,0.0442310451904933,0.999,-0.172842079183349,0.0414164191902984,0.966,0.585979872035596,0.0442870383095974,0.999,0.0151396855987321,0.0395700743415801,0.0649999999999999,-0.181400720894906,0.0471005457424878,0.956,0.0350060933013759,0.0391065278671525,0.0375241098093095,0.0475320434104587,0.0425824128188997,0.0476466472141458,0.0412446134566217,0.0479223077441922,0.181484085835789,0.207997144354481,0.286863099654537,0.285979872035596,"sim","HC1","t",3,1000,1000,314
0.9,0.3,"D2_varyA1Rho",0.6,0.6,0.6,0.3,0.1,0.9,0,0,0,1,0.06,0.54,0.6,0.1,0.18,0.9,0.479022789917621,0.0333018821125391,1,0.556089112292176,0.0439651431269274,1,-0.126027493231662,0.0418080384796123,0.851,0.584598081660315,0.0442250682430956,1,-0.173255110788198,0.041322177344687,0.969,0.577211668108093,0.0448352478105672,1,0.0780421373365182,0.0746371322954055,0.191,-0.239047685058378,0.0745026833020529,0.885,0.0346942783686139,0.0491375422622914,0.0442335690312436,0.0499853999764996,0.0436058622518192,0.0506793366565913,0.080065260748007,0.0784398427603903,0.179022789917621,0.256089112292176,0.284598081660315,0.277211668108093,"sim","HC1","t",3,1000,1000,314
0.95,0.3,"D2_varyA1Rho",0.2,0.2,0.2,0.3,0.0499999999999999,0.95,0,0,0,1,0.00999999999999999,0.19,0.2,0.0499999999999999,0.06,0.95,0.363238849362211,0.0331582712757826,0.999,0.363313988761422,0.0339329959780672,0.999,0.000177994693559997,0.0333511701890448,0.0470000000000001,0.366560194669446,0.0340645958763612,0.999,-0.015274804986721,0.0333457227064581,0.0699999999999999,0.36491814202636,0.0339847859954916,0.999,0.155077954390837,0.106526121426523,0.329,-0.162332632514366,0.106596981846147,0.348,0.03675858681761,0.0373830055430604,0.0338769449516802,0.0375134642380825,0.0337393210061739,0.0374149901614043,0.112597385953684,0.111850910480932,0.0632388493622108,0.0633139887614222,0.0665601946694457,0.0649181420263598,"sim","HC1","t",3,1000,1000,314
0.95,0.3,"D2_varyA1Rho",0.2,0.4,0.4,0.3,0.025,0.475,0,0,0,1,0.00999999999999999,0.19,0.2,0.0499999999999999,0.12,0.95,0.424587616435077,0.0347483809565551,1,0.42886622971193,0.0357289923646051,1,-0.0201775230389009,0.0327587911433457,0.101,0.449756618885519,0.0391788304337257,1,-0.0595616508925499,0.0357400356355916,0.403,0.449677135489884,0.039186632081941,1,0.00642771667798911,0.0364214402510259,0.051,-0.0625692019619635,0.0399801757024267,0.376,0.0377355907338091,0.0389426431026148,0.0337652164206795,0.043455407394747,0.0376620675987776,0.043512203449146,0.0378329868685355,0.042169680107455,0.124587616435077,0.12886622971193,0.149756618885519,0.149677135489884,"sim","HC1","t",3,1000,1000,314
0.95,0.3,"D2_varyA1Rho",0.2,0.6,0.6,0.3,0.0166666666666666,0.316666666666667,0,0,0,1,0.00999999999999999,0.19,0.2,0.05,0.18,0.95,0.481382467537625,0.0332464932722408,0.999,0.4882897023637,0.0340894666202013,0.999,-0.0344697034583155,0.0333094469834192,0.194,0.58586439833403,0.0438618237060481,1,-0.171743441109468,0.0413546219931381,0.969,0.585788815069402,0.043882370118638,1,0.00259552306526242,0.0338065419050516,0.04,-0.172500343794287,0.0427750277802582,0.967,0.0348031383986508,0.0356222679329422,0.0338155424181178,0.0468417914045557,0.0441394053547359,0.0468391990521251,0.0342385902218413,0.0456638136120825,0.181382467537625,0.1882897023637,0.28586439833403,0.285788815069402,"sim","HC1","t",3,1000,1000,314
0.95,0.3,"D2_varyA1Rho",0.4,0.4,0.4,0.3,0.0499999999999999,0.95,0,0,0,1,0.02,0.38,0.4,0.0499999999999999,0.12,0.95,0.425927902559123,0.0343436491199609,1,0.443449593186473,0.0384642547143495,1,-0.0414684840902757,0.0356546598062716,0.217,0.450875043936546,0.0387369144657659,1,-0.0592685637657153,0.0357658641870189,0.394,0.447523172641351,0.0386963859353413,1,0.131303794406992,0.104305758043871,0.247,-0.182680778467265,0.104600296213456,0.419,0.0354687101654316,0.0395968428239282,0.0366254432005488,0.0398563301850491,0.0365790980561055,0.0398221644451751,0.1080083269578,0.106918019717873,0.125927902559123,0.143449593186473,0.150875043936546,0.147523172641351,"sim","HC1","t",3,1000,1000,314
0.95,0.3,"D2_varyA1Rho",0.4,0.6,0.6,0.3,0.0333333333333333,0.633333333333333,0,0,0,1,0.02,0.38,0.4,0.05,0.18,0.95,0.48177048614306,0.0331328966477521,1,0.513149368613764,0.0370103719043736,1,-0.0771790504133702,0.0359514428335965,0.597,0.583701353253115,0.0442417186844221,1,-0.167616789199191,0.0414427322143913,0.964,0.583492487838453,0.0442988271169676,1,0.00588377567812968,0.040674762008072,0.0500000000000001,-0.171229521906382,0.0483856293078852,0.933,0.0367577593078403,0.040993165928185,0.0367997391535453,0.0510764066094875,0.0436769705374649,0.05109949249036,0.0410555676183298,0.0502619613542466,0.18177048614306,0.213149368613764,0.283701353253115,0.283492487838453,"sim","HC1","t",3,1000,1000,314
0.95,0.3,"D2_varyA1Rho",0.6,0.6,0.6,0.3,0.0499999999999999,0.95,0,0,0,1,0.03,0.57,0.6,0.0499999999999999,0.18,0.95,0.483302641165563,0.0330198466048995,1,0.57371659609236,0.0437367030597984,1,-0.148036039955575,0.0409806431773799,0.932,0.587613971364767,0.0439268676556939,1,-0.170937312834808,0.0407540043338843,0.974,0.584276791445953,0.0442205481165375,1,0.0707510529575819,0.100801971101427,0.101,-0.236134284695871,0.100838230219256,0.658,0.0338886310010381,0.0472515678833848,0.0428499969819517,0.0473682607782234,0.0417266725657275,0.0477970992396107,0.0990983912589342,0.0970047245699579,0.183302641165563,0.27371659609236,0.287613971364767,0.284276791445953,"sim","HC1","t",3,1000,1000,314
1,0.3,"D2_varyA1Rho",0.2,0.4,0.4,0.3,0,0.5,0,0,0,1,0,0.2,0.2,0,0.12,1,0.4250074974752,0.0343557613532859,1,0.430982619679523,0.0354100795690516,1,-0.0287375299980123,0.032910208205811,0.139,0.450334465943598,0.0390263899638757,1,-0.0603204276971007,0.0355507072273916,0.426,0.450373636691553,0.0390398373231905,1,-0.00191970284374594,0.0369904623649176,0.048,-0.0593301870540661,0.0401980241210029,0.333,0.0369414149281896,0.0375651822634625,0.0331926306201741,0.0417408394793753,0.0358946561980949,0.0417360703226775,0.037323059791656,0.0406226014675899,0.1250074974752,0.130982619679523,0.150334465943598,0.150373636691553,"sim","HC1","t",3,1000,1000,314
1,0.3,"D2_varyA1Rho",0.2,0.6,0.6,0.3,0,0.333333333333333,0,0,0,1,0,0.2,0.2,0,0.18,1,0.481530482645301,0.0331272292360245,1,0.4896153754717,0.0339418424532599,1,-0.0396981652151865,0.0328258622163482,0.237,0.585332362799043,0.0437481764475869,1,-0.170275768324122,0.0415836572837315,0.962,0.585344980165135,0.0437605523048762,1,4.83963528130865e-05,0.033213595075417,0.052,-0.170261547786602,0.0430850208365165,0.954,0.0363531644181999,0.037030504107496,0.0339767827829756,0.0481884088148696,0.0471913999227259,0.048153936757132,0.0337064493369723,0.0482722493995169,0.181530482645301,0.1896153754717,0.285332362799043,0.285344980165135,"sim","HC1","t",3,1000,1000,314
1,0.3,"D2_varyA1Rho",0.4,0.6,0.6,0.3,0,0.666666666666667,0,0,0,1,0,0.4,0.4,0,0.18,1,0.483347674949468,0.0328386038760877,1,0.519453690721624,0.0367448391420041,1,-0.0891734559393416,0.0361704432896125,0.7,0.586858538286513,0.0436496896539326,1,-0.169991389172739,0.040884222607801,0.968,0.586863472322821,0.0436559618890174,1,0.000453228335448956,0.0427889721930844,0.056,-0.170311085104953,0.0501929652355603,0.897,0.0360240209389731,0.040572598899874,0.0371340529903422,0.0491376628810978,0.0414316314543823,0.0491207861955893,0.0453651477008231,0.0525996796375833,0.183347674949468,0.219453690721624,0.286858538286513,0.286863472322821,"sim","HC1","t",3,1000,1000,314
