"f_target","b1","design","rho_target","a1","a2","b0","b2","c1","c2","a0","c0","sigma_eY","ax_1","ax_2","bx_1","bx_2","p_x2","rho_U","rho_V","rho_total","rho_rel_U","bias_struct","var_A_given_X","bias_fit1_pop","var_A_given_XV","bias_fit3_pop","f_achieved","a2_rule","beta_A_fit1","se_A_fit1","power_A_fit1","beta_A_fit2","se_A_fit2","power_A_fit2","beta_Atilde_fit2","se_Atilde_fit2","power_Atilde_fit2","beta_A_fit3","se_A_fit3","power_A_fit3","beta_V_fit3","se_V_fit3","power_V_fit3","beta_A_fit4","se_A_fit4","power_A_fit4","beta_Atilde_fit4","se_Atilde_fit4","power_Atilde_fit4","beta_V_fit4","se_V_fit4","power_V_fit4","sd_beta_A_fit1","sd_beta_A_fit2","sd_beta_Atilde_fit2","sd_beta_A_fit3","sd_beta_V_fit3","sd_beta_A_fit4","sd_beta_Atilde_fit4","sd_beta_V_fit4","bias_A_fit1","bias_A_fit2","bias_A_fit3","bias_A_fit4","source","se_type","noise_dist","df_t","n_sample","n_iters","seed"
0.05,0.3,"D2_varyA1Rho_WithX",0.2,0.2,0.2,0,0.3,0.95,0.05,0,0,1,0.15,0.15,0.2,0.2,0.5,0.19,0.01,0.2,0.95,0.06,0.955,0.06282722513089,0.915,0.0655737704918033,0.05,"a2_equal_a1",0.363320298412912,0.0337787633740987,1,0.303074661397473,0.0332758192967231,1,0.285433205812682,0.0325396771883158,1,0.366367808189609,0.0345202477550435,1,-0.0144721734539286,0.033759702129858,0.072,0.30666509707887,0.0339614677914934,1,0.285571334559694,0.0325519313641651,1,-0.0171999645309977,0.0325421961875527,0.092,0.0342120351094246,0.0329497585252264,0.0316556650512412,0.0347874660991523,0.0346517532448734,0.0335323495196693,0.0316938811160768,0.033281279787793,0.0633202984129122,0.00307466139747309,0.066367808189609,0.00666509707886986,"sim","classical","norm",NA,1000,1000,314
0.1,0.3,"D2_varyA1Rho_WithX",0.2,0.2,0.2,0,0.3,0.9,0.1,0,0,1,0.15,0.15,0.2,0.2,0.5,0.18,0.02,0.2,0.9,0.06,0.955,0.06282722513089,0.915,0.0655737704918033,0.1,"a2_equal_a1",0.361839085029636,0.0338111049275225,1,0.306191636963425,0.0334214268052257,1,0.268690756930636,0.0326509797886563,1,0.364313141525152,0.0345621340809309,1,-0.012013890135321,0.0338103979093969,0.059,0.31178912208014,0.0340448868600603,1,0.270383238380861,0.0327158623327086,1,-0.0285402111142528,0.0327802248844097,0.126,0.0337959628929446,0.0333578362568952,0.0336486951630449,0.0341936811983084,0.0331358682376651,0.033732844059247,0.0335200962557439,0.03166379363991,0.0618390850296362,0.00619163696342478,0.0643131415251519,0.0117891220801403,"sim","classical","norm",NA,1000,1000,314
0.15,0.3,"D2_varyA1Rho_WithX",0.2,0.2,0.2,0,0.3,0.85,0.15,0,0,1,0.15,0.15,0.2,0.2,0.5,0.17,0.03,0.2,0.85,0.06,0.955,0.06282722513089,0.915,0.0655737704918033,0.15,"a2_equal_a1",0.362915510074239,0.0338001090876492,1,0.309533442422413,0.0335662049209374,1,0.252940406674486,0.0327728559347457,1,0.365127908589757,0.0345382561949747,1,-0.0108964572761592,0.0337846680649339,0.069,0.316789005152245,0.0341074784107618,1,0.257407289616459,0.0329721785443425,1,-0.0396475691208295,0.0330179964299046,0.224,0.0343342001049417,0.03383271310778,0.0341543617000612,0.0350747267643895,0.0337669604226642,0.0344350969830709,0.0342961850672215,0.0332590212126519,0.0629155100742394,0.00953344242241277,0.065127908589757,0.0167890051522452,"sim","classical","norm",NA,1000,1000,314
0.2,0.3,"D2_varyA1Rho_WithX",0.2,0.2,0.2,0,0.3,0.8,0.2,0,0,1,0.15,0.15,0.2,0.2,0.5,0.16,0.04,0.2,0.8,0.06,0.955,0.06282722513089,0.915,0.0655737704918033,0.2,"a2_equal_a1",0.365010424178883,0.0337997856000097,1,0.314949115956689,0.0337059978967658,1,0.236147132126928,0.0329130728231597,1,0.367547216886163,0.0345407965928998,1,-0.0119529874704803,0.033764829465325,0.063,0.324054576887837,0.0341777149108649,1,0.244715420478537,0.0333444734039832,1,-0.0522554323938587,0.0333569786941974,0.342,0.0333696491522393,0.03246803882406,0.0327980779179223,0.0339444417686044,0.033001514310508,0.0329497732873125,0.0329075732301535,0.0320051921908019,0.065010424178883,0.0149491159566892,0.0675472168861633,0.0240545768878372,"sim","classical","norm",NA,1000,1000,314
0.25,0.3,"D2_varyA1Rho_WithX",0.2,0.2,0.2,0,0.3,0.75,0.25,0,0,1,0.15,0.15,0.2,0.2,0.5,0.15,0.05,0.2,0.75,0.06,0.955,0.06282722513089,0.915,0.0655737704918033,0.25,"a2_equal_a1",0.362911648057323,0.0338280341990245,1,0.316899671181759,0.033811788850241,1,0.221284523444287,0.0330413824335717,1,0.365151851960033,0.0345654786165687,1,-0.0104960862561441,0.033772951837836,0.0710000000000001,0.32702585478479,0.0342165606830521,1,0.234773278467433,0.0338169009995025,1,-0.0617703210812672,0.0338146656437164,0.453,0.0332758068461338,0.0333434889987996,0.0325847077812371,0.034155443186087,0.0339398914662094,0.0339069634002716,0.0334894167621052,0.0342580059668707,0.0629116480573234,0.0168996711817591,0.0651518519600329,0.0270258547847899,"sim","classical","norm",NA,1000,1000,314
0.3,0.3,"D2_varyA1Rho_WithX",0.2,0.2,0.2,0,0.3,0.7,0.3,0,0,1,0.15,0.15,0.2,0.2,0.5,0.14,0.06,0.2,0.7,0.06,0.955,0.06282722513089,0.915,0.0655737704918033,0.3,"a2_equal_a1",0.36238503868667,0.0338002852974515,1,0.319696579277044,0.033891865831696,1,0.205284935225594,0.0331088203010448,1,0.365040183161365,0.034538107813239,1,-0.0129430033998162,0.0337753622128365,0.0580000000000001,0.330793211461263,0.0342346245937413,1,0.224859311600786,0.0343028618771174,1,-0.0731583310423854,0.0343382301530921,0.59,0.0326391456520193,0.0327905322081369,0.0333322385931029,0.0337103323056785,0.0330886110360352,0.0333725836068972,0.0346415910438196,0.0338844642736671,0.0623850386866698,0.0196965792770445,0.0650401831613655,0.0307932114612633,"sim","classical","norm",NA,1000,1000,314
0.35,0.3,"D2_varyA1Rho_WithX",0.2,0.2,0.2,0,0.3,0.65,0.35,0,0,1,0.15,0.15,0.2,0.2,0.5,0.13,0.07,0.2,0.65,0.06,0.955,0.06282722513089,0.915,0.0655737704918033,0.35,"a2_equal_a1",0.360257680710408,0.0337751589274893,1,0.320608777098018,0.0339777059099447,1,0.188980423993447,0.0332437954889054,1,0.362906483777665,0.0345212239997869,1,-0.0126074617084636,0.0337633986148532,0.0649999999999999,0.332239681327687,0.0342649623676018,1,0.215302990896487,0.0350284193522904,1,-0.0817741476597216,0.0350151821664071,0.655,0.0342340215545899,0.0342716952176719,0.0333378312813086,0.0352157554041756,0.0337563805449369,0.0347656539082282,0.0345789306921646,0.0344937228651867,0.0602576807104082,0.0206087770980185,0.0629064837776654,0.0322396813276867,"sim","classical","norm",NA,1000,1000,314
0.4,0.3,"D2_varyA1Rho_WithX",0.2,0.2,0.2,0,0.3,0.6,0.4,0,0,1,0.15,0.15,0.2,0.2,0.5,0.12,0.08,0.2,0.6,0.06,0.955,0.06282722513089,0.915,0.0655737704918033,0.4,"a2_equal_a1",0.36478517454013,0.0337843870836848,1,0.328313940524122,0.0340652915968832,1,0.173843644136752,0.0332685049710788,1,0.367742665510104,0.0345314238347975,1,-0.0141085986983026,0.0337409219078911,0.0619999999999999,0.340440977250461,0.034293496097349,1,0.208376344821775,0.0357808871086775,1,-0.0922459051142084,0.0358027082897956,0.737,0.034332043881721,0.0347538751712698,0.0331119989119922,0.035049168069874,0.0332296585060316,0.0350597315720107,0.0356910128920073,0.0353493004449104,0.0647851745401299,0.0283139405241222,0.0677426655101042,0.0404409772504608,"sim","classical","norm",NA,1000,1000,314
0.45,0.3,"D2_varyA1Rho_WithX",0.2,0.2,0.2,0,0.3,0.55,0.45,0,0,1,0.15,0.15,0.2,0.2,0.5,0.11,0.09,0.2,0.55,0.06,0.955,0.06282722513089,0.915,0.0655737704918033,0.45,"a2_equal_a1",0.36281977072738,0.0338371824339555,1,0.329566854983718,0.034182657962299,1,0.160117372812467,0.033408266506395,0.997,0.365358032739858,0.034580123944591,1,-0.0119734759618314,0.033774546593456,0.061,0.341369240761759,0.0343649245246787,1,0.202046748811166,0.0368348016613906,1,-0.0982091520917444,0.0368177106766037,0.782,0.0335756592479793,0.0343498157259279,0.0331743583884598,0.0345948587577039,0.0330229276560506,0.0345376995175123,0.0367627253959291,0.035851568119286,0.0628197707273798,0.0295668549837179,0.0653580327398576,0.0413692407617586,"sim","classical","norm",NA,1000,1000,314
0.5,0.3,"D2_varyA1Rho_WithX",0.2,0.2,0.2,0,0.3,0.5,0.5,0,0,1,0.15,0.15,0.2,0.2,0.5,0.1,0.1,0.2,0.5,0.06,0.955,0.06282722513089,0.915,0.0655737704918033,0.5,"a2_equal_a1",0.363532357956784,0.0338432982050767,1,0.333454400115124,0.034271727031981,1,0.143905561172786,0.033473818483017,0.99,0.366362813148139,0.0345973514757079,1,-0.0132168931117256,0.0337550306753843,0.064,0.345297270796319,0.0344097891306032,1,0.195015036137165,0.0380102355396629,1,-0.106604963663302,0.0379829893661783,0.785,0.0336564457924505,0.0338221317160652,0.0332467079775133,0.0345462734638151,0.0343205229987897,0.0341316539749134,0.0382890803578225,0.0390381998819376,0.0635323579567841,0.0334544001151241,0.0663628131481389,0.045297270796319,"sim","classical","norm",NA,1000,1000,314
0.55,0.3,"D2_varyA1Rho_WithX",0.2,0.2,0.2,0,0.3,0.45,0.55,0,0,1,0.15,0.15,0.2,0.2,0.5,0.09,0.11,0.2,0.45,0.06,0.955,0.06282722513089,0.915,0.0655737704918033,0.55,"a2_equal_a1",0.3634314359832,0.0338223107832399,1,0.336358297660362,0.0343144448518169,1,0.129250342963162,0.033516374942183,0.968,0.365907607074644,0.034563840236754,1,-0.0119138004761832,0.0337491742132829,0.0680000000000002,0.347251634489787,0.0344082954596872,1,0.188595028068302,0.0393884322922814,1,-0.111844536010196,0.0393729869434639,0.802,0.034868198423852,0.0354209983939456,0.0338887468445064,0.0356085845431716,0.0347517473022368,0.035497017226388,0.0397161001734309,0.0404269728172697,0.0634314359832,0.0363582976603623,0.0659076070746439,0.0472516344897868,"sim","classical","norm",NA,1000,1000,314
0.6,0.3,"D2_varyA1Rho_WithX",0.2,0.2,0.2,0,0.3,0.4,0.6,0,0,1,0.15,0.15,0.2,0.2,0.5,0.08,0.12,0.2,0.4,0.06,0.955,0.06282722513089,0.915,0.0655737704918033,0.6,"a2_equal_a1",0.363135396644129,0.0337828354520586,1,0.339466399013232,0.0343339371655517,1,0.113144318958338,0.033582693897149,0.918,0.365529924828299,0.034533556832256,1,-0.0113350412849545,0.033786053465575,0.047,0.349763384086927,0.0344045194700399,1,0.181405330165401,0.0411933365931131,0.99,-0.117198219309996,0.0412084883650156,0.822,0.03396153460509,0.0342849901282158,0.0333288781892632,0.0343439934660857,0.0318841024676241,0.0341656854225211,0.0409347315938204,0.0385795572032557,0.0631353966441287,0.039466399013232,0.065529924828299,0.0497633840869267,"sim","classical","norm",NA,1000,1000,314
0.65,0.3,"D2_varyA1Rho_WithX",0.2,0.2,0.2,0,0.3,0.35,0.65,0,0,1,0.15,0.15,0.2,0.2,0.5,0.07,0.13,0.2,0.35,0.06,0.955,0.06282722513089,0.915,0.0655737704918033,0.65,"a2_equal_a1",0.364564789848768,0.0337619963137909,1,0.343845145745331,0.0343734786176519,1,0.0981457046524461,0.03361395287552,0.836,0.367063091480558,0.0345056277007505,1,-0.0121256801960085,0.0337539214161073,0.0660000000000001,0.353213364346907,0.0344032603259402,1,0.177231206828382,0.0433546791789211,0.981,-0.124652010435494,0.043352272218219,0.821,0.033437213120435,0.0338332945869766,0.0333984761359487,0.0341142133973871,0.0338154073361024,0.0338934770729599,0.0432513660418709,0.0431082529703201,0.0645647898487685,0.0438451457453307,0.0670630914805577,0.0532133643469068,"sim","classical","norm",NA,1000,1000,314
0.7,0.3,"D2_varyA1Rho_WithX",0.2,0.2,0.2,0,0.3,0.3,0.7,0,0,1,0.15,0.15,0.2,0.2,0.5,0.06,0.14,0.2,0.3,0.06,0.955,0.06282722513089,0.915,0.0655737704918033,0.7,"a2_equal_a1",0.362666831164278,0.0337674446996934,1,0.345700278874646,0.0344086425552454,1,0.0813471268274933,0.0335868538411994,0.681,0.365227480928144,0.0345071308374549,1,-0.0122074465223102,0.0336836900059064,0.07,0.354105984596402,0.0344202958359854,1,0.170836023187593,0.0461535153591986,0.956,-0.129857839000829,0.046154373235841,0.795,0.0338597138070461,0.0344404858361136,0.0342462610132521,0.0345947654211704,0.0351765639107902,0.0343878847067989,0.0470659816255917,0.047851700352177,0.0626668311642778,0.0457002788746462,0.0652274809281441,0.0541059845964023,"sim","classical","norm",NA,1000,1000,314
0.75,0.3,"D2_varyA1Rho_WithX",0.2,0.2,0.2,0,0.3,0.25,0.75,0,0,1,0.15,0.15,0.2,0.2,0.5,0.05,0.15,0.2,0.25,0.06,0.955,0.06282722513089,0.915,0.0655737704918033,0.75,"a2_equal_a1",0.362532808646031,0.0337846563972548,1,0.348732083719993,0.0344726023095694,1,0.065836556855125,0.033665840774936,0.49,0.365153150447284,0.0345376335570787,1,-0.012097109594311,0.0337309581503158,0.0589999999999999,0.356125876654872,0.0344746332447832,1,0.164368480831315,0.0497924276705007,0.91,-0.133521512881047,0.0497947858428644,0.769,0.034499771529375,0.0350537896278684,0.0329141435628638,0.0351140247418992,0.0331576188523456,0.0349222408981211,0.0492712552511743,0.0494157289477546,0.062532808646031,0.0487320837199931,0.0651531504472837,0.0561258766548717,"sim","classical","norm",NA,1000,1000,314
0.8,0.3,"D2_varyA1Rho_WithX",0.2,0.2,0.2,0,0.3,0.2,0.8,0,0,1,0.15,0.15,0.2,0.2,0.5,0.04,0.16,0.2,0.2,0.06,0.955,0.06282722513089,0.915,0.0655737704918033,0.8,"a2_equal_a1",0.363210703349638,0.0337572721385124,1,0.352952745588201,0.0344717137106402,1,0.0493184567569637,0.0337541773822395,0.31,0.365947320587766,0.034499899051775,1,-0.0129505192707998,0.0337733865454483,0.077,0.358935639619461,0.0344602010928758,1,0.15934892720849,0.0550581055571115,0.827,-0.13901722996723,0.055035233094723,0.735,0.035684856381462,0.036401025220222,0.0335624473185389,0.0364505988793018,0.0343557801108436,0.0363258346521391,0.054746908254778,0.056134093040752,0.0632107033496376,0.0529527455882006,0.0659473205877658,0.0589356396194612,"sim","classical","norm",NA,1000,1000,314
0.85,0.3,"D2_varyA1Rho_WithX",0.2,0.2,0.2,0,0.3,0.15,0.85,0,0,1,0.15,0.15,0.2,0.2,0.5,0.03,0.17,0.2,0.15,0.06,0.955,0.06282722513089,0.915,0.0655737704918033,0.85,"a2_equal_a1",0.363085708248233,0.0337870208626818,1,0.355751027653787,0.034522663918679,1,0.035525467710796,0.0337836704276695,0.194,0.365777148440779,0.0345362931691728,1,-0.0123728847197707,0.0337515872700914,0.064,0.360470092825708,0.0345053259622188,1,0.159430210257567,0.0627435590779822,0.707,-0.14668133703236,0.0626514685934774,0.654,0.034086540792892,0.0346026870038246,0.0346506037310268,0.0343515768173909,0.0339180733615778,0.0344096313871703,0.0644720187540835,0.063201588178649,0.0630857082482335,0.0557510276537871,0.0657771484407786,0.060470092825708,"sim","classical","norm",NA,1000,1000,314
0.9,0.3,"D2_varyA1Rho_WithX",0.2,0.2,0.2,0,0.3,0.1,0.9,0,0,1,0.15,0.15,0.2,0.2,0.5,0.02,0.18,0.2,0.1,0.06,0.955,0.06282722513089,0.915,0.0655737704918033,0.9,"a2_equal_a1",0.363866486682836,0.0338217620436099,1,0.359976188104297,0.0345559175445744,1,0.0189732115516717,0.0337621923538659,0.095,0.366412373854051,0.0345597725321067,1,-0.0119440065866775,0.0337704462841527,0.056,0.363159732992723,0.0345476795897009,1,0.149571968159212,0.075733510209012,0.501,-0.145903475892683,0.0757437830298129,0.495,0.03439629004057,0.0351251277271065,0.0347105619348961,0.0352734956442049,0.0333780930215811,0.03526094062957,0.0779200507005211,0.0750014351366825,0.0638664866828362,0.0599761881042967,0.0664123738540507,0.0631597329927231,"sim","classical","norm",NA,1000,1000,314
0.95,0.3,"D2_varyA1Rho_WithX",0.2,0.2,0.2,0,0.3,0.0499999999999999,0.95,0,0,1,0.15,0.15,0.2,0.2,0.5,0.00999999999999999,0.19,0.2,0.0499999999999999,0.06,0.955,0.06282722513089,0.915,0.0655737704918033,0.95,"a2_equal_a1",0.362639523822553,0.0337433769208183,1,0.362097226910478,0.0344930500109816,1,0.00253096733931261,0.0337365716906716,0.0429999999999999,0.365375970688935,0.0344869972296735,1,-0.013113428942117,0.0337315449878345,0.064,0.363671195309954,0.0344918989046166,1,0.147416845365051,0.105818727226536,0.289,-0.152801814068617,0.105811716988171,0.317,0.0338183462278375,0.0342755376168365,0.0325954706364137,0.0343141956579751,0.0329147578144858,0.0342978514687295,0.107318292119467,0.108248915279626,0.0626395238225531,0.062097226910478,0.0653759706889346,0.0636711953099542,"sim","classical","norm",NA,1000,1000,314
0,0.3,"D2_varyA1Rho_WithX",0.2,0.4,0.4,0,0.3,0.5,0,0,0,1,0.15,0.15,0.2,0.2,0.5,0.2,0,0.2,1,0.12,0.955,0.12565445026178,0.795,0.150943396226415,0,"a2_equal_a1",0.425963919408631,0.0335954691983744,1,0.398488835947069,0.0340861590920552,1,0.130508074761256,0.0333365977384468,0.974,0.451898207714352,0.0367776341698192,1,-0.0619685279468827,0.035973722196377,0.405,0.420061500461043,0.0374962377484255,1,0.126254707807299,0.0334660297665524,0.965,-0.0494224077011998,0.0358940609612252,0.289,0.0345529586896948,0.0348146312152662,0.0322371641182207,0.0374008707262268,0.036701685168725,0.0379006267639885,0.0324275405291363,0.0367431273823026,0.125963919408631,0.0984888359470688,0.151898207714352,0.120061500461043,"sim","classical","norm",NA,1000,1000,314
0.05,0.3,"D2_varyA1Rho_WithX",0.2,0.4,0.4,0,0.3,0.475,0.025,0,0,1,0.15,0.15,0.2,0.2,0.5,0.19,0.01,0.2,0.95,0.12,0.955,0.12565445026178,0.795,0.150943396226415,0.05,"a2_equal_a1",0.425231540283636,0.0336417176887615,1,0.399936175907513,0.0341421178139106,1,0.121963417470612,0.0333690602347898,0.948,0.450062130900724,0.0368519250719141,1,-0.0592926385959051,0.0360420581760587,0.372,0.421838007313535,0.0374836274748286,1,0.118825759052749,0.0334250621943602,0.936,-0.0507717211961636,0.0359088113851925,0.297,0.0340119666608417,0.0346981762211609,0.0345671811710748,0.0365941346194867,0.0347678673812962,0.0373729311076989,0.0344961872468021,0.0345617494135544,0.125231540283636,0.0999361759075131,0.150062130900724,0.121838007313535,"sim","classical","norm",NA,1000,1000,314
0.1,0.3,"D2_varyA1Rho_WithX",0.2,0.4,0.4,0,0.3,0.45,0.05,0,0,1,0.15,0.15,0.2,0.2,0.5,0.18,0.02,0.2,0.9,0.12,0.955,0.12565445026178,0.795,0.150943396226415,0.1,"a2_equal_a1",0.426245456177597,0.0336270324717054,1,0.402094337158177,0.0341837732998757,1,0.114316358426333,0.0333697544787705,0.914,0.45041562506005,0.0368052620455768,1,-0.0579745485346975,0.0359966779143054,0.375,0.424659815540226,0.0374071136289609,1,0.112420205495501,0.0333766596514752,0.909,-0.0531582514861659,0.0358410502964232,0.327,0.0339845548121748,0.0341856274168889,0.0335123968278234,0.0374063167812751,0.035975398929014,0.0377263108291312,0.0335133648111603,0.0360834029656268,0.126245456177597,0.102094337158177,0.15041562506005,0.124659815540226,"sim","classical","norm",NA,1000,1000,314
0.15,0.3,"D2_varyA1Rho_WithX",0.2,0.4,0.4,0,0.3,0.425,0.075,0,0,1,0.15,0.15,0.2,0.2,0.5,0.17,0.03,0.2,0.85,0.12,0.955,0.12565445026178,0.795,0.150943396226415,0.15,"a2_equal_a1",0.427654177301013,0.0336130605155837,1,0.405369031523705,0.0342036843567615,1,0.105230974947827,0.0333907023502056,0.881,0.452491091498039,0.0367892133299685,1,-0.0593734186281267,0.0359694837629082,0.367,0.429876754826841,0.0373310699152748,1,0.104670771556052,0.0333653187416485,0.883,-0.058304610421783,0.0358132498266377,0.357,0.0336022858210118,0.0338211226392367,0.032278745853357,0.0363624170379028,0.0350074051486041,0.0366479573956801,0.032251429352268,0.034683765692606,0.127654177301013,0.105369031523705,0.152491091498039,0.129876754826841,"sim","classical","norm",NA,1000,1000,314
0.2,0.3,"D2_varyA1Rho_WithX",0.2,0.4,0.4,0,0.3,0.4,0.1,0,0,1,0.15,0.15,0.2,0.2,0.5,0.16,0.04,0.2,0.8,0.12,0.955,0.12565445026178,0.795,0.150943396226415,0.2,"a2_equal_a1",0.426362099601755,0.0336618714273333,1,0.405929889246056,0.0342536167311594,1,0.097984580673066,0.0334721705070087,0.846,0.450535675772528,0.036852852302479,1,-0.0576195143195727,0.0359945226446221,0.361,0.430737254826085,0.0373144099724945,1,0.0990638553179674,0.0334479735559433,0.855,-0.0596614408116344,0.0358623659894822,0.388,0.0334021364116288,0.0337161998613723,0.0323983700061258,0.0368957488365779,0.0365130070131379,0.0370074088962097,0.032439860030893,0.036494856952765,0.126362099601755,0.105929889246056,0.150535675772528,0.130737254826085,"sim","classical","norm",NA,1000,1000,314
0.25,0.3,"D2_varyA1Rho_WithX",0.2,0.4,0.4,0,0.3,0.375,0.125,0,0,1,0.15,0.15,0.2,0.2,0.5,0.15,0.05,0.2,0.75,0.12,0.955,0.12565445026178,0.795,0.150943396226415,0.25,"a2_equal_a1",0.425204373961337,0.0336515085360223,1,0.40625982859439,0.0342693289458493,1,0.0907815294522869,0.033433163162983,0.762,0.450188739777329,0.0368300672762116,1,-0.0599142963940149,0.0359890162141981,0.398,0.432521404330174,0.0372494763792373,1,0.0934743560849934,0.0334292095635174,0.787,-0.0643268873790488,0.0359011493977711,0.456,0.0322339096946352,0.0326400214319836,0.0338396476179428,0.0360380884874781,0.035540173387191,0.0362549915122019,0.0337594985847847,0.0355566458396072,0.125204373961337,0.10625982859439,0.150188739777329,0.132521404330174,"sim","classical","norm",NA,1000,1000,314
0.3,0.3,"D2_varyA1Rho_WithX",0.2,0.4,0.4,0,0.3,0.35,0.15,0,0,1,0.15,0.15,0.2,0.2,0.5,0.14,0.06,0.2,0.7,0.12,0.955,0.12565445026178,0.795,0.150943396226415,0.3,"a2_equal_a1",0.422899168141032,0.0336035041842047,1,0.4057268526059,0.0342422555906374,1,0.0821081499286096,0.0335052323936527,0.685,0.447676967560951,0.0367988766660275,1,-0.0591393206566122,0.0359917664485701,0.372,0.43242442129981,0.0371658227779423,1,0.0866416111646704,0.0335569685662334,0.722,-0.0659748043922624,0.0359881956422497,0.445,0.0339937393200937,0.0345093442707402,0.0336606074667823,0.0376111530953053,0.0361926099390372,0.0379847151242372,0.033518208184741,0.0359868891087294,0.122899168141032,0.1057268526059,0.147676967560951,0.132424421299811,"sim","classical","norm",NA,1000,1000,314
0.35,0.3,"D2_varyA1Rho_WithX",0.2,0.4,0.4,0,0.3,0.325,0.175,0,0,1,0.15,0.15,0.2,0.2,0.5,0.13,0.07,0.2,0.65,0.12,0.955,0.12565445026178,0.795,0.150943396226415,0.35,"a2_equal_a1",0.427124665315402,0.0336015520529987,1,0.411259499305959,0.034260146564477,1,0.0752208018577515,0.0334834265370667,0.609,0.45301211557275,0.0367970630607226,1,-0.0617698232469058,0.0359600530512209,0.409,0.43953774136095,0.0371131445187253,1,0.0820662666069267,0.0336157218622843,0.678,-0.070881063511504,0.0360634072290044,0.506,0.0335125664946914,0.0340714118775517,0.0335967960722399,0.0369433225503374,0.0356528812367803,0.0372521702412596,0.033665262707371,0.0357258753645396,0.127124665315402,0.111259499305959,0.15301211557275,0.13953774136095,"sim","classical","norm",NA,1000,1000,314
0.4,0.3,"D2_varyA1Rho_WithX",0.2,0.4,0.4,0,0.3,0.3,0.2,0,0,1,0.15,0.15,0.2,0.2,0.5,0.12,0.08,0.2,0.6,0.12,0.955,0.12565445026178,0.795,0.150943396226415,0.4,"a2_equal_a1",0.426138577607728,0.0336548049380909,1,0.412013090351617,0.0343107486048263,1,0.0681987050573022,0.033514731669968,0.545,0.450990481040648,0.0368505212239607,1,-0.059305507462361,0.035997497513779,0.376,0.439617063699548,0.0371116199952348,1,0.0767285761838722,0.0337630389223798,0.623,-0.0701218982420873,0.0362370415274903,0.485,0.0330508161503689,0.0341102151898393,0.0340137457331214,0.0367359677852343,0.0354790086689037,0.0371926656072285,0.0342573120489576,0.0355503982873301,0.126138577607728,0.112013090351617,0.150990481040648,0.139617063699548,"sim","classical","norm",NA,1000,1000,314
0.45,0.3,"D2_varyA1Rho_WithX",0.2,0.4,0.4,0,0.3,0.275,0.225,0,0,1,0.15,0.15,0.2,0.2,0.5,0.11,0.09,0.2,0.55,0.12,0.955,0.12565445026178,0.795,0.150943396226415,0.45,"a2_equal_a1",0.426810174200516,0.0336580135815922,1,0.414382848660122,0.0343423269310231,1,0.0596527683301092,0.0335551712813513,0.426,0.452473437664097,0.0368733716464941,1,-0.0609486157809288,0.0359821148245039,0.398,0.44285578918047,0.0371007611070111,1,0.0704975404844489,0.0339402726763418,0.539,-0.0730157306163512,0.0363899564491461,0.509,0.0335161913784165,0.0338503499231008,0.0343119666125662,0.0369073030644931,0.0367499185688655,0.036766195420086,0.0349974136270616,0.0374246863639,0.126810174200516,0.114382848660122,0.152473437664097,0.14285578918047,"sim","classical","norm",NA,1000,1000,314
0.5,0.3,"D2_varyA1Rho_WithX",0.2,0.4,0.4,0,0.3,0.25,0.25,0,0,1,0.15,0.15,0.2,0.2,0.5,0.1,0.1,0.2,0.5,0.12,0.955,0.12565445026178,0.795,0.150943396226415,0.5,"a2_equal_a1",0.42678895048813,0.0336357273918481,1,0.415682753756646,0.0343379183587176,1,0.0529111559981539,0.0335535412465077,0.353,0.451671283259695,0.0368331378211967,1,-0.0594292368388958,0.0359723226575584,0.378,0.443367456760213,0.0370340701179456,1,0.065402700500753,0.0340933911557514,0.478,-0.0723991614373115,0.0365563095176855,0.512,0.0349018806339205,0.0356760895115278,0.033801452842385,0.0382304769466678,0.0370619202356832,0.038482508563965,0.0342809853613004,0.0375507280842626,0.12678895048813,0.115682753756646,0.151671283259695,0.143367456760213,"sim","classical","norm",NA,1000,1000,314
0.55,0.3,"D2_varyA1Rho_WithX",0.2,0.4,0.4,0,0.3,0.225,0.275,0,0,1,0.15,0.15,0.2,0.2,0.5,0.09,0.11,0.2,0.45,0.12,0.955,0.12565445026178,0.795,0.150943396226415,0.55,"a2_equal_a1",0.426897938346287,0.033601030448748,1,0.417745367915205,0.0343096338701422,1,0.0436031524145138,0.0335616499615119,0.25,0.451619658830685,0.0368061255498051,1,-0.0589865936082921,0.0360105319309056,0.391,0.445062532932321,0.0369712136858479,1,0.0580289667144781,0.0343189187569709,0.407,-0.0723798375402725,0.0368381713591128,0.516,0.0341185777304531,0.0346936090942303,0.0339802674885133,0.0367165982592487,0.0337350391169723,0.0369049142885142,0.0346272912100802,0.034267946561397,0.126897938346287,0.117745367915205,0.151619658830685,0.145062532932321,"sim","classical","norm",NA,1000,1000,314
0.6,0.3,"D2_varyA1Rho_WithX",0.2,0.4,0.4,0,0.3,0.2,0.3,0,0,1,0.15,0.15,0.2,0.2,0.5,0.08,0.12,0.2,0.4,0.12,0.955,0.12565445026178,0.795,0.150943396226415,0.6,"a2_equal_a1",0.42783367119536,0.0335794390567399,1,0.419972270633078,0.0343150460799221,1,0.0372394288370718,0.0335740437035448,0.193,0.452765256026768,0.0367624538994586,1,-0.0597974130310177,0.0359623182109924,0.392,0.447259830391323,0.0369064103390212,1,0.0538252401535722,0.0345547795649428,0.339,-0.0737888336464008,0.0370409995576508,0.505,0.0333937188881524,0.0340329005559281,0.0334539418992101,0.0363180957763612,0.0358203579368471,0.0364041048688622,0.0345117883900711,0.0367750840916281,0.12783367119536,0.119972270633078,0.152765256026768,0.147259830391323,"sim","classical","norm",NA,1000,1000,314
0.65,0.3,"D2_varyA1Rho_WithX",0.2,0.4,0.4,0,0.3,0.175,0.325,0,0,1,0.15,0.15,0.2,0.2,0.5,0.07,0.13,0.2,0.35,0.12,0.955,0.12565445026178,0.795,0.150943396226415,0.65,"a2_equal_a1",0.425734608767984,0.0335884413648537,1,0.419657599976815,0.0343196281077617,1,0.0289922251380988,0.0335413200934796,0.144,0.450639328268101,0.0367807956469033,1,-0.0594216237836005,0.0359050625424599,0.383,0.446493139420988,0.0368891279689785,1,0.0476578649324933,0.0348095802711643,0.288,-0.0733729564665049,0.0373009128609519,0.5,0.0341056024529677,0.0348507724106755,0.0341776999712077,0.0371177935973817,0.0372350832945671,0.0371693734710558,0.0356447000569505,0.0386196631663555,0.125734608767984,0.119657599976815,0.150639328268101,0.146493139420988,"sim","classical","norm",NA,1000,1000,314
0.7,0.3,"D2_varyA1Rho_WithX",0.2,0.4,0.4,0,0.3,0.15,0.35,0,0,1,0.15,0.15,0.2,0.2,0.5,0.06,0.14,0.2,0.3,0.12,0.955,0.12565445026178,0.795,0.150943396226415,0.7,"a2_equal_a1",0.425483383774022,0.0336023286235061,1,0.421059314485282,0.0343431071610857,1,0.021067300285636,0.033537796907149,0.092,0.450436272144889,0.0368154333169506,1,-0.0593227722321593,0.0359614195981709,0.391,0.44729473356045,0.036904796867633,1,0.0410168056616741,0.0350756342469553,0.204,-0.07239427193881,0.0376537449242674,0.505,0.0345548215864695,0.0353260603467558,0.0331937367919962,0.0376060241181184,0.0355333403116233,0.0376279609739763,0.0349139519608986,0.0373672486455107,0.125483383774022,0.121059314485282,0.150436272144889,0.14729473356045,"sim","classical","norm",NA,1000,1000,314
0.75,0.3,"D2_varyA1Rho_WithX",0.2,0.4,0.4,0,0.3,0.125,0.375,0,0,1,0.15,0.15,0.2,0.2,0.5,0.05,0.15,0.2,0.25,0.12,0.955,0.12565445026178,0.795,0.150943396226415,0.75,"a2_equal_a1",0.426145944044664,0.0335753410470781,1,0.423679645728582,0.0343203072542754,1,0.0120021687873042,0.0336208759736178,0.063,0.451331704334088,0.0367553006221774,1,-0.060306959924496,0.0359852796996253,0.398,0.449219505948304,0.0368264398654933,1,0.0339701378081111,0.0355158711612832,0.149,-0.0722153261391976,0.0380656479572279,0.492,0.0354575383218499,0.0363271641496066,0.0334640254241002,0.0387853306279738,0.0367194343214235,0.0388709469667616,0.0355858700567333,0.0390468127256743,0.126145944044664,0.123679645728582,0.151331704334088,0.149219505948304,"sim","classical","norm",NA,1000,1000,314
0.8,0.3,"D2_varyA1Rho_WithX",0.2,0.4,0.4,0,0.3,0.1,0.4,0,0,1,0.15,0.15,0.2,0.2,0.5,0.04,0.16,0.2,0.2,0.12,0.955,0.12565445026178,0.795,0.150943396226415,0.8,"a2_equal_a1",0.42601461596978,0.0336028521746264,1,0.424553072704866,0.0343489265017083,1,0.00711949397182798,0.0336501994031539,0.052,0.451153979958371,0.0368094472244736,1,-0.059765175118174,0.0359802885431282,0.388,0.449584463479189,0.0368603494405175,1,0.0305986344148635,0.035911334736403,0.138,-0.0713375048145663,0.0384485749531525,0.461,0.0341079870666359,0.0348338625235654,0.0346860119324033,0.0360996928118248,0.0356402300107858,0.0362434678297072,0.0368574050424445,0.0377981544916252,0.126014615969781,0.124553072704866,0.151153979958371,0.149584463479189,"sim","classical","norm",NA,1000,1000,314
0.85,0.3,"D2_varyA1Rho_WithX",0.2,0.4,0.4,0,0.3,0.075,0.425,0,0,1,0.15,0.15,0.2,0.2,0.5,0.03,0.17,0.2,0.15,0.12,0.955,0.12565445026178,0.795,0.150943396226415,0.85,"a2_equal_a1",0.427039287113185,0.0336420029591022,1,0.427695042000375,0.0343779944635528,1,-0.00302897833859029,0.0335602020812351,0.064,0.451858647838573,0.0368215195456193,1,-0.0593007176257578,0.0359808134405601,0.384,0.45108402557516,0.0368570420585807,1,0.0211205280801878,0.0362738824285598,0.094,-0.0679629606686127,0.0389417486927144,0.407,0.0338977943503405,0.0344568585721378,0.0354644402440564,0.0373856901481257,0.0358448339926399,0.0374418657340964,0.0376352744090693,0.0380472384273835,0.127039287113185,0.127695042000375,0.151858647838573,0.15108402557516,"sim","classical","norm",NA,1000,1000,314
0.9,0.3,"D2_varyA1Rho_WithX",0.2,0.4,0.4,0,0.3,0.05,0.45,0,0,1,0.15,0.15,0.2,0.2,0.5,0.02,0.18,0.2,0.1,0.12,0.955,0.12565445026178,0.795,0.150943396226415,0.9,"a2_equal_a1",0.425199010016319,0.0335777902348575,1,0.427405250687746,0.0343273540687503,1,-0.0104982627325748,0.0335749164742076,0.0500000000000001,0.450325870023603,0.0367585102868371,1,-0.0601330187056131,0.0359431474826291,0.39,0.449910962001107,0.0367869097405613,1,0.0150587285063538,0.0367814036907674,0.071,-0.066713359405708,0.0394289985085466,0.399,0.0337091645697455,0.0343340383224708,0.0330338143671995,0.0363967600800551,0.0348600473440131,0.0363890873637224,0.0371319160180666,0.0393163553076466,0.125199010016319,0.127405250687746,0.150325870023603,0.149910962001107,"sim","classical","norm",NA,1000,1000,314
0.95,0.3,"D2_varyA1Rho_WithX",0.2,0.4,0.4,0,0.3,0.025,0.475,0,0,1,0.15,0.15,0.2,0.2,0.5,0.00999999999999999,0.19,0.2,0.0499999999999999,0.12,0.955,0.12565445026178,0.795,0.150943396226415,0.95,"a2_equal_a1",0.425542964315923,0.0336426652626782,1,0.429608924318742,0.0343776221153275,1,-0.0192855345877104,0.0335690980885246,0.091,0.45057205105915,0.0368477714832483,1,-0.0595837983495963,0.035967030667991,0.376,0.450498571825704,0.0368676244217827,1,0.00614723456264898,0.037283935076522,0.061,-0.0624746073563535,0.0399955929974576,0.346,0.0331403119192167,0.0336201935868782,0.0336667193277003,0.0358494050211536,0.035694075687019,0.035882191403251,0.0384162417831527,0.0407330383159195,0.125542964315923,0.129608924318742,0.15057205105915,0.150498571825704,"sim","classical","norm",NA,1000,1000,314
1,0.3,"D2_varyA1Rho_WithX",0.2,0.4,0.4,0,0.3,0,0.5,0,0,1,0.15,0.15,0.2,0.2,0.5,0,0.2,0.2,0,0.12,0.955,0.12565445026178,0.795,0.150943396226415,1,"a2_equal_a1",0.42406001865486,0.0336404727563906,1,0.429838816349021,0.0343775349366667,1,-0.0276989485947952,0.033545613559504,0.129,0.449355139667254,0.0368562885998681,1,-0.0604381166674828,0.0360218585462776,0.391,0.449329600556781,0.036873926318916,1,-0.00178900211917626,0.0378969964269374,0.063,-0.0595515186939927,0.040735483286626,0.293,0.0344864412017405,0.035452571263374,0.035377218963458,0.0373799148289194,0.0354526733436807,0.0374072230840418,0.0398543507158482,0.0399653752479895,0.12406001865486,0.129838816349021,0.149355139667254,0.149329600556781,"sim","classical","norm",NA,1000,1000,314
0.05,0.3,"D2_varyA1Rho_WithX",0.4,0.4,0.4,0,0.3,0.95,0.05,0,0,1,0.15,0.15,0.2,0.2,0.5,0.38,0.02,0.4,0.95,0.12,0.955,0.12565445026178,0.795,0.150943396226415,0.05,"a2_equal_a1",0.425963919408631,0.0335954691983744,1,0.306938699735246,0.0357063810849423,1,0.283263845775328,0.0349226460412272,1,0.451898207714352,0.0367776341698192,1,-0.0619685279468827,0.035973722196377,0.405,0.317809339919434,0.0394780376927361,1,0.28004102483964,0.0352811180523258,1,-0.0227094457594083,0.0352524882642527,0.0989999999999999,0.0345529586896948,0.0356353497964902,0.0336095429529646,0.0374008707262268,0.036701685168725,0.0389927067775157,0.0339097618199479,0.0358132307175641,0.125963919408631,0.0069386997352463,0.151898207714352,0.0178093399194336,"sim","classical","norm",NA,1000,1000,314
0.1,0.3,"D2_varyA1Rho_WithX",0.4,0.4,0.4,0,0.3,0.9,0.1,0,0,1,0.15,0.15,0.2,0.2,0.5,0.36,0.04,0.4,0.9,0.12,0.955,0.12565445026178,0.795,0.150943396226415,0.1,"a2_equal_a1",0.425231540283636,0.0336417176887615,1,0.315108180928965,0.0358494148816381,1,0.263874933331154,0.0350147161415689,1,0.450062130900724,0.0368519250719141,1,-0.0592926385959051,0.0360420581760587,0.372,0.332373952174544,0.0392289811570525,1,0.260779617915279,0.0351246784591619,1,-0.0381965236069466,0.0352104115267246,0.183,0.0340119666608417,0.0359789608725453,0.0358734274672049,0.0365941346194867,0.0347678673812962,0.0388628361538874,0.0359581173248925,0.0337850976389142,0.125231540283636,0.0151081809289648,0.150062130900724,0.0323739521745439,"sim","classical","norm",NA,1000,1000,314
0.15,0.3,"D2_varyA1Rho_WithX",0.4,0.4,0.4,0,0.3,0.85,0.15,0,0,1,0.15,0.15,0.2,0.2,0.5,0.34,0.06,0.4,0.85,0.12,0.955,0.12565445026178,0.795,0.150943396226415,0.15,"a2_equal_a1",0.426245456177597,0.0336270324717054,1,0.322986614726543,0.0360189349788449,1,0.245638579814832,0.0351616045005472,1,0.45041562506005,0.0368052620455768,1,-0.0579745485346975,0.0359966779143054,0.375,0.345335225739633,0.0390003801695574,1,0.244525298541034,0.0351490027310209,1,-0.0524853027072829,0.0351783968057073,0.333,0.0339845548121748,0.0358902569185985,0.036381428739335,0.0374063167812751,0.035975398929014,0.0391149432800079,0.03633329263737,0.0354965805651593,0.126245456177597,0.0229866147265427,0.15041562506005,0.0453352257396332,"sim","classical","norm",NA,1000,1000,314
0.2,0.3,"D2_varyA1Rho_WithX",0.4,0.4,0.4,0,0.3,0.8,0.2,0,0,1,0.15,0.15,0.2,0.2,0.5,0.32,0.08,0.4,0.8,0.12,0.955,0.12565445026178,0.795,0.150943396226415,0.2,"a2_equal_a1",0.427654177301013,0.0336130605155837,1,0.332476856560705,0.0361579889436866,1,0.226103893883518,0.0353143448920195,1,0.452491091498039,0.0367892133299685,1,-0.0593734186281267,0.0359694837629082,0.367,0.359884896531598,0.0387857480651038,1,0.228686362878956,0.0352925864116096,1,-0.0681642685939801,0.0352769513214188,0.487,0.0336022858210118,0.0347046414595317,0.0344639073960138,0.0363624170379028,0.0350074051486041,0.0372766840697129,0.0343544159098967,0.0339316587862547,0.127654177301013,0.0324768565607049,0.152491091498039,0.0598848965315977,"sim","classical","norm",NA,1000,1000,314
0.25,0.3,"D2_varyA1Rho_WithX",0.4,0.4,0.4,0,0.3,0.75,0.25,0,0,1,0.15,0.15,0.2,0.2,0.5,0.3,0.1,0.4,0.75,0.12,0.955,0.12565445026178,0.795,0.150943396226415,0.25,"a2_equal_a1",0.426362099601755,0.0336618714273333,1,0.33891000033445,0.0362664832445125,1,0.209109324968015,0.0354269328125415,1,0.450535675772528,0.036852852302479,1,-0.0576195143195727,0.0359945226446221,0.361,0.368894859870863,0.0385847844155708,1,0.21708338989935,0.0355338405121003,1,-0.0794603989484402,0.035534665161493,0.596,0.0334021364116288,0.035469435683486,0.0345234568357005,0.0368957488365779,0.0365130070131379,0.0380084237626431,0.034747370207809,0.0361744092962246,0.126362099601755,0.0389100003344503,0.150535675772528,0.0688948598708635,"sim","classical","norm",NA,1000,1000,314
0.3,0.3,"D2_varyA1Rho_WithX",0.4,0.4,0.4,0,0.3,0.7,0.3,0,0,1,0.15,0.15,0.2,0.2,0.5,0.28,0.12,0.4,0.7,0.12,0.955,0.12565445026178,0.795,0.150943396226415,0.3,"a2_equal_a1",0.425204373961337,0.0336515085360223,1,0.345371529389361,0.0363561013234441,1,0.191105593626926,0.03548854060172,0.998,0.450188739777329,0.0368300672762116,1,-0.0599142963940149,0.0359890162141981,0.398,0.377796927927797,0.0383884867765298,1,0.205687725424655,0.0358371365136976,1,-0.0923378819754968,0.0358733559799072,0.736,0.0322339096946352,0.0347353954710303,0.0358008690106537,0.0360380884874781,0.035540173387191,0.0373330244397365,0.0361124924193252,0.0356870053895623,0.125204373961337,0.0453715293893609,0.150188739777329,0.0777969279277972,"sim","classical","norm",NA,1000,1000,314
0.35,0.3,"D2_varyA1Rho_WithX",0.4,0.4,0.4,0,0.3,0.65,0.35,0,0,1,0.15,0.15,0.2,0.2,0.5,0.26,0.14,0.4,0.65,0.12,0.955,0.12565445026178,0.795,0.150943396226415,0.35,"a2_equal_a1",0.422899168141032,0.0336035041842047,1,0.350537513498006,0.0364214468495135,1,0.172872698216472,0.0356356377929482,0.996,0.447676967560951,0.0367988766660275,1,-0.0591393206566122,0.0359917664485701,0.372,0.383857161924106,0.0381953409566546,1,0.19521219744163,0.0363973735958765,0.999,-0.101867477938212,0.0363843694917549,0.807,0.0339937393200937,0.0366163200237077,0.0356984142600786,0.0376111530953053,0.0361926099390372,0.038957346018826,0.0359731630851715,0.0361932682644027,0.122899168141032,0.0505375134980058,0.147676967560951,0.0838571619241059,"sim","classical","norm",NA,1000,1000,314
0.4,0.3,"D2_varyA1Rho_WithX",0.4,0.4,0.4,0,0.3,0.6,0.4,0,0,1,0.15,0.15,0.2,0.2,0.5,0.24,0.16,0.4,0.6,0.12,0.955,0.12565445026178,0.795,0.150943396226415,0.4,"a2_equal_a1",0.427124665315402,0.0336015520529987,1,0.362190195626755,0.0365053272472382,1,0.154632288629056,0.0356567478768365,0.987,0.45301211557275,0.0367970630607226,1,-0.0617698232469058,0.0359600530512209,0.409,0.396621232714299,0.0380275613533014,1,0.186562614629303,0.0369862185247525,1,-0.114065940184015,0.0370068051756474,0.871,0.0335125664946914,0.0367134668383485,0.0356703466634433,0.0369433225503374,0.0356528812367803,0.038483057744441,0.0369516922124755,0.0367081692325283,0.127124665315402,0.0621901956267555,0.15301211557275,0.0966212327142991,"sim","classical","norm",NA,1000,1000,314
0.45,0.3,"D2_varyA1Rho_WithX",0.4,0.4,0.4,0,0.3,0.55,0.45,0,0,1,0.15,0.15,0.2,0.2,0.5,0.22,0.18,0.4,0.55,0.12,0.955,0.12565445026178,0.795,0.150943396226415,0.45,"a2_equal_a1",0.426138577607728,0.0336548049380909,1,0.368230081191643,0.0366019770601198,1,0.138804802803751,0.0357774003350344,0.969,0.450990481040648,0.0368505212239607,1,-0.059305507462361,0.035997497513779,0.376,0.401602715565308,0.0379128064793433,1,0.179848810110289,0.0378839838393729,0.996,-0.120582435589638,0.0378823580005604,0.895,0.0330508161503689,0.0368571469995614,0.0360276232245427,0.0367359677852343,0.0354790086689037,0.0382084628939584,0.0381109020894493,0.0369089204062134,0.126138577607728,0.0682300811916427,0.150990481040648,0.101602715565308,"sim","classical","norm",NA,1000,1000,314
0.5,0.3,"D2_varyA1Rho_WithX",0.4,0.4,0.4,0,0.3,0.5,0.5,0,0,1,0.15,0.15,0.2,0.2,0.5,0.2,0.2,0.4,0.5,0.12,0.955,0.12565445026178,0.795,0.150943396226415,0.5,"a2_equal_a1",0.426810174200516,0.0336580135815922,1,0.37660515611993,0.0366966659705116,1,0.119970437514591,0.0358488912040728,0.921,0.452473437664097,0.0368733716464941,1,-0.0609486157809288,0.0359821148245039,0.398,0.409448865601807,0.0378101300755839,1,0.17193482726974,0.0389277380003306,0.994,-0.129772091611367,0.0389121026142027,0.904,0.0335161913784165,0.0360546437959175,0.0355231479838633,0.0369073030644931,0.0367499185688655,0.0372952102361096,0.039052275048476,0.0400812900109675,0.126810174200516,0.0766051561199304,0.152473437664097,0.109448865601807,"sim","classical","norm",NA,1000,1000,314
0.55,0.3,"D2_varyA1Rho_WithX",0.4,0.4,0.4,0,0.3,0.45,0.55,0,0,1,0.15,0.15,0.2,0.2,0.5,0.18,0.22,0.4,0.45,0.12,0.955,0.12565445026178,0.795,0.150943396226415,0.55,"a2_equal_a1",0.42678895048813,0.0336357273918481,1,0.383566765482934,0.0367381969525898,1,0.103077843777233,0.0358910428245583,0.806,0.451671283259695,0.0368331378211967,1,-0.0594292368388958,0.0359723226575584,0.378,0.41413602938102,0.0376633844217884,1,0.165215370944759,0.0401909679015297,0.986,-0.135227776857109,0.0401725554341952,0.914,0.0349018806339205,0.038064920415763,0.0362397246772592,0.0382304769466678,0.0370619202356832,0.03913797235331,0.0404717398177468,0.0411510842001218,0.12678895048813,0.083566765482934,0.151671283259695,0.11413602938102,"sim","classical","norm",NA,1000,1000,314
0.6,0.3,"D2_varyA1Rho_WithX",0.4,0.4,0.4,0,0.3,0.4,0.6,0,0,1,0.15,0.15,0.2,0.2,0.5,0.16,0.24,0.4,0.4,0.12,0.955,0.12565445026178,0.795,0.150943396226415,0.6,"a2_equal_a1",0.426897938346287,0.033601030448748,1,0.391576297288866,0.0367378031376654,1,0.0844070750690202,0.0359350214091639,0.653,0.451619658830685,0.0368061255498051,1,-0.0589865936082921,0.0360105319309056,0.391,0.42001699132111,0.0375115772254026,1,0.157695605848999,0.0418608837764739,0.972,-0.141092230786551,0.0418869848243852,0.926,0.0341185777304531,0.0369338950237949,0.0356486850401289,0.0367165982592487,0.0337350391169723,0.0374025994850503,0.0416015259355059,0.039033400493583,0.126897938346287,0.091576297288866,0.151619658830685,0.12001699132111,"sim","classical","norm",NA,1000,1000,314
0.65,0.3,"D2_varyA1Rho_WithX",0.4,0.4,0.4,0,0.3,0.35,0.65,0,0,1,0.15,0.15,0.2,0.2,0.5,0.14,0.26,0.4,0.35,0.12,0.955,0.12565445026178,0.795,0.150943396226415,0.65,"a2_equal_a1",0.42783367119536,0.0335794390567399,1,0.399690523905196,0.0367795384007965,1,0.0669650449678426,0.0359679640796342,0.443,0.452765256026768,0.0367624538994586,1,-0.0597974130310177,0.0359623182109924,0.392,0.425587647948209,0.0373806028488966,1,0.153049932340933,0.0439189523205874,0.939,-0.148498300602831,0.0438965364715943,0.933,0.0333937188881524,0.0362804819678854,0.0356001683560852,0.0363180957763612,0.0358203579368471,0.0368088888245491,0.0437526235989159,0.0435431826303013,0.12783367119536,0.0996905239051958,0.152765256026768,0.125587647948209,"sim","classical","norm",NA,1000,1000,314
0.7,0.3,"D2_varyA1Rho_WithX",0.4,0.4,0.4,0,0.3,0.3,0.7,0,0,1,0.15,0.15,0.2,0.2,0.5,0.12,0.28,0.4,0.3,0.12,0.955,0.12565445026178,0.795,0.150943396226415,0.7,"a2_equal_a1",0.425734608767984,0.0335884413648537,1,0.405502269935733,0.0367950154232761,1,0.0482933064730167,0.0359182171353937,0.278,0.450639328268101,0.0367807956469033,1,-0.0594216237836005,0.0359050625424599,0.383,0.428569973797785,0.0372781281530575,1,0.147002410171715,0.0465884580857687,0.877,-0.153752281304633,0.0465938587514953,0.908,0.0341056024529677,0.0371121170070241,0.0365544222659835,0.0371177935973817,0.0372350832945671,0.0374712431856907,0.0474385449894383,0.0480181684198752,0.125734608767984,0.105502269935733,0.150639328268101,0.128569973797785,"sim","classical","norm",NA,1000,1000,314
0.75,0.3,"D2_varyA1Rho_WithX",0.4,0.4,0.4,0,0.3,0.25,0.75,0,0,1,0.15,0.15,0.2,0.2,0.5,0.1,0.3,0.4,0.25,0.12,0.955,0.12565445026178,0.795,0.150943396226415,0.75,"a2_equal_a1",0.425483383774022,0.0336023286235061,1,0.412735723727891,0.0368483712874374,1,0.0304519873965028,0.0359921658859406,0.133,0.450436272144889,0.0368154333169506,1,-0.0593227722321593,0.0359614195981709,0.391,0.432715424807091,0.0372290663278383,1,0.140449640228377,0.0501150352933674,0.809,-0.157524390771943,0.0501212360618178,0.883,0.0345548215864695,0.0377433467067342,0.0352731761077752,0.0376060241181184,0.0355333403116233,0.037901092737731,0.0496235315497478,0.049763973128017,0.125483383774022,0.112735723727891,0.150436272144889,0.132715424807091,"sim","classical","norm",NA,1000,1000,314
0.8,0.3,"D2_varyA1Rho_WithX",0.4,0.4,0.4,0,0.3,0.2,0.8,0,0,1,0.15,0.15,0.2,0.2,0.5,0.08,0.32,0.4,0.2,0.12,0.955,0.12565445026178,0.795,0.150943396226415,0.8,"a2_equal_a1",0.426145944044664,0.0335753410470781,1,0.421503104149235,0.0368194336256715,1,0.0112260758472202,0.0360568985364466,0.07,0.451331704334088,0.0367553006221774,1,-0.060306959924496,0.0359852796996253,0.398,0.437724857152824,0.037087241000754,1,0.135111555854912,0.0552524134149971,0.685,-0.162953274605329,0.0552182705602109,0.83,0.0354575383218499,0.0389296476347676,0.036098145150455,0.0387853306279738,0.0367194343214235,0.0391230601533175,0.0551678687842144,0.0563250989928692,0.126145944044664,0.121503104149235,0.151331704334088,0.137724857152824,"sim","classical","norm",NA,1000,1000,314
0.85,0.3,"D2_varyA1Rho_WithX",0.4,0.4,0.4,0,0.3,0.15,0.85,0,0,1,0.15,0.15,0.2,0.2,0.5,0.06,0.34,0.4,0.15,0.12,0.955,0.12565445026178,0.795,0.150943396226415,0.85,"a2_equal_a1",0.42601461596978,0.0336028521746264,1,0.428085036067045,0.0368667402415729,1,-0.00471780693052631,0.036085078415626,0.045,0.451153979958371,0.0368094472244736,1,-0.059765175118174,0.0359802885431282,0.388,0.440876259242486,0.0370510302099504,1,0.135331321550925,0.0627977367310206,0.566,-0.170567053309905,0.0626995741814413,0.772,0.0341079870666359,0.0367427228636131,0.0367899434065406,0.0360996928118248,0.0356402300107858,0.0365384691374681,0.0646694738691187,0.0627936709037038,0.126014615969781,0.128085036067045,0.151153979958371,0.140876259242486,"sim","classical","norm",NA,1000,1000,314
0.9,0.3,"D2_varyA1Rho_WithX",0.4,0.4,0.4,0,0.3,0.1,0.9,0,0,1,0.15,0.15,0.2,0.2,0.5,0.04,0.36,0.4,0.1,0.12,0.955,0.12565445026178,0.795,0.150943396226415,0.9,"a2_equal_a1",0.427039287113185,0.0336420029591022,1,0.437006792584502,0.036863655742189,1,-0.0237308295255645,0.0360173919124195,0.112,0.451858647838573,0.0368215195456193,1,-0.0593007176257578,0.0359808134405601,0.384,0.445560241113182,0.0369831924269333,1,0.125631206728214,0.0755904631789942,0.397,-0.169853344230346,0.075599677503486,0.614,0.0338977943503405,0.0372691433190103,0.0372371640376364,0.0373856901481257,0.0358448339926399,0.0375684657568078,0.0778934435042057,0.0751079939953732,0.127039287113185,0.137006792584502,0.151858647838573,0.145560241113182,"sim","classical","norm",NA,1000,1000,314
0.95,0.3,"D2_varyA1Rho_WithX",0.4,0.4,0.4,0,0.3,0.0499999999999999,0.95,0,0,1,0.15,0.15,0.2,0.2,0.5,0.02,0.38,0.4,0.0499999999999999,0.12,0.955,0.12565445026178,0.795,0.150943396226415,0.95,"a2_equal_a1",0.425199010016319,0.0335777902348575,1,0.44283760392769,0.0367919268081844,1,-0.0421760299477545,0.0359746458612011,0.204,0.450325870023603,0.0367585102868371,1,-0.0601330187056131,0.0359431474826291,0.39,0.44714365182056,0.03685004146817,1,0.123440639265402,0.105376700611636,0.222,-0.176107490016567,0.10536021935288,0.395,0.0337091645697455,0.0363307836299631,0.0344122566459278,0.0363967600800551,0.0348600473440131,0.0363972822805423,0.106543998561633,0.107678095459202,0.125199010016319,0.14283760392769,0.150325870023603,0.14714365182056,"sim","classical","norm",NA,1000,1000,314
0,0.3,"D2_varyA1Rho_WithX",0.2,0.6,0.6,0,0.3,0.333333333333333,0,0,0,1,0.15,0.15,0.2,0.2,0.5,0.2,0,0.2,1,0.18,0.955,0.18848167539267,0.595,0.302521008403361,0,"a2_equal_a1",0.488539433642463,0.0332996689991579,1,0.474908410619343,0.033976627420811,1,0.0649523654176836,0.0332227331731403,0.496,0.603661560323203,0.041773537118201,1,-0.183498839722888,0.0408613896604918,0.991,0.589496800581623,0.0432368999075724,1,0.0422095803797838,0.0333827971849839,0.248,-0.175068249637426,0.0413946874650037,0.984,0.0346324251210205,0.0353848453191471,0.0324156725647196,0.0426322627750384,0.0414174604524691,0.044200965460387,0.032582268296522,0.0420624987156367,0.188539433642463,0.174908410619343,0.303661560323203,0.289496800581623,"sim","classical","norm",NA,1000,1000,314
0.05,0.3,"D2_varyA1Rho_WithX",0.2,0.6,0.6,0,0.3,0.316666666666667,0.0166666666666667,0,0,1,0.15,0.15,0.2,0.2,0.5,0.19,0.01,0.2,0.95,0.18,0.955,0.18848167539267,0.595,0.302521008403361,0.05,"a2_equal_a1",0.488797925274639,0.0333410448040556,1,0.476518254510812,0.0340141940106154,1,0.0590009913163018,0.0332502606384451,0.447,0.602447738946295,0.041870735138192,1,-0.180916458155535,0.0409515665299922,0.995,0.589905714050817,0.0431850430371233,1,0.039134289006233,0.033311469115746,0.216,-0.17394230790949,0.0413591683292464,0.992,0.0339131701194144,0.0345839771734096,0.0342439288001613,0.0419469369501459,0.039115644514586,0.04302622400002,0.0338916502623208,0.0393581986765499,0.188797925274639,0.176518254510812,0.302447738946295,0.289905714050817,"sim","classical","norm",NA,1000,1000,314
0.1,0.3,"D2_varyA1Rho_WithX",0.2,0.6,0.6,0,0.3,0.3,0.0333333333333333,0,0,1,0.15,0.15,0.2,0.2,0.5,0.18,0.02,0.2,0.9,0.18,0.955,0.18848167539267,0.595,0.302521008403361,0.1,"a2_equal_a1",0.489693979397929,0.0333344486481472,1,0.478342495789536,0.0340383100753645,1,0.0540878320039684,0.033228316118471,0.365,0.601861017366873,0.0418137443158054,1,-0.1788666224518,0.0408857295323783,0.992,0.590586743973775,0.0430257908895927,1,0.0371065999312249,0.0332007756274822,0.199,-0.173271120886423,0.0411891834223517,0.989,0.0333673489584001,0.0337287505601894,0.032988436035722,0.0426183190180896,0.0410770441516,0.0436160876256974,0.0330378099286538,0.041545965478371,0.189693979397929,0.178342495789536,0.301861017366873,0.290586743973775,"sim","classical","norm",NA,1000,1000,314
0.15,0.3,"D2_varyA1Rho_WithX",0.2,0.6,0.6,0,0.3,0.283333333333333,0.05,0,0,1,0.15,0.15,0.2,0.2,0.5,0.17,0.03,0.2,0.85,0.18,0.955,0.18848167539267,0.595,0.302521008403361,0.15,"a2_equal_a1",0.490029686502897,0.0333185907947832,1,0.479883312989664,0.0340346474307818,1,0.0478573833407396,0.0332207217432278,0.307,0.602877268594702,0.0417798607054737,1,-0.179978171737188,0.0408435507753898,0.992,0.593078581246836,0.0428477699496349,1,0.0340067784387406,0.0330927551989242,0.171,-0.175859534710029,0.041039022881591,0.99,0.0337438775005404,0.0341581801132939,0.0319679206709735,0.0415401574082151,0.0397083475155829,0.0423162228537654,0.0318566513867829,0.0399274230000345,0.190029686502897,0.179883312989664,0.302877268594702,0.293078581246836,"sim","classical","norm",NA,1000,1000,314
0.2,0.3,"D2_varyA1Rho_WithX",0.2,0.6,0.6,0,0.3,0.266666666666667,0.0666666666666667,0,0,1,0.15,0.15,0.2,0.2,0.5,0.16,0.04,0.2,0.8,0.18,0.955,0.18848167539267,0.595,0.302521008403361,0.2,"a2_equal_a1",0.489742614481307,0.0333565085811701,1,0.480788452850019,0.0340625363168131,1,0.0428856356896855,0.0332911558237833,0.251,0.602163520855357,0.0418813901474201,1,-0.17876797650844,0.0409125374684681,0.993,0.593566005099189,0.0428103060313642,1,0.0321581854948153,0.0330992358619189,0.167,-0.175770123698506,0.0410329283625358,0.991,0.0334419557392134,0.0339616874180222,0.032276416881434,0.0426853806013995,0.0419163885442032,0.0432683812955791,0.0320842707664634,0.0419790013870832,0.189742614481307,0.180788452850019,0.302163520855357,0.293566005099189,"sim","classical","norm",NA,1000,1000,314
0.25,0.3,"D2_varyA1Rho_WithX",0.2,0.6,0.6,0,0.3,0.25,0.0833333333333333,0,0,1,0.15,0.15,0.2,0.2,0.5,0.15,0.05,0.2,0.75,0.18,0.955,0.18848167539267,0.595,0.302521008403361,0.25,"a2_equal_a1",0.488126426395474,0.0333740273464971,1,0.480081374714881,0.0340884150123132,1,0.0387490189032262,0.0332376025869546,0.213,0.601527438535426,0.0418643292720226,1,-0.180618385901706,0.0408873282406923,0.988,0.593829943160422,0.0426985156063486,1,0.0306196491789889,0.0329946624964447,0.146,-0.178452019102484,0.0409559239737476,0.988,0.0317781785950855,0.0324178852918,0.0339312520346152,0.0414844038556543,0.0407296394847375,0.0421316774505161,0.0336316426668663,0.0407467582718705,0.188126426395474,0.180081374714881,0.301527438535426,0.293829943160422,"sim","classical","norm",NA,1000,1000,314
0.3,0.3,"D2_varyA1Rho_WithX",0.2,0.6,0.6,0,0.3,0.233333333333333,0.1,0,0,1,0.15,0.15,0.2,0.2,0.5,0.14,0.06,0.2,0.7,0.18,0.955,0.18848167539267,0.595,0.302521008403361,0.3,"a2_equal_a1",0.486031973053308,0.0333188577746086,1,0.47923809041161,0.0340361288309653,1,0.0325765889780436,0.0332946862102393,0.162,0.598660174757418,0.0418308350341901,1,-0.179332514825562,0.0409040270524973,0.99,0.592122443977159,0.0425482720973317,1,0.0277853120229823,0.0330163145425171,0.128,-0.178142653827051,0.0409322724502688,0.989,0.033397463436239,0.0340512699216777,0.0334991821472609,0.0421604149868093,0.0411982491480679,0.0430900586028928,0.0331105841647368,0.041290147753653,0.186031973053308,0.17923809041161,0.298660174757418,0.292122443977159,"sim","classical","norm",NA,1000,1000,314
0.35,0.3,"D2_varyA1Rho_WithX",0.2,0.6,0.6,0,0.3,0.216666666666667,0.116666666666667,0,0,1,0.15,0.15,0.2,0.2,0.5,0.13,0.07,0.2,0.65,0.18,0.955,0.18848167539267,0.595,0.302521008403361,0.35,"a2_equal_a1",0.488991463302516,0.0333008353618272,1,0.482958560391035,0.0340323507471665,1,0.0283406055199695,0.0332749211023836,0.139,0.60389910597115,0.0417954468111687,1,-0.182909250411292,0.0408547700391983,0.996,0.597965309391559,0.0424194457017353,1,0.0267908924866164,0.0329641101347957,0.129,-0.182540555950156,0.0408637729547487,0.996,0.0324542669465593,0.0330076007842031,0.0333482589905385,0.0417271591061928,0.0410845753433859,0.0423293714886745,0.0329944638566259,0.0411217430594445,0.188991463302516,0.182958560391035,0.30389910597115,0.297965309391559,"sim","classical","norm",NA,1000,1000,314
0.4,0.3,"D2_varyA1Rho_WithX",0.2,0.6,0.6,0,0.3,0.2,0.133333333333333,0,0,1,0.15,0.15,0.2,0.2,0.5,0.12,0.08,0.2,0.6,0.18,0.955,0.18848167539267,0.595,0.302521008403361,0.4,"a2_equal_a1",0.489386300293635,0.0333435706608802,1,0.484440940852963,0.0340528481086812,1,0.0237963350417656,0.0332624632724505,0.117,0.603049694929608,0.0418616991672573,1,-0.180864135418474,0.0409078208651332,0.993,0.597973474890232,0.0423715096476688,1,0.0255106051448366,0.0329593597597484,0.121,-0.181226265476895,0.0409192198985693,0.994,0.0325963900040962,0.033701852286967,0.0339463222052536,0.0416613852870181,0.0403134672025413,0.0424665213571887,0.0335459692059295,0.0402245775141786,0.189386300293635,0.184440940852963,0.303049694929608,0.297973474890232,"sim","classical","norm",NA,1000,1000,314
0.45,0.3,"D2_varyA1Rho_WithX",0.2,0.6,0.6,0,0.3,0.183333333333333,0.15,0,0,1,0.15,0.15,0.2,0.2,0.5,0.11,0.09,0.2,0.55,0.18,0.955,0.18848167539267,0.595,0.302521008403361,0.45,"a2_equal_a1",0.489946924115986,0.0333481996026748,1,0.486312772568101,0.0340758733074864,1,0.0175270289359796,0.0333045630367553,0.09,0.605171592512899,0.0418788582988898,1,-0.182973676493162,0.0408787399764825,0.99,0.601072440546049,0.0423182227321188,1,0.0224807651255305,0.0330057818170635,0.118,-0.183889792787429,0.0409111967610769,0.991,0.0331526671959574,0.0338499213205073,0.0345770209294537,0.0412700175544826,0.0414363728065549,0.0414722552859408,0.0342980491619753,0.0415138729820519,0.189946924115986,0.186312772568101,0.305171592512899,0.301072440546049,"sim","classical","norm",NA,1000,1000,314
0.5,0.3,"D2_varyA1Rho_WithX",0.2,0.6,0.6,0,0.3,0.166666666666667,0.166666666666667,0,0,1,0.15,0.15,0.2,0.2,0.5,0.1,0.1,0.2,0.5,0.18,0.955,0.18848167539267,0.595,0.302521008403361,0.5,"a2_equal_a1",0.489854511231512,0.0333096303887991,1,0.487030374046165,0.0340422622326539,1,0.0134911435096968,0.0332899538793332,0.068,0.603651156150243,0.0418223865999938,1,-0.181110638508583,0.0408761678685092,0.994,0.60008154948314,0.0422024127459173,1,0.0211337991374148,0.0330221112989507,0.0989999999999999,-0.182467987787575,0.0409428730013365,0.994,0.0347091462061211,0.035521927429936,0.033586545875549,0.0438698125604262,0.0422886993466689,0.0443955835823812,0.0333191864564205,0.0423073489500854,0.189854511231512,0.187030374046165,0.303651156150243,0.30008154948314,"sim","classical","norm",NA,1000,1000,314
0.55,0.3,"D2_varyA1Rho_WithX",0.2,0.6,0.6,0,0.3,0.15,0.183333333333333,0,0,1,0.15,0.15,0.2,0.2,0.5,0.09,0.11,0.2,0.45,0.18,0.955,0.18848167539267,0.595,0.302521008403361,0.55,"a2_equal_a1",0.490816492001366,0.0333020398973867,1,0.48941643101329,0.0340321049174823,1,0.00638354175298469,0.0332833878570547,0.06,0.60478956615376,0.0418230996703035,1,-0.18142190328976,0.0409123478161622,0.994,0.602074944798135,0.0421287618644019,1,0.0175046432582324,0.0330701485347322,0.088,-0.183030440336244,0.0410458829181283,0.994,0.0336058720626537,0.0342948363294946,0.0336844522845489,0.0417127346144764,0.0382971245288427,0.0421078290688523,0.0332716660608515,0.0383441378836054,0.190816492001366,0.18941643101329,0.30478956615376,0.302074944798135,"sim","classical","norm",NA,1000,1000,314
0.6,0.3,"D2_varyA1Rho_WithX",0.2,0.6,0.6,0,0.3,0.133333333333333,0.2,0,0,1,0.15,0.15,0.2,0.2,0.5,0.08,0.12,0.2,0.4,0.18,0.955,0.18848167539267,0.595,0.302521008403361,0.6,"a2_equal_a1",0.49105980712941,0.0332925153947239,1,0.49048143243895,0.0340427866016019,1,0.00273308171905836,0.0332987902870447,0.061,0.604923399221185,0.0417671971999642,1,-0.181593992863309,0.0408384940307743,0.994,0.602631097528491,0.0420271975081077,1,0.0169211588636867,0.0331389698423705,0.082,-0.183625388510514,0.0410435014714673,0.995,0.0334061061782321,0.0341819858280723,0.033271534100187,0.0412488442168471,0.0403821383041111,0.0415568477274221,0.0331793211201556,0.0405326161192481,0.19105980712941,0.19048143243895,0.304923399221185,0.302631097528491,"sim","classical","norm",NA,1000,1000,314
0.65,0.3,"D2_varyA1Rho_WithX",0.2,0.6,0.6,0,0.3,0.116666666666667,0.216666666666667,0,0,1,0.15,0.15,0.2,0.2,0.5,0.07,0.13,0.2,0.35,0.18,0.955,0.18848167539267,0.595,0.302521008403361,0.65,"a2_equal_a1",0.488774320628763,0.0332838796668534,1,0.489308783494864,0.034025413212804,1,-0.00264569715491777,0.0332700942302666,0.05,0.6025998225407,0.0418053931939365,1,-0.180848112573258,0.0408179579265487,0.992,0.600859295657177,0.0419999330054411,1,0.0150696307717415,0.0331978178652032,0.0729999999999999,-0.183129806751566,0.0411297323628382,0.994,0.0342825877849283,0.0351708843087298,0.0340927857872163,0.0425143790743556,0.0416837843390629,0.0427551170634508,0.0341945613706616,0.0419302154668148,0.188774320628763,0.189308783494864,0.3025998225407,0.300859295657177,"sim","classical","norm",NA,1000,1000,314
0.7,0.3,"D2_varyA1Rho_WithX",0.2,0.6,0.6,0,0.3,0.1,0.233333333333333,0,0,1,0.15,0.15,0.2,0.2,0.5,0.06,0.14,0.2,0.3,0.18,0.955,0.18848167539267,0.595,0.302521008403361,0.7,"a2_equal_a1",0.488449240325269,0.0333004296369506,1,0.4900648320573,0.0340387274048641,1,-0.00775808480228145,0.0332438869549097,0.052,0.602010978201161,0.0418406147322575,1,-0.180476151967626,0.0408763731764064,0.992,0.600711637212305,0.0419958811655989,1,0.0124701589182744,0.0332569401758749,0.065,-0.182593985549927,0.0412891415514725,0.992,0.0339145414179768,0.0346851877706001,0.0329871540698492,0.0422131179158944,0.0404847610754906,0.0423163996902387,0.0330124154388055,0.0409441997958006,0.188449240325269,0.1900648320573,0.302010978201161,0.300711637212305,"sim","classical","norm",NA,1000,1000,314
0.75,0.3,"D2_varyA1Rho_WithX",0.2,0.6,0.6,0,0.3,0.0833333333333333,0.25,0,0,1,0.15,0.15,0.2,0.2,0.5,0.05,0.15,0.2,0.25,0.18,0.955,0.18848167539267,0.595,0.302521008403361,0.75,"a2_equal_a1",0.489172147814373,0.0332877709687348,1,0.492180914122569,0.0340232431651858,1,-0.014358071837791,0.0333211749175658,0.0749999999999999,0.602930483649756,0.041750487878238,1,-0.181574258206712,0.0408631460054081,0.992,0.602162046373734,0.0418652297219287,1,0.00947809724249571,0.0334478310637355,0.062,-0.183504006891535,0.0414204964527341,0.989,0.0343918912932622,0.035160160517655,0.0332466947970285,0.04280351765287,0.0416416671738523,0.0429399891639303,0.0336108612490959,0.0423220920657983,0.189172147814373,0.192180914122569,0.302930483649756,0.302162046373735,"sim","classical","norm",NA,1000,1000,314
0.8,0.3,"D2_varyA1Rho_WithX",0.2,0.6,0.6,0,0.3,0.0666666666666667,0.266666666666667,0,0,1,0.15,0.15,0.2,0.2,0.5,0.04,0.16,0.2,0.2,0.18,0.955,0.18848167539267,0.595,0.302521008403361,0.8,"a2_equal_a1",0.488831680655687,0.0332921889425574,1,0.492219585992486,0.0340198732201088,1,-0.0163632735718244,0.0333370543171546,0.091,0.602709369952166,0.0418180312580897,1,-0.181134631883044,0.0408921120621751,0.993,0.602000099194376,0.0418987209257695,1,0.0103777855169551,0.0335839549973961,0.0669999999999999,-0.183481963429368,0.0415920287931559,0.994,0.0342304057201473,0.0347700397602147,0.0341194479208993,0.0406540609870927,0.0397610980029226,0.0407619622922997,0.0344029223671213,0.0403105670901517,0.188831680655687,0.192219585992486,0.302709369952166,0.302000099194376,"sim","classical","norm",NA,1000,1000,314
0.85,0.3,"D2_varyA1Rho_WithX",0.2,0.6,0.6,0,0.3,0.05,0.283333333333333,0,0,1,0.15,0.15,0.2,0.2,0.5,0.03,0.17,0.2,0.15,0.18,0.955,0.18848167539267,0.595,0.302521008403361,0.85,"a2_equal_a1",0.4900910393823,0.0333356441436914,1,0.49516430710728,0.0340560445884013,1,-0.0241985356587247,0.0332467867812185,0.118,0.603249480097428,0.0418121434915173,1,-0.180406385241681,0.0408658697399968,0.994,0.602985961672462,0.0418637401895891,1,0.0057057755419692,0.0336598958700138,0.065,-0.181866414455043,0.0417637942968539,0.993,0.0335150375811741,0.0340087790268163,0.0351108529667825,0.0420701918857431,0.0408416695528898,0.0421645916797179,0.0351285298628176,0.0412469206882245,0.1900910393823,0.19516430710728,0.303249480097428,0.302985961672462,"sim","classical","norm",NA,1000,1000,314
0.9,0.3,"D2_varyA1Rho_WithX",0.2,0.6,0.6,0,0.3,0.0333333333333333,0.3,0,0,1,0.15,0.15,0.2,0.2,0.5,0.02,0.18,0.2,0.1,0.18,0.955,0.18848167539267,0.595,0.302521008403361,0.9,"a2_equal_a1",0.487957983621922,0.033308700361115,1,0.494047311269033,0.0340385652551353,1,-0.0288309924961436,0.0332706176382229,0.133,0.601412024472452,0.0417866242860036,1,-0.180717805310359,0.0408292343719658,0.995,0.601247082639875,0.0418229689376137,1,0.00433282446831328,0.0338506280704289,0.06,-0.181878984524937,0.0419312165598413,0.99,0.0332452726561218,0.0341001515967226,0.0332460907371662,0.0411182232684736,0.0395864329595059,0.0411118164123543,0.0341449461296027,0.0411641924112906,0.187957983621922,0.194047311269033,0.301412024472452,0.301247082639875,"sim","classical","norm",NA,1000,1000,314
0.95,0.3,"D2_varyA1Rho_WithX",0.2,0.6,0.6,0,0.3,0.0166666666666666,0.316666666666667,0,0,1,0.15,0.15,0.2,0.2,0.5,0.00999999999999999,0.19,0.2,0.05,0.18,0.955,0.18848167539267,0.595,0.302521008403361,0.95,"a2_equal_a1",0.488692760579699,0.0333285724620622,1,0.496010415147981,0.0340392393286356,1,-0.0350780582566997,0.0332438223550884,0.187,0.602428981297023,0.0418482310287946,1,-0.180782749025797,0.0408677450013755,0.993,0.602399393139934,0.0418726737731466,1,0.000731921027368636,0.0339988046874167,0.059,-0.181006132632523,0.0421805845565664,0.993,0.0333214529662905,0.0339694583878484,0.0336397705645763,0.0414951430249619,0.0406148061620668,0.041530045950007,0.0349087208444123,0.0423478325212499,0.188692760579699,0.196010415147982,0.302428981297024,0.302399393139934,"sim","classical","norm",NA,1000,1000,314
1,0.3,"D2_varyA1Rho_WithX",0.2,0.6,0.6,0,0.3,0,0.333333333333333,0,0,1,0.15,0.15,0.2,0.2,0.5,0,0.2,0.2,0,0.18,0.955,0.18848167539267,0.595,0.302521008403361,1,"a2_equal_a1",0.487061033434951,0.0333596421489958,1,0.49559517969092,0.034073191536239,1,-0.0408034796260803,0.0332351441810548,0.231,0.601236825859438,0.0419047457390779,1,-0.181518958636896,0.0409416983641872,0.994,0.601189326703251,0.0419238431960461,1,-0.00151101161840929,0.0342181007438874,0.059,-0.18100584320286,0.0425328397840518,0.991,0.0339871547159212,0.0350028204922653,0.0350507263113713,0.0427098371202401,0.0404518634836198,0.0426906058271326,0.0358584729453192,0.0416584625192777,0.187061033434951,0.19559517969092,0.301236825859438,0.301189326703251,"sim","classical","norm",NA,1000,1000,314
0,0.3,"D2_varyA1Rho_WithX",0.4,0.6,0.6,0,0.3,0.666666666666667,0,0,0,1,0.15,0.15,0.2,0.2,0.5,0.4,0,0.4,1,0.18,0.955,0.18848167539267,0.595,0.302521008403361,0,"a2_equal_a1",0.488539433642463,0.0332996689991579,1,0.425495561399062,0.036207273957107,1,0.150278213674784,0.035416557985285,0.986,0.603661560323203,0.041773537118201,1,-0.183498839722888,0.0408613896604918,0.991,0.531029198022218,0.0486811709134092,1,0.108132922941131,0.0375977094131431,0.822,-0.140072464704059,0.0434276049299311,0.898,0.0346324251210205,0.0374679402079806,0.0342882106933466,0.0426322627750384,0.0414174604524691,0.0493997243838273,0.0363165099894396,0.0440356263414454,0.188539433642463,0.125495561399062,0.303661560323203,0.231029198022218,"sim","classical","norm",NA,1000,1000,314
0.05,0.3,"D2_varyA1Rho_WithX",0.4,0.6,0.6,0,0.3,0.633333333333333,0.0333333333333333,0,0,1,0.15,0.15,0.2,0.2,0.5,0.38,0.02,0.4,0.95,0.18,0.955,0.18848167539267,0.595,0.302521008403361,0.05,"a2_equal_a1",0.488797925274639,0.0333410448040556,1,0.431583222513246,0.036269450990432,1,0.13693457646007,0.0354418369664031,0.961,0.602447738946295,0.041870735138192,1,-0.180916458155535,0.0409515665299922,0.995,0.539359186696272,0.0479541582267182,1,0.0987005851343837,0.0369912813626924,0.754,-0.146171628439771,0.0428357877069637,0.933,0.0339131701194144,0.0369296695843999,0.0365268432315775,0.0419469369501459,0.039115644514586,0.0477054134885716,0.0377618227151499,0.0407895188126368,0.188797925274639,0.131583222513246,0.302447738946295,0.239359186696272,"sim","classical","norm",NA,1000,1000,314
0.1,0.3,"D2_varyA1Rho_WithX",0.4,0.6,0.6,0,0.3,0.6,0.0666666666666667,0,0,1,0.15,0.15,0.2,0.2,0.5,0.36,0.04,0.4,0.9,0.18,0.955,0.18848167539267,0.595,0.302521008403361,0.1,"a2_equal_a1",0.489693979397929,0.0333344486481472,1,0.437240266527501,0.0363480072191808,1,0.124840740002787,0.035468396002014,0.939,0.601861017366873,0.0418137443158054,1,-0.1788666224518,0.0408857295323783,0.992,0.54660889520893,0.0472409085872652,1,0.0909850283506879,0.0364977722305433,0.699,-0.151692195973045,0.0422143349120385,0.943,0.0333673489584001,0.0355885096611721,0.0355712205087627,0.0426183190180896,0.0410770441516,0.0472573980606652,0.0365503037311718,0.0426469514626596,0.189693979397929,0.137240266527501,0.301861017366873,0.24660889520893,"sim","classical","norm",NA,1000,1000,314
0.15,0.3,"D2_varyA1Rho_WithX",0.4,0.6,0.6,0,0.3,0.566666666666667,0.1,0,0,1,0.15,0.15,0.2,0.2,0.5,0.34,0.06,0.4,0.85,0.18,0.955,0.18848167539267,0.595,0.302521008403361,0.15,"a2_equal_a1",0.490029686502897,0.0333185907947832,1,0.443075095288754,0.036384363920788,1,0.1115477992186,0.0355191464422373,0.887,0.602877268594702,0.0417798607054737,1,-0.179978171737188,0.0408435507753898,0.992,0.555621009133974,0.0465333081122195,1,0.0824559331072368,0.0360799053451543,0.64,-0.159976492116693,0.0416860239720082,0.973,0.0337438775005404,0.03578447421308,0.0339229232215741,0.0415401574082151,0.0397083475155829,0.0453048306136533,0.0345317763012072,0.0405200556750002,0.190029686502897,0.143075095288754,0.302877268594702,0.255621009133974,"sim","classical","norm",NA,1000,1000,314
0.2,0.3,"D2_varyA1Rho_WithX",0.4,0.6,0.6,0,0.3,0.533333333333333,0.133333333333333,0,0,1,0.15,0.15,0.2,0.2,0.5,0.32,0.08,0.4,0.8,0.18,0.955,0.18848167539267,0.595,0.302521008403361,0.2,"a2_equal_a1",0.489742614481307,0.0333565085811701,1,0.447834765473012,0.0364276219750391,1,0.100113858409072,0.0355998644693792,0.817,0.602163520855357,0.0418813901474201,1,-0.17876797650844,0.0409125374684681,0.993,0.560869077029088,0.0460164588184213,1,0.0769407020625466,0.0358169016311117,0.564,-0.164303846682022,0.0413930451773463,0.976,0.0334419557392134,0.0359381545451816,0.034390113427485,0.0426853806013995,0.0419163885442032,0.0458351944931527,0.0344942108207101,0.0422217589845156,0.189742614481307,0.147834765473012,0.302163520855357,0.260869077029088,"sim","classical","norm",NA,1000,1000,314
0.25,0.3,"D2_varyA1Rho_WithX",0.4,0.6,0.6,0,0.3,0.5,0.166666666666667,0,0,1,0.15,0.15,0.2,0.2,0.5,0.3,0.1,0.4,0.75,0.18,0.955,0.18848167539267,0.595,0.302521008403361,0.25,"a2_equal_a1",0.488126426395474,0.0333740273464971,1,0.450844894210628,0.0364724042431926,1,0.0891555695836372,0.0355678396532037,0.692,0.601527438535426,0.0418643292720226,1,-0.180618385901706,0.0408873282406923,0.988,0.565391043397004,0.045502644326485,1,0.0715906920909419,0.0355350840127674,0.539,-0.170713026467207,0.0411181448680467,0.982,0.0317781785950855,0.0346211126276438,0.036147301653624,0.0414844038556543,0.0407296394847375,0.0447069551477671,0.0360176689380707,0.0409522434387414,0.188126426395474,0.150844894210628,0.301527438535426,0.265391043397004,"sim","classical","norm",NA,1000,1000,314
0.3,0.3,"D2_varyA1Rho_WithX",0.4,0.6,0.6,0,0.3,0.466666666666667,0.2,0,0,1,0.15,0.15,0.2,0.2,0.5,0.28,0.12,0.4,0.7,0.18,0.955,0.18848167539267,0.595,0.302521008403361,0.3,"a2_equal_a1",0.486031973053308,0.0333188577746086,1,0.454028446166764,0.0364462722149232,1,0.0765466349763939,0.0356542263402713,0.578,0.598660174757418,0.0418308350341901,1,-0.179332514825562,0.0409040270524973,0.99,0.567713168817983,0.0449757737326949,1,0.0658195606227731,0.0354426947859787,0.471,-0.173869844976054,0.0409576914819579,0.988,0.033397463436239,0.0364091317576634,0.0356936022262283,0.0421604149868093,0.0411982491480679,0.0458378356394156,0.0354584740834628,0.0414581467571262,0.186031973053308,0.154028446166764,0.298660174757418,0.267713168817983,"sim","classical","norm",NA,1000,1000,314
0.35,0.3,"D2_varyA1Rho_WithX",0.4,0.6,0.6,0,0.3,0.433333333333333,0.233333333333333,0,0,1,0.15,0.15,0.2,0.2,0.5,0.26,0.14,0.4,0.65,0.18,0.955,0.18848167539267,0.595,0.302521008403361,0.35,"a2_equal_a1",0.488991463302516,0.0333008353618272,1,0.461589661033019,0.0364708889530744,1,0.0650950696060858,0.035645200638301,0.438,0.60389910597115,0.0417954468111687,1,-0.182909250411292,0.0408547700391983,0.996,0.577000253679146,0.0445179307244755,1,0.0613377902558077,0.0353248598927212,0.405,-0.181192198110832,0.0408249637957191,0.995,0.0324542669465593,0.0354042245339083,0.0355932871224723,0.0417271591061928,0.0410845753433859,0.0444476327210942,0.0352540947178679,0.0410967396933892,0.188991463302516,0.161589661033019,0.30389910597115,0.277000253679146,"sim","classical","norm",NA,1000,1000,314
0.4,0.3,"D2_varyA1Rho_WithX",0.4,0.6,0.6,0,0.3,0.4,0.266666666666667,0,0,1,0.15,0.15,0.2,0.2,0.5,0.24,0.16,0.4,0.6,0.18,0.955,0.18848167539267,0.595,0.302521008403361,0.4,"a2_equal_a1",0.489386300293635,0.0333435706608802,1,0.466795472587695,0.0364804853589347,1,0.0541973510322391,0.0356589992292787,0.335,0.603049694929608,0.0418616991672573,1,-0.180864135418474,0.0409078208651332,0.993,0.579909698000443,0.0441413218629556,1,0.0578590086384078,0.0353363223915101,0.384,-0.182424298742788,0.0408849914690914,0.994,0.0325963900040962,0.0365581062240775,0.0363357392255574,0.0416613852870181,0.0403134672025413,0.0445857376289979,0.0358985245231663,0.040093540257776,0.189386300293635,0.166795472587695,0.303049694929608,0.279909698000443,"sim","classical","norm",NA,1000,1000,314
0.45,0.3,"D2_varyA1Rho_WithX",0.4,0.6,0.6,0,0.3,0.366666666666667,0.3,0,0,1,0.15,0.15,0.2,0.2,0.5,0.22,0.18,0.4,0.55,0.18,0.955,0.18848167539267,0.595,0.302521008403361,0.45,"a2_equal_a1",0.489946924115986,0.0333481996026748,1,0.47277386204059,0.0365361691864539,1,0.0411287914894311,0.0357101274465801,0.216,0.605171592512899,0.0418788582988898,1,-0.182973676493162,0.0408787399764825,0.99,0.585929292792805,0.0438343755721888,1,0.0523420110824533,0.0354434115200729,0.315,-0.187153447386298,0.0409522124674334,0.994,0.0331526671959574,0.0363739319141637,0.0366384345804941,0.0412700175544826,0.0414363728065549,0.0428975068633686,0.0364229890944287,0.0415506587586907,0.189946924115986,0.17277386204059,0.305171592512899,0.285929292792805,"sim","classical","norm",NA,1000,1000,314
0.5,0.3,"D2_varyA1Rho_WithX",0.4,0.6,0.6,0,0.3,0.333333333333333,0.333333333333333,0,0,1,0.15,0.15,0.2,0.2,0.5,0.2,0.2,0.4,0.5,0.18,0.955,0.18848167539267,0.595,0.302521008403361,0.5,"a2_equal_a1",0.489854511231512,0.0333096303887991,1,0.477157108863538,0.0365153299023864,1,0.030323323812057,0.0357078650538219,0.14,0.603651156150243,0.0418223865999938,1,-0.181110638508583,0.0408761678685092,0.994,0.587275715073034,0.0434864217159856,1,0.0486339143011985,0.0355843483471346,0.29,-0.187459218473655,0.041120810358509,0.996,0.0347091462061211,0.0380716964607523,0.0360193836871774,0.0438698125604262,0.0422886993466689,0.045828802392873,0.0359078596100729,0.0424229147860216,0.189854511231512,0.177157108863538,0.303651156150243,0.287275715073034,"sim","classical","norm",NA,1000,1000,314
0.55,0.3,"D2_varyA1Rho_WithX",0.4,0.6,0.6,0,0.3,0.3,0.366666666666667,0,0,1,0.15,0.15,0.2,0.2,0.5,0.18,0.22,0.4,0.45,0.18,0.955,0.18848167539267,0.595,0.302521008403361,0.55,"a2_equal_a1",0.490816492001366,0.0333020398973867,1,0.483829178327944,0.0365019279730458,1,0.0165663985985791,0.035701074237938,0.082,0.60478956615376,0.0418230996703035,1,-0.18142190328976,0.0409123478161622,0.994,0.591794677880456,0.0431786903149562,1,0.0429112626428731,0.0358218168990673,0.213,-0.189401432408452,0.0414465629318555,0.995,0.0336058720626537,0.0368312941007936,0.0360512550893845,0.0417127346144764,0.0382971245288427,0.0432683533361004,0.0359142805793928,0.0385825523716255,0.190816492001366,0.183829178327944,0.30478956615376,0.291794677880456,"sim","classical","norm",NA,1000,1000,314
0.6,0.3,"D2_varyA1Rho_WithX",0.4,0.6,0.6,0,0.3,0.266666666666667,0.4,0,0,1,0.15,0.15,0.2,0.2,0.5,0.16,0.24,0.4,0.4,0.18,0.955,0.18848167539267,0.595,0.302521008403361,0.6,"a2_equal_a1",0.49105980712941,0.0332925153947239,1,0.488562601171112,0.036534832083184,1,0.00592257626027534,0.0357224747446623,0.061,0.604923399221185,0.0417671971999642,1,-0.181593992863309,0.0408384940307743,0.994,0.594098972591838,0.0428931441548224,1,0.0400621294844078,0.0361492725606771,0.185,-0.191165903139898,0.0417339252289159,0.997,0.0334061061782321,0.0366509542131072,0.0355904965999118,0.0412488442168471,0.0403821383041111,0.0424591647440463,0.0361414657949527,0.0411875473552697,0.19105980712941,0.188562601171112,0.304923399221185,0.294098972591838,"sim","classical","norm",NA,1000,1000,314
0.65,0.3,"D2_varyA1Rho_WithX",0.4,0.6,0.6,0,0.3,0.233333333333333,0.433333333333333,0,0,1,0.15,0.15,0.2,0.2,0.5,0.14,0.26,0.4,0.35,0.18,0.955,0.18848167539267,0.595,0.302521008403361,0.65,"a2_equal_a1",0.488774320628763,0.0332838796668534,1,0.491372715256907,0.0365103072805226,1,-0.00624825177461483,0.0356775560148169,0.047,0.6025998225407,0.0418053931939365,1,-0.180848112573258,0.0408179579265487,0.992,0.594172610476954,0.0426715074850293,1,0.0360559080860446,0.0365382197138045,0.177,-0.191515179636969,0.0422134140151844,0.995,0.0342825877849283,0.0377303005696302,0.0364253854911319,0.0425143790743556,0.0416837843390629,0.0434994160215789,0.0375157789753902,0.0430200318884133,0.188774320628763,0.191372715256907,0.3025998225407,0.294172610476954,"sim","classical","norm",NA,1000,1000,314
0.7,0.3,"D2_varyA1Rho_WithX",0.4,0.6,0.6,0,0.3,0.2,0.466666666666667,0,0,1,0.15,0.15,0.2,0.2,0.5,0.12,0.28,0.4,0.3,0.18,0.955,0.18848167539267,0.595,0.302521008403361,0.7,"a2_equal_a1",0.488449240325269,0.0333004296369506,1,0.496007153147328,0.0365181125828627,1,-0.0180294343571553,0.0356701830143041,0.076,0.602010978201161,0.0418406147322575,1,-0.180476151967626,0.0408763731764064,0.992,0.595698526230886,0.042513369058998,1,0.0310538129492653,0.0370145728864576,0.122,-0.191159785314152,0.0428241642036142,0.992,0.0339145414179768,0.037262417087862,0.0353246135185065,0.0422131179158944,0.0404847610754906,0.0428739150300893,0.0367624299861313,0.042467282403955,0.188449240325269,0.196007153147328,0.302010978201161,0.295698526230886,"sim","classical","norm",NA,1000,1000,314
0.75,0.3,"D2_varyA1Rho_WithX",0.4,0.6,0.6,0,0.3,0.166666666666667,0.5,0,0,1,0.15,0.15,0.2,0.2,0.5,0.1,0.3,0.4,0.25,0.18,0.955,0.18848167539267,0.595,0.302521008403361,0.75,"a2_equal_a1",0.489172147814373,0.0332877709687348,1,0.502413554200555,0.0364919885911947,1,-0.0316466592816157,0.035734588004172,0.145,0.602930483649756,0.041750487878238,1,-0.181574258206712,0.0408631460054081,0.992,0.598618175580388,0.0422418415230926,1,0.0257928315234042,0.0377301356575257,0.103,-0.191901382202752,0.0435547410279212,0.989,0.0343918912932622,0.0376842214503398,0.0356873663815524,0.04280351765287,0.0416416671738523,0.0433414756948084,0.0378923466235398,0.0445408005399399,0.189172147814373,0.202413554200555,0.302930483649756,0.298618175580388,"sim","classical","norm",NA,1000,1000,314
0.8,0.3,"D2_varyA1Rho_WithX",0.4,0.6,0.6,0,0.3,0.133333333333333,0.533333333333333,0,0,1,0.15,0.15,0.2,0.2,0.5,0.08,0.32,0.4,0.2,0.18,0.955,0.18848167539267,0.595,0.302521008403361,0.8,"a2_equal_a1",0.488831680655687,0.0332921889425574,1,0.505726176336026,0.0364882276776798,1,-0.0404481026122448,0.0357586462830379,0.213,0.602709369952166,0.0418180312580897,1,-0.181134631883044,0.0408921120621751,0.993,0.599388868750165,0.0421521202212315,1,0.024555538161841,0.0384950855834129,0.101,-0.192221586781238,0.0444225051380836,0.991,0.0342304057201473,0.0369438062883999,0.0365762279372164,0.0406540609870927,0.0397610980029226,0.0410431031509774,0.0394918862531386,0.043180409662133,0.188831680655687,0.205726176336026,0.302709369952166,0.299388868750165,"sim","classical","norm",NA,1000,1000,314
0.85,0.3,"D2_varyA1Rho_WithX",0.4,0.6,0.6,0,0.3,0.1,0.566666666666667,0,0,1,0.15,0.15,0.2,0.2,0.5,0.06,0.34,0.4,0.15,0.18,0.955,0.18848167539267,0.595,0.302521008403361,0.85,"a2_equal_a1",0.4900910393823,0.0333356441436914,1,0.513011511430407,0.0364916825252605,1,-0.0547724949749489,0.0356390886443008,0.343,0.603249480097428,0.0418121434915173,1,-0.180406385241681,0.0408658697399968,0.994,0.60159391626184,0.042013235399098,1,0.0167032768595243,0.0393188729890895,0.082,-0.188881516891743,0.0454693151150858,0.984,0.0335150375811741,0.0365008423770262,0.03784380030152,0.0420701918857431,0.0408416695528898,0.0423547127494593,0.0409378294663901,0.0445831530534793,0.1900910393823,0.213011511430407,0.303249480097428,0.30159391626184,"sim","classical","norm",NA,1000,1000,314
0.9,0.3,"D2_varyA1Rho_WithX",0.4,0.6,0.6,0,0.3,0.0666666666666667,0.6,0,0,1,0.15,0.15,0.2,0.2,0.5,0.04,0.36,0.4,0.1,0.18,0.955,0.18848167539267,0.595,0.302521008403361,0.9,"a2_equal_a1",0.487957983621922,0.033308700361115,1,0.515812797929707,0.0364686014469275,1,-0.0663432157355521,0.0356390540423682,0.476,0.601412024472452,0.0417866242860036,1,-0.180717805310359,0.0408292343719658,0.995,0.60055302373312,0.0418950657234872,1,0.0123761436341354,0.0404343116528406,0.0660000000000001,-0.187591582687934,0.0466952145595358,0.974,0.0332452726561218,0.0364709146520217,0.0348683157658922,0.0411182232684736,0.0395864329595059,0.0411537461122386,0.0407851661915879,0.0466172184619559,0.187957983621922,0.215812797929707,0.301412024472452,0.30055302373312,"sim","classical","norm",NA,1000,1000,314
0.95,0.3,"D2_varyA1Rho_WithX",0.4,0.6,0.6,0,0.3,0.0333333333333333,0.633333333333333,0,0,1,0.15,0.15,0.2,0.2,0.5,0.02,0.38,0.4,0.05,0.18,0.955,0.18848167539267,0.595,0.302521008403361,0.95,"a2_equal_a1",0.488692760579699,0.0333285724620622,1,0.521907320471257,0.0364464621667102,1,-0.0793266215211257,0.035615615962124,0.602,0.602428981297023,0.0418482310287946,1,-0.180782749025797,0.0408677450013755,0.993,0.60225100986876,0.041891862764678,1,0.00480501845961856,0.0416913091582591,0.064,-0.183721067550409,0.048188273263301,0.968,0.0333214529662905,0.0362307913798803,0.0354649957950791,0.0414951430249619,0.0406148061620668,0.0415204343699632,0.0427957466014637,0.0491032572090115,0.188692760579699,0.221907320471257,0.302428981297024,0.30225100986876,"sim","classical","norm",NA,1000,1000,314
1,0.3,"D2_varyA1Rho_WithX",0.4,0.6,0.6,0,0.3,0,0.666666666666667,0,0,1,0.15,0.15,0.2,0.2,0.5,0,0.4,0.4,0,0.18,0.955,0.18848167539267,0.595,0.302521008403361,1,"a2_equal_a1",0.487061033434951,0.0333596421489958,1,0.525529889989799,0.0364623976927991,1,-0.0917354842721836,0.035573891367577,0.726,0.601236825859438,0.0419047457390779,1,-0.181518958636896,0.0409416983641872,0.994,0.601189326703251,0.0419238431960461,1,-0.00191129531406022,0.0432828542223145,0.059,-0.180235316866289,0.0501333043263599,0.95,0.0339871547159212,0.0378053296878657,0.0373631330221534,0.0427098371202401,0.0404518634836198,0.0426906058271326,0.0453577791690941,0.0494199883436245,0.187061033434951,0.225529889989799,0.301236825859438,0.301189326703251,"sim","classical","norm",NA,1000,1000,314
0.05,0.3,"D2_varyA1Rho_WithX",0.6,0.6,0.6,0,0.3,0.95,0.05,0,0,1,0.15,0.15,0.2,0.2,0.5,0.57,0.03,0.6,0.95,0.18,0.955,0.18848167539267,0.595,0.302521008403361,0.05,"a2_equal_a1",0.488539433642463,0.0332996689991579,1,0.313822104670014,0.0412867022206555,1,0.277748259923195,0.0403803183019523,1,0.603661560323203,0.041773537118201,1,-0.183498839722888,0.0408613896604918,0.991,0.364170172711284,0.0613148715293388,1,0.250123899957576,0.0474097193368278,0.999,-0.0525779439266786,0.0473503482534177,0.188,0.0346324251210205,0.0419517097125762,0.0390333767959013,0.0426322627750384,0.0414174604524691,0.060654479787374,0.0451890433491782,0.047407685041002,0.188539433642463,0.0138221046700145,0.303661560323203,0.0641701727112842,"sim","classical","norm",NA,1000,1000,314
0.1,0.3,"D2_varyA1Rho_WithX",0.6,0.6,0.6,0,0.3,0.9,0.1,0,0,1,0.15,0.15,0.2,0.2,0.5,0.54,0.06,0.6,0.9,0.18,0.955,0.18848167539267,0.595,0.302521008403361,0.1,"a2_equal_a1",0.488797925274639,0.0333410448040556,1,0.33102828520195,0.0414366747931852,1,0.251270418142002,0.0404727136585625,1,0.602447738946295,0.041870735138192,1,-0.180916458155535,0.0409515665299922,0.995,0.408849295637635,0.0582424148492974,1,0.21321892730801,0.0451090505321188,0.995,-0.0858799697231001,0.0452177276507918,0.484,0.0339131701194144,0.0416592057204567,0.0409203691409565,0.0419469369501459,0.039115644514586,0.0577193592404219,0.0458125069120945,0.043273535631278,0.188797925274639,0.0310282852019498,0.302447738946295,0.108849295637635,"sim","classical","norm",NA,1000,1000,314
0.15,0.3,"D2_varyA1Rho_WithX",0.6,0.6,0.6,0,0.3,0.85,0.15,0,0,1,0.15,0.15,0.2,0.2,0.5,0.51,0.09,0.6,0.85,0.18,0.955,0.18848167539267,0.595,0.302521008403361,0.15,"a2_equal_a1",0.489693979397929,0.0333344486481472,1,0.346980872998789,0.0416297778414597,1,0.226684657608418,0.0406293672730858,1,0.601861017366873,0.0418137443158054,1,-0.1788666224518,0.0408857295323783,0.992,0.441929888433569,0.0558259599757991,1,0.186224830455725,0.0435303504831703,0.991,-0.110768179252412,0.0435496278560118,0.724,0.0333673489584001,0.0407897761721636,0.0413425971888057,0.0426183190180896,0.0410770441516,0.0554123998897418,0.0441261080905458,0.0439394730153322,0.189693979397929,0.0469808729987892,0.301861017366873,0.141929888433569,"sim","classical","norm",NA,1000,1000,314
0.2,0.3,"D2_varyA1Rho_WithX",0.6,0.6,0.6,0,0.3,0.8,0.2,0,0,1,0.15,0.15,0.2,0.2,0.5,0.48,0.12,0.6,0.8,0.18,0.955,0.18848167539267,0.595,0.302521008403361,0.2,"a2_equal_a1",0.490029686502897,0.0333185907947832,1,0.363422920817971,0.0417736654139955,1,0.201026186372768,0.0407947906767895,0.999,0.602877268594702,0.0417798607054737,1,-0.179978171737188,0.0408435507753898,0.992,0.471259052370712,0.0537810271484807,1,0.162933992560703,0.0423577076854372,0.974,-0.133724058866898,0.0423079087847911,0.898,0.0337438775005404,0.03998072566252,0.038818460874053,0.0415401574082151,0.0397083475155829,0.0514277119542368,0.0404036663591882,0.0409617111117998,0.190029686502897,0.0634229208179711,0.302877268594702,0.171259052370712,"sim","classical","norm",NA,1000,1000,314
0.25,0.3,"D2_varyA1Rho_WithX",0.6,0.6,0.6,0,0.3,0.75,0.25,0,0,1,0.15,0.15,0.2,0.2,0.5,0.45,0.15,0.6,0.75,0.18,0.955,0.18848167539267,0.595,0.302521008403361,0.25,"a2_equal_a1",0.489742614481307,0.0333565085811701,1,0.377989896719333,0.04187868469785,1,0.17783669040734,0.0409156041681148,0.994,0.602163520855357,0.0418813901474201,1,-0.17876797650844,0.0409125374684681,0.993,0.490601996379406,0.0521434417074123,1,0.147643300988275,0.0415347237123058,0.951,-0.148878974023814,0.0415379481483834,0.945,0.0334419557392134,0.0408123822792303,0.0395318193326419,0.0426853806013995,0.0419163885442032,0.0511063549967345,0.0399087410945354,0.0422449912708879,0.189742614481307,0.077989896719333,0.302163520855357,0.190601996379406,"sim","classical","norm",NA,1000,1000,314
0.3,0.3,"D2_varyA1Rho_WithX",0.6,0.6,0.6,0,0.3,0.7,0.3,0,0,1,0.15,0.15,0.2,0.2,0.5,0.42,0.18,0.6,0.7,0.18,0.955,0.18848167539267,0.595,0.302521008403361,0.3,"a2_equal_a1",0.488126426395474,0.0333740273464971,1,0.390966372247406,0.0419723657440492,1,0.154729696702536,0.0409498763019113,0.96,0.601527438535426,0.0418643292720226,1,-0.180618385901706,0.0408873282406923,0.988,0.506609400682322,0.0507445192307679,1,0.134325989537724,0.0409672337969866,0.896,-0.163765765798306,0.04101029343254,0.976,0.0317781785950855,0.039908791007493,0.0413462178134467,0.0414844038556543,0.0407296394847375,0.0496377163932317,0.0412087578081883,0.0409625768442554,0.188126426395474,0.0909663722474058,0.301527438535426,0.206609400682322,"sim","classical","norm",NA,1000,1000,314
0.35,0.3,"D2_varyA1Rho_WithX",0.6,0.6,0.6,0,0.3,0.65,0.35,0,0,1,0.15,0.15,0.2,0.2,0.5,0.39,0.21,0.6,0.65,0.18,0.955,0.18848167539267,0.595,0.302521008403361,0.35,"a2_equal_a1",0.486031973053308,0.0333188577746086,1,0.404040486334131,0.0420151815746226,1,0.130655497718071,0.0410993652219367,0.884,0.598660174757418,0.0418308350341901,1,-0.179332514825562,0.0409040270524973,0.99,0.518026915144547,0.0494839287848516,1,0.123135936186444,0.0407857510627426,0.85,-0.173978437636919,0.0407760586259991,0.989,0.033397463436239,0.0419172383813932,0.0410379777120281,0.0421604149868093,0.0411982491480679,0.0506221559190729,0.0406842185281237,0.0412728420356634,0.186031973053308,0.104040486334131,0.298660174757418,0.218026915144547,"sim","classical","norm",NA,1000,1000,314
0.4,0.3,"D2_varyA1Rho_WithX",0.6,0.6,0.6,0,0.3,0.6,0.4,0,0,1,0.15,0.15,0.2,0.2,0.5,0.36,0.24,0.6,0.6,0.18,0.955,0.18848167539267,0.595,0.302521008403361,0.4,"a2_equal_a1",0.488991463302516,0.0333008353618272,1,0.422075643449719,0.0420917089558061,1,0.106228315739465,0.0411226289816146,0.737,0.60389910597115,0.0417954468111687,1,-0.182909250411292,0.0408547700391983,0.996,0.535225170756755,0.0484082296395989,1,0.113298772453908,0.0407422441459764,0.8,-0.187179330214564,0.0407459037459973,0.997,0.0324542669465593,0.0412621277799145,0.0411213542673243,0.0417271591061928,0.0410845753433859,0.0484564602711507,0.0406776943642141,0.040972787633265,0.188991463302516,0.122075643449719,0.30389910597115,0.235225170756755,"sim","classical","norm",NA,1000,1000,314
0.45,0.3,"D2_varyA1Rho_WithX",0.6,0.6,0.6,0,0.3,0.55,0.45,0,0,1,0.15,0.15,0.2,0.2,0.5,0.33,0.27,0.6,0.55,0.18,0.955,0.18848167539267,0.595,0.302521008403361,0.45,"a2_equal_a1",0.489386300293635,0.0333435706608802,1,0.436645270050872,0.0421173591945569,1,0.0841619754556214,0.0411832989645714,0.541,0.603049694929608,0.0418616991672573,1,-0.180864135418474,0.0409078208651332,0.993,0.543911105673453,0.0474790091176573,1,0.107211389802816,0.0410472871140771,0.739,-0.193665589299904,0.0410836435852787,0.997,0.0325963900040962,0.0426852504192918,0.0419490795746888,0.0416613852870181,0.0403134672025413,0.0482101766090354,0.0416258249134943,0.0401074259962739,0.189386300293635,0.136645270050872,0.303049694929608,0.243911105673453,"sim","classical","norm",NA,1000,1000,314
0.5,0.3,"D2_varyA1Rho_WithX",0.6,0.6,0.6,0,0.3,0.5,0.5,0,0,1,0.15,0.15,0.2,0.2,0.5,0.3,0.3,0.6,0.5,0.18,0.955,0.18848167539267,0.595,0.302521008403361,0.5,"a2_equal_a1",0.489946924115986,0.0333481996026748,1,0.4530830062453,0.0422187939655643,1,0.0587615129052513,0.0412565906919579,0.285,0.605171592512899,0.0418788582988898,1,-0.182973676493162,0.0408787399764825,0.99,0.5553843664114,0.0467272608087086,1,0.099051044980911,0.0416252296950465,0.653,-0.202656798918319,0.0416153975344362,0.998,0.0331526671959574,0.042003732228339,0.0415366288355915,0.0412700175544826,0.0414363728065549,0.045814664523697,0.0421236899629564,0.0422752338288154,0.189946924115986,0.1530830062453,0.305171592512899,0.2553843664114,"sim","classical","norm",NA,1000,1000,314
0.55,0.3,"D2_varyA1Rho_WithX",0.6,0.6,0.6,0,0.3,0.45,0.55,0,0,1,0.15,0.15,0.2,0.2,0.5,0.27,0.33,0.6,0.45,0.18,0.955,0.18848167539267,0.595,0.302521008403361,0.55,"a2_equal_a1",0.489854511231512,0.0333096303887991,1,0.467161907752927,0.0422223646702604,1,0.0361138638132556,0.0412802935509951,0.145,0.603651156150243,0.0418223865999938,1,-0.181110638508583,0.0408761678685092,0.994,0.561177069408381,0.0459879474758348,1,0.0934843848325519,0.0424759386635723,0.58,-0.207000383057205,0.0424579702326545,0.998,0.0347091462061211,0.0438763458109477,0.0417280255058922,0.0438698125604262,0.0422886993466689,0.0484301392424396,0.0429011675285127,0.0436191509801559,0.189854511231512,0.167161907752927,0.303651156150243,0.261177069408381,"sim","classical","norm",NA,1000,1000,314
0.6,0.3,"D2_varyA1Rho_WithX",0.6,0.6,0.6,0,0.3,0.4,0.6,0,0,1,0.15,0.15,0.2,0.2,0.5,0.24,0.36,0.6,0.4,0.18,0.955,0.18848167539267,0.595,0.302521008403361,0.6,"a2_equal_a1",0.490816492001366,0.0333020398973867,1,0.484164743826075,0.0421933782201925,1,0.0105258595500508,0.0412647086789082,0.058,0.60478956615376,0.0418230996703035,1,-0.18142190328976,0.0409123478161622,0.994,0.569899189416989,0.0453048102796041,1,0.0866449032146752,0.0437191116181975,0.518,-0.212533699203462,0.0437677145998627,0.997,0.0336058720626537,0.0426959061370687,0.0414549329023521,0.0417127346144764,0.0382971245288427,0.0454956635170561,0.0436099848871941,0.0406660281920357,0.190816492001366,0.184164743826075,0.30478956615376,0.269899189416989,"sim","classical","norm",NA,1000,1000,314
0.65,0.3,"D2_varyA1Rho_WithX",0.6,0.6,0.6,0,0.3,0.35,0.65,0,0,1,0.15,0.15,0.2,0.2,0.5,0.21,0.39,0.6,0.35,0.18,0.955,0.18848167539267,0.595,0.302521008403361,0.65,"a2_equal_a1",0.49105980712941,0.0332925153947239,1,0.498953914609435,0.0422343030588765,1,-0.0125948314522194,0.0412834300875971,0.0530000000000001,0.604923399221185,0.0417671971999642,1,-0.181593992863309,0.0408384940307743,0.994,0.575518633863876,0.0447134143400462,1,0.0830804528554398,0.045437782186443,0.426,-0.218017268590479,0.0453904022085973,0.997,0.0334061061782321,0.0421711540416304,0.0409399978062147,0.0412488442168471,0.0403821383041111,0.0442855660383338,0.0453504588906029,0.0448561734011719,0.19105980712941,0.198953914609435,0.304923399221185,0.275518633863876,"sim","classical","norm",NA,1000,1000,314
0.7,0.3,"D2_varyA1Rho_WithX",0.6,0.6,0.6,0,0.3,0.3,0.7,0,0,1,0.15,0.15,0.2,0.2,0.5,0.18,0.42,0.6,0.3,0.18,0.955,0.18848167539267,0.595,0.302521008403361,0.7,"a2_equal_a1",0.488774320628763,0.0332838796668534,1,0.511823221945529,0.0421872362561024,1,-0.0366704877697704,0.0411904268112291,0.161,0.6025998225407,0.0418053931939365,1,-0.180848112573258,0.0408179579265487,0.992,0.57881411880319,0.0441793057816292,1,0.0789309766787119,0.0477438875792395,0.385,-0.221978908393155,0.0477585594549921,0.998,0.0342825877849283,0.0433263902128813,0.042077391085754,0.0425143790743556,0.0416837843390629,0.0450387356120569,0.0488297559838107,0.0487042579528475,0.188774320628763,0.211823221945529,0.3025998225407,0.27881411880319,"sim","classical","norm",NA,1000,1000,314
0.75,0.3,"D2_varyA1Rho_WithX",0.6,0.6,0.6,0,0.3,0.25,0.75,0,0,1,0.15,0.15,0.2,0.2,0.5,0.15,0.45,0.6,0.25,0.18,0.955,0.18848167539267,0.595,0.302521008403361,0.75,"a2_equal_a1",0.488449240325269,0.0333004296369506,1,0.526388159296594,0.0421886600928532,1,-0.0603040069389918,0.0412154074262797,0.301,0.602010978201161,0.0418406147322575,1,-0.180476151967626,0.0408763731764064,0.992,0.583366392838854,0.0437537381057674,1,0.073741413303901,0.050940891783877,0.3,-0.224564224850502,0.050958646090207,0.992,0.0339145414179768,0.0429541031592651,0.0406576974337799,0.0422131179158944,0.0404847610754906,0.0441995365288587,0.050587993220134,0.0504942996918066,0.188449240325269,0.226388159296594,0.302010978201161,0.283366392838854,"sim","classical","norm",NA,1000,1000,314
0.8,0.3,"D2_varyA1Rho_WithX",0.6,0.6,0.6,0,0.3,0.2,0.8,0,0,1,0.15,0.15,0.2,0.2,0.5,0.12,0.48,0.6,0.2,0.18,0.955,0.18848167539267,0.595,0.302521008403361,0.8,"a2_equal_a1",0.489172147814373,0.0332877709687348,1,0.543282160588749,0.0420984574206418,1,-0.0862789998773049,0.0412134990227943,0.551,0.602930483649756,0.041750487878238,1,-0.181574258206712,0.0408631460054081,0.992,0.589011273092004,0.0432274811032292,1,0.069104199094257,0.0557215424837681,0.222,-0.228519573044181,0.0556709696818806,0.975,0.0343918912932622,0.0434038686696263,0.041486995795578,0.04280351765287,0.0416416671738523,0.0443940759807397,0.0558977972922511,0.0567264748950228,0.189172147814373,0.243282160588749,0.302930483649756,0.289011273092004,"sim","classical","norm",NA,1000,1000,314
0.85,0.3,"D2_varyA1Rho_WithX",0.6,0.6,0.6,0,0.3,0.15,0.85,0,0,1,0.15,0.15,0.2,0.2,0.5,0.0899999999999999,0.51,0.6,0.15,0.18,0.955,0.18848167539267,0.595,0.302521008403361,0.85,"a2_equal_a1",0.488831680655687,0.0332921889425574,1,0.556460906182621,0.0420913619676194,1,-0.107685924199081,0.0412153944366091,0.72,0.602709369952166,0.0418180312580897,1,-0.181134631883044,0.0408921120621751,0.993,0.591957511811152,0.0428861202958616,1,0.0708790245826992,0.0628873493009955,0.202,-0.2348830418855,0.0627889783021014,0.965,0.0342304057201473,0.0417035474043037,0.0415362869043082,0.0406540609870927,0.0397610980029226,0.0418408301072357,0.0646402093755987,0.0624727617577255,0.188831680655687,0.256460906182621,0.302709369952166,0.291957511811152,"sim","classical","norm",NA,1000,1000,314
0.9,0.3,"D2_varyA1Rho_WithX",0.6,0.6,0.6,0,0.3,0.1,0.9,0,0,1,0.15,0.15,0.2,0.2,0.5,0.06,0.54,0.6,0.1,0.18,0.955,0.18848167539267,0.595,0.302521008403361,0.9,"a2_equal_a1",0.4900910393823,0.0333356441436914,1,0.57347160302377,0.0419972621493109,1,-0.132887630380661,0.0410416946067781,0.882,0.603249480097428,0.0418121434915173,1,-0.180406385241681,0.0408658697399968,0.994,0.59697262873557,0.0424964806586938,1,0.0625815796314662,0.0751810754808716,0.146,-0.232971536220115,0.075192568446005,0.87,0.0335150375811741,0.0424432670193979,0.0428260980488421,0.0420701918857431,0.0408416695528898,0.0429107970129797,0.0779838484123838,0.0748442531113663,0.1900910393823,0.27347160302377,0.303249480097428,0.29697262873557,"sim","classical","norm",NA,1000,1000,314
0.95,0.3,"D2_varyA1Rho_WithX",0.6,0.6,0.6,0,0.3,0.0499999999999999,0.95,0,0,1,0.15,0.15,0.2,0.2,0.5,0.03,0.57,0.6,0.0499999999999999,0.18,0.955,0.18848167539267,0.595,0.302521008403361,0.95,"a2_equal_a1",0.487957983621922,0.033308700361115,1,0.586469713027152,0.0418977096136013,1,-0.156807361172575,0.0409363214291318,0.967,0.601412024472452,0.0417866242860036,1,-0.180717805310359,0.0408292343719658,0.995,0.59826559291891,0.0421313303767141,1,0.0616550140058214,0.104180610960099,0.102,-0.237370269817665,0.104160677808692,0.623,0.0332452726561218,0.0412697043514226,0.0390934810647541,0.0411182232684736,0.0395864329595059,0.0413492373985439,0.105076653825875,0.106114489893409,0.187957983621922,0.286469713027152,0.301412024472452,0.29826559291891,"sim","classical","norm",NA,1000,1000,314
