"f_target","b1","design","rho_target","a1","a2","b0","b2","c1","c2","a0","c0","sigma_eY","ax_1","ax_2","bx_1","bx_2","p_x2","rho_U","rho_V","rho_total","rho_rel_U","bias_struct","var_A_given_X","bias_fit1_pop","var_A_given_XV","bias_fit3_pop","f_achieved","a2_rule","a2_chosen","beta_A_fit1","se_A_fit1","power_A_fit1","beta_A_fit2","se_A_fit2","power_A_fit2","beta_Atilde_fit2","se_Atilde_fit2","power_Atilde_fit2","beta_A_fit3","se_A_fit3","power_A_fit3","beta_V_fit3","se_V_fit3","power_V_fit3","beta_A_fit4","se_A_fit4","power_A_fit4","beta_Atilde_fit4","se_Atilde_fit4","power_Atilde_fit4","beta_V_fit4","se_V_fit4","power_V_fit4","sd_beta_A_fit1","sd_beta_A_fit2","sd_beta_Atilde_fit2","sd_beta_A_fit3","sd_beta_V_fit3","sd_beta_A_fit4","sd_beta_Atilde_fit4","sd_beta_V_fit4","bias_A_fit1","bias_A_fit2","bias_A_fit3","bias_A_fit4","source","se_type","noise_dist","df_t","n_sample","n_iters","seed"
0.65,0.3,"D2_highRho_unequalA2_WithX",0.6,0.25,0.914722181384559,0,0.3,0.84,0.42635896224762,0,0,1,0.15,0.15,0.2,0.2,0.5,0.21,0.39,0.6,0.35,0.075,0.955,0.0785340314136126,0.118283330883074,0.634070747247891,0.65,"max_feasible_given_X",0.914722181384559,0.377848550901455,0.0337657211441924,1,0.169741485857867,0.0414800228195681,0.986,0.330539179513973,0.0405264337550693,1,0.93660666567832,0.09400294570052,1,-0.58359824544058,0.0918849913282447,1,0.461543673069566,0.125592615055263,0.958,0.267673127461119,0.0478103635882728,1,-0.263459128738235,0.107065070363663,0.689,0.0351695852396352,0.0417199161860643,0.039264393776076,0.0960201773852892,0.0931109903007676,0.124518027273877,0.0455657067212229,0.106909053611317,0.0778485509014553,-0.130258514142133,0.63660666567832,0.161543673069566,"sim","classical","norm",NA,1000,1000,314
0.7,0.3,"D2_highRho_unequalA2_WithX",0.6,0.25,0.914722181384559,0,0.3,0.72,0.459155805497437,0,0,1,0.15,0.15,0.2,0.2,0.5,0.18,0.42,0.6,0.3,0.075,0.955,0.0785340314136126,0.118283330883074,0.634070747247891,0.7,"max_feasible_given_X",0.914722181384559,0.379277967149585,0.0337944968780874,1,0.209609303292902,0.0418958648615551,0.998,0.270329447843119,0.0409229514120625,1,0.933574776041622,0.0942265641054373,1,-0.578966005639822,0.0921207809414534,1,0.633105289253889,0.115445639215473,0.999,0.197432283727894,0.0446570019665138,0.99,-0.394554031274124,0.100321644080901,0.977,0.0341618413333367,0.0416685666171463,0.0418880008451681,0.0942651065974411,0.0899434816786939,0.114769214790922,0.0456000588941197,0.0975542777438188,0.0792779671495846,-0.0903906967070979,0.633574776041622,0.333105289253889,"sim","classical","norm",NA,1000,1000,314
0.75,0.3,"D2_highRho_unequalA2_WithX",0.6,0.25,0.914722181384559,0,0.3,0.6,0.491952648747254,0,0,1,0.15,0.15,0.2,0.2,0.5,0.15,0.45,0.6,0.25,0.075,0.955,0.0785340314136126,0.118283330883074,0.634070747247891,0.75,"max_feasible_given_X",0.914722181384559,0.380521110608628,0.0337974259718224,1,0.246777508750243,0.0422543884165644,1,0.212868511465772,0.041240511367396,1,0.932572174161307,0.0940919090426127,1,-0.576382490527605,0.091944888011683,1,0.742765654166977,0.108240669114917,1,0.149128154242874,0.0427292760988338,0.94,-0.476025308994014,0.0958563825897835,0.999,0.0337600009146244,0.0417515296076618,0.0420136967521136,0.0958800038594766,0.0935280096975879,0.107914152420698,0.0430582714016936,0.0967355209820664,0.0805211106086277,-0.0532224912497573,0.632572174161307,0.442765654166977,"sim","classical","norm",NA,1000,1000,314
0.8,0.3,"D2_highRho_unequalA2_WithX",0.6,0.25,0.914722181384559,0,0.3,0.48,0.524749491997071,0,0,1,0.15,0.15,0.2,0.2,0.5,0.12,0.48,0.6,0.2,0.075,0.955,0.0785340314136126,0.118283330883074,0.634070747247891,0.8,"max_feasible_given_X",0.914722181384559,0.380432288763834,0.0337823638585111,1,0.283776589946067,0.0425486060084102,1,0.153494016814042,0.0415171995613497,0.962,0.935434119577251,0.0940172413840969,1,-0.579518519550932,0.0918584270431335,1,0.823075342125021,0.102829521259016,1,0.110371806222299,0.0415495504596105,0.759,-0.534775222917461,0.093115852874655,1,0.0339680386303683,0.0408267110538353,0.0400681038100936,0.0933661074399965,0.0902004689614982,0.100170121466964,0.0398214212952564,0.0910269063634957,0.0804322887638338,-0.0162234100539328,0.635434119577251,0.523075342125021,"sim","classical","norm",NA,1000,1000,314
0.85,0.3,"D2_highRho_unequalA2_WithX",0.6,0.25,0.914722181384559,0,0.3,0.36,0.557546335246888,0,0,1,0.15,0.15,0.2,0.2,0.5,0.0899999999999999,0.51,0.6,0.15,0.075,0.955,0.0785340314136126,0.118283330883074,0.634070747247891,0.85,"max_feasible_given_X",0.914722181384559,0.380722616101765,0.0337903666307218,1,0.320282172770645,0.0427187343150345,1,0.0961815034677265,0.0417492185031466,0.64,0.933255043441093,0.094244124645462,1,-0.576695688694653,0.0920826292306979,1,0.87194881774019,0.0991360333843138,1,0.080837074517497,0.0410748644651724,0.494,-0.565729576940278,0.0921222942138019,1,0.033528392643018,0.0419169155366839,0.040373673078735,0.0959008695754464,0.0944193711939018,0.0992471199592542,0.0396601941753019,0.0941553151492131,0.0807226161017651,0.0202821727706453,0.633255043441093,0.57194881774019,"sim","classical","norm",NA,1000,1000,314
0.9,0.3,"D2_highRho_unequalA2_WithX",0.6,0.25,0.914722181384559,0,0.3,0.24,0.590343178496705,0,0,1,0.15,0.15,0.2,0.2,0.5,0.06,0.54,0.6,0.1,0.075,0.955,0.0785340314136126,0.118283330883074,0.634070747247891,0.9,"max_feasible_given_X",0.914722181384559,0.378283437540676,0.0338060032345147,1,0.353279343956422,0.0427842441407353,1,0.0399621906805466,0.0417752940277906,0.15,0.931898094082633,0.0942035599668226,1,-0.577732378783492,0.092019479298625,1,0.904430269726599,0.0964732636563231,1,0.0541526986138097,0.0410366059531417,0.261,-0.584454419222343,0.0921224186350261,1,0.0319674613557441,0.0413477280593807,0.0421953562445566,0.0931064265234179,0.0921240989728492,0.0948502884478793,0.0417370406376781,0.0923061502998582,0.078283437540676,0.0532793439564222,0.631898094082633,0.604430269726599,"sim","classical","norm",NA,1000,1000,314
0.95,0.3,"D2_highRho_unequalA2_WithX",0.6,0.25,0.914722181384559,0,0.3,0.12,0.623140021746522,0,0,1,0.15,0.15,0.2,0.2,0.5,0.03,0.57,0.6,0.0499999999999999,0.075,0.955,0.0785340314136126,0.118283330883074,0.634070747247891,0.95,"max_feasible_given_X",0.914722181384559,0.377498762993906,0.0337605595133096,1,0.389309813335707,0.0427776846971123,1,-0.0187890876815067,0.0418316435356605,0.0780000000000001,0.925272676947795,0.0941220671748001,1,-0.572077161033609,0.092001681725245,1,0.91851737700307,0.0947378975252684,1,0.0266043968213893,0.0417000642687729,0.088,-0.582433881285814,0.0934675977835757,1,0.0336597593224767,0.0421795013922266,0.0423528348935019,0.0951654917079365,0.0932094284598547,0.0960095828678308,0.0418450250103764,0.0939289355809261,0.0774987629939059,0.0893098133357066,0.625272676947795,0.61851737700307,"sim","classical","norm",NA,1000,1000,314
1,0.3,"D2_highRho_unequalA2_WithX",0.6,0.25,0.914722181384559,0,0.3,0,0.655936864996339,0,0,1,0.15,0.15,0.2,0.2,0.5,0,0.6,0.6,0,0.075,0.955,0.0785340314136126,0.118283330883074,0.634070747247891,1,"max_feasible_given_X",0.914722181384559,0.378505563890613,0.0337480226431131,1,0.426227249095702,0.042734547227163,1,-0.0759286312647869,0.041753682987436,0.453,0.937674132624374,0.0940552272638015,1,-0.583863440383159,0.0919257202691479,1,0.937502539922947,0.0941038730194774,1,0.000375205493104833,0.042906069964029,0.045,-0.583980829694974,0.0961971993928388,1,0.0329195437902757,0.0412002263348114,0.0424758858646535,0.0939551611600118,0.0925575188122289,0.0940566778469316,0.0431560160922355,0.0967321762168351,0.0785055638906128,0.126227249095702,0.637674132624374,0.637502539922947,"sim","classical","norm",NA,1000,1000,314
0.7,0.3,"D2_highRho_unequalA2_WithX",0.7,0.25,0.914722181384559,0,0.3,0.84,0.535681773080343,0,0,1,0.15,0.15,0.2,0.2,0.5,0.21,0.49,0.7,0.3,0.075,0.955,0.0785340314136126,0.118283330883074,0.634070747247891,0.7,"max_feasible_given_X",0.914722181384559,0.377848550901455,0.0337657211441924,1,0.0792615144194325,0.0466306029070901,0.38,0.406750971713586,0.0455509117069612,1,0.93660666567832,0.09400294570052,1,-0.58359824544058,0.0918849913282447,1,0.314413286137729,0.133508962178305,0.648,0.350529736031979,0.0544298633768338,1,-0.202516025133204,0.10777293367011,0.467,0.0351695852396352,0.0464717163724501,0.0444261103761294,0.0960201773852892,0.0931109903007676,0.131531489684461,0.0521604535652919,0.107169935914397,0.0778485509014553,-0.220738485580567,0.63660666567832,0.0144132861377285,"sim","classical","norm",NA,1000,1000,314
0.75,0.3,"D2_highRho_unequalA2_WithX",0.7,0.25,0.914722181384559,0,0.3,0.7,0.573944756871796,0,0,1,0.15,0.15,0.2,0.2,0.5,0.175,0.525,0.7,0.25,0.075,0.955,0.0785340314136126,0.118283330883074,0.634070747247891,0.75,"max_feasible_given_X",0.914722181384559,0.379277967149585,0.0337944968780874,1,0.146592588068542,0.0472987968758345,0.874,0.317658030501458,0.0462012358760733,1,0.933574776041622,0.0942265641054373,1,-0.578966005639822,0.0921207809414534,1,0.577912058671843,0.118827759517748,0.999,0.240375119955099,0.0498605699873589,0.996,-0.391383558742334,0.0990413452453238,0.977,0.0341618413333367,0.0470335347760042,0.0472611192973997,0.0942651065974411,0.0899434816786939,0.11799045734775,0.0508370400151809,0.0961606643079954,0.0792779671495846,-0.153407411931458,0.633574776041622,0.277912058671843,"sim","classical","norm",NA,1000,1000,314
0.8,0.3,"D2_highRho_unequalA2_WithX",0.7,0.25,0.914722181384559,0,0.3,0.56,0.612207740663249,0,0,1,0.15,0.15,0.2,0.2,0.5,0.14,0.56,0.7,0.2,0.075,0.955,0.0785340314136126,0.118283330883074,0.634070747247891,0.8,"max_feasible_given_X",0.914722181384559,0.380521110608628,0.0337974259718224,1,0.210574702401103,0.0478364032599313,0.994,0.231848965123235,0.0467042768343409,1,0.932572174161307,0.0940919090426127,1,-0.576382490527605,0.091944888011683,1,0.728259361974637,0.109222411392462,1,0.172017343469372,0.0474750096511102,0.956,-0.494702745734818,0.0941355022754007,0.999,0.0337600009146244,0.0472510991776763,0.0474884883145493,0.0958800038594766,0.0935280096975879,0.108820345045165,0.0478875519670802,0.0951336917313543,0.0805211106086277,-0.0894252975988969,0.632572174161307,0.428259361974637,"sim","classical","norm",NA,1000,1000,314
0.85,0.3,"D2_highRho_unequalA2_WithX",0.7,0.25,0.914722181384559,0,0.3,0.42,0.650470724454702,0,0,1,0.15,0.15,0.2,0.2,0.5,0.105,0.595,0.7,0.15,0.075,0.955,0.0785340314136126,0.118283330883074,0.634070747247891,0.85,"max_feasible_given_X",0.914722181384559,0.380432288763834,0.0337823638585111,1,0.274998991960257,0.0482309209695364,1,0.143582882654476,0.047068615135005,0.861,0.935434119577251,0.0940172413840969,1,-0.579518519550932,0.0918584270431335,1,0.828230832603351,0.102449379983126,1,0.120339514499729,0.0463947803830961,0.736,-0.559849305669506,0.0919101858288264,1,0.0339680386303683,0.0461831939794579,0.0453862726175505,0.0933661074399965,0.0902004689614982,0.099866118648697,0.0444737347124309,0.0900656853099496,0.0804322887638338,-0.0250010080397434,0.635434119577251,0.528230832603351,"sim","classical","norm",NA,1000,1000,314
0.9,0.3,"D2_highRho_unequalA2_WithX",0.7,0.25,0.914722181384559,0,0.3,0.28,0.688733708246156,0,0,1,0.15,0.15,0.2,0.2,0.5,0.07,0.63,0.7,0.1,0.075,0.955,0.0785340314136126,0.118283330883074,0.634070747247891,0.9,"max_feasible_given_X",0.914722181384559,0.380722616101765,0.0337903666307218,1,0.338134447607209,0.0484133840887935,1,0.0580899833610278,0.0473117725933762,0.225,0.933255043441093,0.094244124645462,1,-0.576695688694653,0.0920826292306979,1,0.885850251354156,0.0980700648033263,1,0.0804131258343979,0.0465257075861439,0.393,-0.588750351572727,0.0922550030932365,1,0.033528392643018,0.0471429123420848,0.0455289007679236,0.0959008695754464,0.0944193711939018,0.0984285815909349,0.0449736942985178,0.0947094714190248,0.0807226161017651,0.0381344476072094,0.633255043441093,0.585850251354156,"sim","classical","norm",NA,1000,1000,314
0.95,0.3,"D2_highRho_unequalA2_WithX",0.7,0.25,0.914722181384559,0,0.3,0.14,0.726996692037609,0,0,1,0.15,0.15,0.2,0.2,0.5,0.035,0.665,0.7,0.0499999999999999,0.075,0.955,0.0785340314136126,0.118283330883074,0.634070747247891,0.95,"max_feasible_given_X",0.914722181384559,0.378283437540676,0.0338060032345147,1,0.397595201738349,0.0484118965676118,1,-0.0262597222830371,0.0472870160568318,0.085,0.931898094082633,0.0942035599668226,1,-0.577732378783492,0.092019479298625,1,0.919397126122133,0.0952849562154315,1,0.0424314888751441,0.0476466767656824,0.138,-0.597047676057718,0.0945224492477869,1,0.0319674613557441,0.0472861294329631,0.0478705835631423,0.0931064265234179,0.0921240989728492,0.0938253502728709,0.0485446861528057,0.0951286179267358,0.078283437540676,0.0975952017383488,0.631898094082633,0.619397126122133,"sim","classical","norm",NA,1000,1000,314
1,0.3,"D2_highRho_unequalA2_WithX",0.7,0.25,0.914722181384559,0,0.3,0,0.765259675829062,0,0,1,0.15,0.15,0.2,0.2,0.5,0,0.7,0.7,0,0.075,0.955,0.0785340314136126,0.118283330883074,0.634070747247891,1,"max_feasible_given_X",0.914722181384559,0.377498762993906,0.0337605595133096,1,0.460372991196215,0.0482514212004076,1,-0.113140444718154,0.0471811170457916,0.653,0.925272676947795,0.0941220671748001,1,-0.572077161033609,0.092001681725245,1,0.925252919246855,0.0941700035915091,1,-0.00194484222823085,0.0503576327694734,0.045,-0.570536211092896,0.0997963832717789,1,0.0336597593224767,0.04790807380684,0.0479091242802904,0.0951654917079365,0.0932094284598547,0.095171223861925,0.0506040554099081,0.0995999940790012,0.0774987629939059,0.160372991196215,0.625272676947795,0.625252919246855,"sim","classical","norm",NA,1000,1000,314
0.8,0.3,"D2_highRho_unequalA2_WithX",0.8,0.25,0.914722181384559,0,0.3,0.64,0.699665989329428,0,0,1,0.15,0.15,0.2,0.2,0.5,0.16,0.64,0.8,0.2,0.075,0.955,0.0785340314136126,0.118283330883074,0.634070747247891,0.8,"max_feasible_given_X",0.914722181384559,0.377848550901455,0.0337657211441924,1,0.0480383634575238,0.0574982910702829,0.131,0.393270801580759,0.0561692354477871,1,0.93660666567832,0.09400294570052,1,-0.58359824544058,0.0918849913282447,1,0.519001637872947,0.122311918758638,0.983,0.308839502185601,0.0589517072614032,0.999,-0.417963843108748,0.096044231972581,0.992,0.0351695852396352,0.0563470486301024,0.0537774106351137,0.0960201773852892,0.0931109903007676,0.121728447366799,0.0562399173855013,0.0969478762047941,0.0778485509014553,-0.251961636542476,0.63660666567832,0.219001637872947,"sim","classical","norm",NA,1000,1000,314
0.85,0.3,"D2_highRho_unequalA2_WithX",0.8,0.25,0.914722181384559,0,0.3,0.48,0.743395113662517,0,0,1,0.15,0.15,0.2,0.2,0.5,0.12,0.68,0.8,0.15,0.075,0.955,0.0785340314136126,0.118283330883074,0.634070747247891,0.85,"max_feasible_given_X",0.914722181384559,0.379277967149585,0.0337944968780874,1,0.174019638949898,0.0582499645366956,0.844,0.245281165290656,0.0569317444713084,0.985,0.933574776041622,0.0942265641054373,1,-0.578966005639822,0.0921207809414534,1,0.72251416893136,0.109679888525691,1,0.208019382216972,0.0563586824342757,0.952,-0.540331469639052,0.0921244683902101,1,0.0341618413333367,0.0597480925336749,0.0591355737096578,0.0942651065974411,0.0899434816786939,0.109169473894772,0.0576573252151105,0.0895321169595618,0.0792779671495846,-0.125980361050102,0.633574776041622,0.42251416893136,"sim","classical","norm",NA,1000,1000,314
0.9,0.3,"D2_highRho_unequalA2_WithX",0.8,0.25,0.914722181384559,0,0.3,0.32,0.787124237995606,0,0,1,0.15,0.15,0.2,0.2,0.5,0.08,0.72,0.8,0.1,0.075,0.955,0.0785340314136126,0.118283330883074,0.634070747247891,0.9,"max_feasible_given_X",0.914722181384559,0.380521110608628,0.0337974259718224,1,0.295896684110435,0.0587560930123369,1,0.10105888613334,0.0574034270538104,0.432,0.932572174161307,0.0940919090426127,1,-0.576382490527605,0.091944888011683,1,0.838730738569896,0.101443870938291,1,0.138054228953685,0.056534206054426,0.684,-0.599115134963506,0.0921838154331211,1,0.0337600009146244,0.05705340773966,0.0567414908088591,0.0958800038594766,0.0935280096975879,0.101880938294253,0.056556762561545,0.0941120289705384,0.0805211106086277,-0.00410331588956486,0.632572174161307,0.538730738569896,"sim","classical","norm",NA,1000,1000,314
0.95,0.3,"D2_highRho_unequalA2_WithX",0.8,0.25,0.914722181384559,0,0.3,0.16,0.830853362328696,0,0,1,0.15,0.15,0.2,0.2,0.5,0.04,0.76,0.8,0.0499999999999999,0.075,0.955,0.0785340314136126,0.118283330883074,0.634070747247891,0.95,"max_feasible_given_X",0.914722181384559,0.380432288763834,0.0337823638585111,1,0.419874584766493,0.0588289688860572,1,-0.047084700452455,0.0574184858751636,0.122,0.935434119577251,0.0940172413840969,1,-0.579518519550932,0.0918584270431335,1,0.910227115675274,0.0961445523803548,1,0.0739035450622938,0.0594181276263113,0.237,-0.617933393823881,0.0969067610980445,1,0.0339680386303683,0.0573565494344965,0.0558183673565729,0.0933661074399965,0.0902004689614982,0.0949176864153482,0.057252228800748,0.0953495467098072,0.0804322887638338,0.119874584766493,0.635434119577251,0.610227115675274,"sim","classical","norm",NA,1000,1000,314
1,0.3,"D2_highRho_unequalA2_WithX",0.8,0.25,0.914722181384559,0,0.3,0,0.874582486661785,0,0,1,0.15,0.15,0.2,0.2,0.5,0,0.8,0.8,0,0.075,0.955,0.0785340314136126,0.118283330883074,0.634070747247891,1,"max_feasible_given_X",0.914722181384559,0.380722616101765,0.0337903666307218,1,0.540724921800626,0.0585286829795223,1,-0.190995856024054,0.0571978919483498,0.915,0.933255043441093,0.094244124645462,1,-0.576695688694653,0.0920826292306979,1,0.933283719613282,0.0942909315472023,1,-0.00208343975007622,0.0668828141256374,0.0390000000000002,-0.574908402625582,0.109171110629794,1,0.033528392643018,0.0568556879656925,0.055419225159354,0.0959008695754464,0.0944193711939018,0.0960206004010569,0.0652514182228973,0.111937148614624,0.0807226161017651,0.240724921800626,0.633255043441093,0.633283719613282,"sim","classical","norm",NA,1000,1000,314
0.85,0.3,"D2_highRho_unequalA2_WithX",0.9,0.25,0.914722181384559,0,0.3,0.54,0.836319502870332,0,0,1,0.15,0.15,0.2,0.2,0.5,0.135,0.765,0.9,0.15,0.075,0.955,0.0785340314136126,0.118283330883074,0.634070747247891,0.85,"max_feasible_given_X",0.914722181384559,0.377848550901455,0.0337657211441924,1,-0.191503914853655,0.084559732095845,0.621,0.603787393042773,0.0826102542933518,1,0.93660666567832,0.09400294570052,1,-0.58359824544058,0.0918849913282447,1,0.339462015664512,0.132207497824064,0.726,0.523334464100312,0.0830235404647915,1,-0.475342136052405,0.0917736470152007,0.998,0.0351695852396352,0.0814064950389762,0.0788453881135873,0.0960201773852892,0.0931109903007676,0.130282742736037,0.0793285418907235,0.092640855457977,0.0778485509014553,-0.491503914853655,0.63660666567832,0.039462015664512,"sim","classical","norm",NA,1000,1000,314
0.9,0.3,"D2_highRho_unequalA2_WithX",0.9,0.25,0.914722181384559,0,0.3,0.36,0.885514767745057,0,0,1,0.15,0.15,0.2,0.2,0.5,0.09,0.81,0.9,0.1,0.075,0.955,0.0785340314136126,0.118283330883074,0.634070747247891,0.9,"max_feasible_given_X",0.914722181384559,0.379277967149585,0.0337944968780874,1,0.147832659363967,0.0862563203007783,0.4,0.245755751977475,0.0843138833574368,0.826,0.933574776041622,0.0942265641054373,1,-0.578966005639822,0.0921207809414534,1,0.671078764507057,0.113042441229124,0.999,0.344959494078962,0.0836134548632499,0.979,-0.644103458798048,0.0927491451746399,1,0.0341618413333367,0.0892358915193376,0.0873421222241096,0.0942651065974411,0.0899434816786939,0.112450939729173,0.0854577217110137,0.09075239485812,0.0792779671495846,-0.152167340636033,0.633574776041622,0.371078764507057,"sim","classical","norm",NA,1000,1000,314
0.95,0.3,"D2_highRho_unequalA2_WithX",0.9,0.25,0.914722181384559,0,0.3,0.18,0.934710032619783,0,0,1,0.15,0.15,0.2,0.2,0.5,0.0449999999999999,0.855,0.9,0.0499999999999999,0.075,0.955,0.0785340314136126,0.118283330883074,0.634070747247891,0.95,"max_feasible_given_X",0.914722181384559,0.380521110608628,0.0337974259718224,1,0.482862247448033,0.0867081656266531,1,-0.108572805305653,0.0847406172428464,0.245,0.932572174161307,0.0940919090426127,1,-0.576382490527605,0.091944888011683,1,0.843849909774032,0.101065167676181,1,0.232017546802775,0.097746992987078,0.662,-0.712001962954057,0.108043840934092,1,0.0337600009146244,0.0851449213001591,0.0839207594814429,0.0958800038594766,0.0935280096975879,0.101557992260736,0.0977442587049672,0.11049219323205,0.0805211106086277,0.182862247448033,0.632572174161307,0.543849909774032,"sim","classical","norm",NA,1000,1000,314
1,0.3,"D2_highRho_unequalA2_WithX",0.9,0.25,0.914722181384559,0,0.3,0,0.983905297494508,0,0,1,0.15,0.15,0.2,0.2,0.5,0,0.9,0.9,0,0.075,0.955,0.0785340314136126,0.118283330883074,0.634070747247891,1,"max_feasible_given_X",0.914722181384559,0.380432288763834,0.0337823638585111,1,0.819970669430945,0.0853182401539482,1,-0.466327435595359,0.083331317968111,0.999,0.935434119577251,0.0940172413840969,1,-0.579518519550932,0.0918584270431335,1,0.935373401511858,0.0940701074905945,1,-0.0051171921317877,0.181056840732963,0.041,-0.574439291348076,0.200411332762857,0.809,0.0339680386303683,0.0837003773981502,0.0814936730477471,0.0933661074399965,0.0902004689614982,0.0935279148514148,0.175398303076588,0.195285331494541,0.0804322887638338,0.519970669430945,0.635434119577251,0.635373401511858,"sim","classical","norm",NA,1000,1000,314
0.45,0.3,"D2_highRho_unequalA2_WithX",0.6,0.35,0.882414379544733,0,0.3,0.942857142857143,0.305978694657381,0,0,1,0.15,0.15,0.2,0.2,0.5,0.33,0.27,0.6,0.55,0.105,0.955,0.109947643979058,0.176344862772684,0.595424206574986,0.45,"max_feasible_given_X",0.882414379544733,0.409407539295734,0.0336729517265823,1,0.188989887612727,0.0411849802060772,0.998,0.350163803771291,0.0402423972812367,1,0.897560475966514,0.0764348075571494,1,-0.528626398671424,0.074723251882163,1,0.336493718065186,0.133843107862206,0.705,0.299987722668914,0.0590920423674133,0.999,-0.125557304596295,0.108410345977863,0.206,0.0351318610116301,0.0416845090455511,0.0393555297121966,0.0778571723217909,0.0754377234552682,0.131806707745326,0.0565278706045538,0.107281125256674,0.109407539295734,-0.111010112387273,0.597560475966514,0.0364937180651863,"sim","classical","norm",NA,1000,1000,314
0.5,0.3,"D2_highRho_unequalA2_WithX",0.6,0.35,0.882414379544733,0,0.3,0.857142857142857,0.33997632739709,0,0,1,0.15,0.15,0.2,0.2,0.5,0.3,0.3,0.6,0.5,0.105,0.955,0.109947643979058,0.176344862772684,0.595424206574986,0.5,"max_feasible_given_X",0.882414379544733,0.410739546071235,0.0337009805208677,1,0.218372143354973,0.0415281468846836,1,0.306197423239608,0.0405532125944055,1,0.895578031507573,0.0766030528256089,1,-0.525021402895446,0.0749006102110439,1,0.538536260618411,0.116795795316833,0.997,0.209710321799828,0.0521062081733028,0.976,-0.281063039106675,0.0958751466385018,0.835,0.0341749950326756,0.0408760111006171,0.0409423283080156,0.0768830558168375,0.0728677693639636,0.115723588448562,0.0527735085657167,0.0931082169511705,0.110739546071235,-0.0816278566450271,0.595578031507573,0.238536260618411,"sim","classical","norm",NA,1000,1000,314
0.55,0.3,"D2_highRho_unequalA2_WithX",0.6,0.35,0.882414379544733,0,0.3,0.771428571428571,0.373973960136799,0,0,1,0.15,0.15,0.2,0.2,0.5,0.27,0.33,0.6,0.45,0.105,0.955,0.109947643979058,0.176344862772684,0.595424206574986,0.55,"max_feasible_given_X",0.882414379544733,0.411909786664415,0.0337048428352948,1,0.245564368605616,0.0418331022239972,1,0.264604352561552,0.0408205006109928,1,0.894260960119032,0.0765086812330434,1,-0.522132690816118,0.0747690330632226,1,0.652070634030924,0.105782853756287,1,0.157900071759179,0.0478668856594399,0.903,-0.367399984095138,0.0879635027324981,0.986,0.0336165203654328,0.04149907655587,0.0419687520565112,0.077996335054022,0.0759842557502484,0.104850235438139,0.0482018937893287,0.0882220154382143,0.111909786664415,-0.0544356313943845,0.594260960119032,0.352070634030924,"sim","classical","norm",NA,1000,1000,314
0.6,0.3,"D2_highRho_unequalA2_WithX",0.6,0.35,0.882414379544733,0,0.3,0.685714285714286,0.407971592876508,0,0,1,0.15,0.15,0.2,0.2,0.5,0.24,0.36,0.6,0.4,0.105,0.955,0.109947643979058,0.176344862772684,0.595424206574986,0.6,"max_feasible_given_X",0.882414379544733,0.411749627749309,0.0336916923049039,1,0.271946102155283,0.0421136373224408,1,0.222072710971317,0.0411029005309808,1,0.895559752943664,0.0764474808486626,1,-0.523759617408335,0.0746931093506131,1,0.73020923346587,0.0978093648367604,1,0.121333076936339,0.0450019992689734,0.776,-0.427469121649994,0.0825746271756861,0.999,0.0340979373730407,0.0401686165188622,0.0396037243286974,0.0761370806766516,0.0733057954612893,0.0939862359646551,0.0428518768598624,0.0801166919505583,0.111749627749309,-0.0280538978447167,0.595559752943664,0.43020923346587,"sim","classical","norm",NA,1000,1000,314
0.65,0.3,"D2_highRho_unequalA2_WithX",0.6,0.35,0.882414379544733,0,0.3,0.6,0.441969225616217,0,0,1,0.15,0.15,0.2,0.2,0.5,0.21,0.39,0.6,0.35,0.105,0.955,0.109947643979058,0.176344862772684,0.595424206574986,0.65,"max_feasible_given_X",0.882414379544733,0.412000529463559,0.0336981688121055,1,0.298128768495759,0.042313741330452,1,0.181173371820666,0.0413518952936386,0.995,0.894755458957082,0.0766297099252875,1,-0.522330372006382,0.074877942051618,1,0.778396022388425,0.0920750291224779,1,0.0978220069768837,0.0431033857846119,0.603,-0.462955978143974,0.0791781843808373,1,0.0334650711297402,0.0416764766577402,0.0403433838550732,0.0781614926684095,0.0768944951547468,0.0909127565178465,0.0413940412118777,0.0800513882393555,0.112000529463559,-0.00187123150424068,0.594755458957082,0.478396022388425,"sim","classical","norm",NA,1000,1000,314
0.7,0.3,"D2_highRho_unequalA2_WithX",0.6,0.35,0.882414379544733,0,0.3,0.514285714285714,0.475966858355926,0,0,1,0.15,0.15,0.2,0.2,0.5,0.18,0.42,0.6,0.3,0.105,0.955,0.109947643979058,0.176344862772684,0.595424206574986,0.7,"max_feasible_given_X",0.882414379544733,0.409668678399848,0.0337206044464143,1,0.321149265804231,0.0424435601874286,1,0.141148846578357,0.0414289190013514,0.921,0.893521084197294,0.0765998027697745,1,-0.52341496190775,0.0748189033487417,1,0.812609607507945,0.0876399809698565,1,0.0791926076196877,0.0417762151376223,0.493,-0.489563423838022,0.076833124897681,1,0.031832741246833,0.0407273509648137,0.0418285795905124,0.0761416601357391,0.0753060655050167,0.0863435803402411,0.0423228116298324,0.0769835969218354,0.109668678399848,0.021149265804231,0.593521084197294,0.512609607507944,"sim","classical","norm",NA,1000,1000,314
0.75,0.3,"D2_highRho_unequalA2_WithX",0.6,0.35,0.882414379544733,0,0.3,0.428571428571429,0.509964491095635,0,0,1,0.15,0.15,0.2,0.2,0.5,0.15,0.45,0.6,0.25,0.105,0.955,0.109947643979058,0.176344862772684,0.595424206574986,0.75,"max_feasible_given_X",0.882414379544733,0.408721021778859,0.0336724042684288,1,0.346597574478496,0.0425541751030216,1,0.098995608444992,0.0416150218638733,0.655,0.888555080348794,0.0765465285702124,1,-0.519495553964698,0.0748255580064986,1,0.834914919240481,0.0840770382618533,1,0.0631055416794746,0.0410820739432553,0.351,-0.504288141281589,0.0754212291059817,1,0.0336518194029474,0.0418145870604558,0.0416995426500797,0.0768719506128393,0.0753955956616781,0.0855610199140388,0.0411320641628537,0.0765832127545122,0.108721021778859,0.046597574478496,0.588555080348794,0.534914919240481,"sim","classical","norm",NA,1000,1000,314
0.8,0.3,"D2_highRho_unequalA2_WithX",0.6,0.35,0.882414379544733,0,0.3,0.342857142857143,0.543962123835344,0,0,1,0.15,0.15,0.2,0.2,0.5,0.12,0.48,0.6,0.2,0.105,0.955,0.109947643979058,0.176344862772684,0.595424206574986,0.8,"max_feasible_given_X",0.882414379544733,0.409869674956942,0.0336586923306931,1,0.372799350441659,0.0426536488506056,1,0.058804630251616,0.0416713602906328,0.292,0.897409567210967,0.0764707628654883,1,-0.527734097482954,0.0747430305631908,1,0.863143315675894,0.0813226469173074,1,0.050118243179986,0.0407147001785157,0.243,-0.524845925309291,0.0747587342816146,1,0.0326520573713376,0.0412523078819544,0.0419774056849411,0.0762941680399135,0.0754756727406828,0.0811611130025087,0.040663460618627,0.0755139999870796,0.109869674956942,0.0727993504416595,0.597409567210966,0.563143315675894,"sim","classical","norm",NA,1000,1000,314
0.85,0.3,"D2_highRho_unequalA2_WithX",0.6,0.35,0.882414379544733,0,0.3,0.257142857142857,0.577959756575053,0,0,1,0.15,0.15,0.2,0.2,0.5,0.0899999999999999,0.51,0.6,0.15,0.105,0.955,0.109947643979058,0.176344862772684,0.595424206574986,0.85,"max_feasible_given_X",0.882414379544733,0.41104618766107,0.033691312643495,1,0.399633643560068,0.0426516095323267,1,0.0181594403069922,0.0416824959023853,0.071,0.896587644284505,0.0765936306775842,1,-0.525511857564678,0.0748574272086318,1,0.876818491520647,0.0793042947295142,1,0.0390805951113414,0.0408023871707352,0.165,-0.530662039489962,0.0750594300527712,1,0.0326194889209889,0.0430544370428355,0.0427660279123778,0.0762202757058341,0.0743492151466871,0.079907730393685,0.0414881705551294,0.0741781778988703,0.11104618766107,0.0996336435600681,0.596587644284506,0.576818491520647,"sim","classical","norm",NA,1000,1000,314
0.9,0.3,"D2_highRho_unequalA2_WithX",0.6,0.35,0.882414379544733,0,0.3,0.171428571428571,0.611957389314762,0,0,1,0.15,0.15,0.2,0.2,0.5,0.06,0.54,0.6,0.1,0.105,0.955,0.109947643979058,0.176344862772684,0.595424206574986,0.9,"max_feasible_given_X",0.882414379544733,0.410689188936863,0.033677783359242,1,0.426148993358777,0.0427008583116525,1,-0.0245340226814763,0.0417280412976997,0.0989999999999999,0.900464028783225,0.0766168596576277,1,-0.529695433930359,0.0748454914772397,1,0.891811743190043,0.0778905840004332,1,0.0256975107324157,0.0413489883385495,0.105,-0.537787071724131,0.0759938821419572,1,0.0338736292449161,0.0435459768720942,0.0428247548078858,0.0750364794401718,0.0742082419428645,0.0759342730545823,0.0429450554882721,0.0759254009460737,0.110689188936863,0.126148993358777,0.600464028783225,0.591811743190043,"sim","classical","norm",NA,1000,1000,314
0.95,0.3,"D2_highRho_unequalA2_WithX",0.6,0.35,0.882414379544733,0,0.3,0.0857142857142856,0.645955022054471,0,0,1,0.15,0.15,0.2,0.2,0.5,0.03,0.57,0.6,0.0499999999999999,0.105,0.955,0.109947643979058,0.176344862772684,0.595424206574986,0.95,"max_feasible_given_X",0.882414379544733,0.411401713239919,0.0336591447630182,1,0.451546497006989,0.0426037928857807,1,-0.0640345749453903,0.0416790133700796,0.34,0.897460128712902,0.0765100385933699,1,-0.526172737724146,0.0747883453480024,1,0.895035194573167,0.0768822745136262,1,0.0141731827812296,0.0423080024779995,0.059,-0.533173960558033,0.0776922000056937,1,0.0347489450111906,0.0439957739325147,0.0422816887729509,0.0802242286132631,0.0779877165164495,0.0807780000506911,0.0427403658984657,0.0801895116345372,0.111401713239919,0.151546497006989,0.597460128712902,0.595035194573167,"sim","classical","norm",NA,1000,1000,314
1,0.3,"D2_highRho_unequalA2_WithX",0.6,0.35,0.882414379544733,0,0.3,0,0.67995265479418,0,0,1,0.15,0.15,0.2,0.2,0.5,0,0.6,0.6,0,0.105,0.955,0.109947643979058,0.176344862772684,0.595424206574986,1,"max_feasible_given_X",0.882414379544733,0.412396563998342,0.0336708431888346,1,0.480217788203124,0.0425157981366721,1,-0.10808597946345,0.0415649169666013,0.736,0.900186990904419,0.0765268253804663,1,-0.528201290049087,0.0748338976600001,1,0.89999164408919,0.0765650417991255,1,-0.00182257595492446,0.0438529009575731,0.06,-0.526805441049158,0.0806269918539144,1,0.0331045199416392,0.0424880100213156,0.0424318080203673,0.076199295167906,0.0720284069364319,0.0762414764742266,0.0441501512702944,0.0773558002904572,0.112396563998342,0.180217788203125,0.600186990904419,0.59999164408919,"sim","classical","norm",NA,1000,1000,314
0.6,0.3,"D2_highRho_unequalA2_WithX",0.7,0.35,0.882414379544733,0,0.3,0.8,0.475966858355926,0,0,1,0.15,0.15,0.2,0.2,0.5,0.28,0.42,0.7,0.4,0.105,0.955,0.109947643979058,0.176344862772684,0.595424206574986,0.6,"max_feasible_given_X",0.882414379544733,0.409407539295734,0.0336729517265823,1,0.162318513112542,0.0470914172966247,0.925,0.336614324798728,0.046013918945675,1,0.897560475966514,0.0764348075571494,1,-0.528626398671424,0.074723251882163,1,0.543108856698363,0.116389096522815,0.995,0.223400787535184,0.0556396908835443,0.977,-0.322400296884725,0.0902153001455829,0.946,0.0351318610116301,0.0471720051636427,0.0443449472636702,0.0778571723217909,0.0754377234552682,0.115931197418815,0.053221738297443,0.0906208139977015,0.109407539295734,-0.137681486887458,0.597560475966514,0.243108856698363,"sim","classical","norm",NA,1000,1000,314
0.65,0.3,"D2_highRho_unequalA2_WithX",0.7,0.35,0.882414379544733,0,0.3,0.7,0.515630763218919,0,0,1,0.15,0.15,0.2,0.2,0.5,0.245,0.455,0.7,0.35,0.105,0.955,0.109947643979058,0.176344862772684,0.595424206574986,0.65,"max_feasible_given_X",0.882414379544733,0.410739546071235,0.0337009805208677,1,0.211280133468379,0.0474644197913364,0.995,0.272314302099514,0.046370351612863,1,0.895578031507573,0.0766030528256089,1,-0.525021402895446,0.0749006102110439,1,0.669820823914982,0.104057590181507,1,0.162336211212233,0.0509621824989526,0.887,-0.409320375090167,0.0828973770111047,0.999,0.0341749950326756,0.0476835969681979,0.0476006086980692,0.0768830558168375,0.0728677693639636,0.103347724331037,0.0517897660102228,0.0801314756951938,0.110739546071235,-0.0887198665316209,0.595578031507573,0.369820823914982,"sim","classical","norm",NA,1000,1000,314
0.7,0.3,"D2_highRho_unequalA2_WithX",0.7,0.35,0.882414379544733,0,0.3,0.6,0.555294668081913,0,0,1,0.15,0.15,0.2,0.2,0.5,0.21,0.49,0.7,0.3,0.105,0.955,0.109947643979058,0.176344862772684,0.595424206574986,0.7,"max_feasible_given_X",0.882414379544733,0.411909786664415,0.0337048428352948,1,0.257098028322576,0.0478124112669855,1,0.211161040783711,0.0466766369698735,0.996,0.894260960119032,0.0765086812330434,1,-0.522132690816118,0.0747690330632226,1,0.746255650413224,0.0956165125343232,1,0.123991801660709,0.0482460200450865,0.719,-0.460303911722589,0.0783558621692057,1,0.0336165203654328,0.046905813722487,0.047224467933096,0.077996335054022,0.0759842557502484,0.0951106914858661,0.0483636861394105,0.0792116499476686,0.111909786664415,-0.042901971677424,0.594260960119032,0.446255650413224,"sim","classical","norm",NA,1000,1000,314
0.75,0.3,"D2_highRho_unequalA2_WithX",0.7,0.35,0.882414379544733,0,0.3,0.5,0.594958572944907,0,0,1,0.15,0.15,0.2,0.2,0.5,0.175,0.525,0.7,0.25,0.105,0.955,0.109947643979058,0.176344862772684,0.595424206574986,0.75,"max_feasible_given_X",0.882414379544733,0.411749627749309,0.0336916923049039,1,0.303386320347088,0.0480894904471949,1,0.147574248865599,0.0469328620468436,0.885,0.895559752943664,0.0764474808486626,1,-0.523759617408335,0.0746931093506131,1,0.801574120038833,0.0893217992333303,1,0.09450179699701,0.0466757387175999,0.539,-0.497148953228774,0.0757244032273567,1,0.0340979373730407,0.046135873083445,0.0451479495876649,0.0761370806766516,0.0733057954612893,0.0866704464403789,0.0445691035159884,0.0740448922400509,0.111749627749309,0.00338632034708836,0.595559752943664,0.501574120038833,"sim","classical","norm",NA,1000,1000,314
0.8,0.3,"D2_highRho_unequalA2_WithX",0.7,0.35,0.882414379544733,0,0.3,0.4,0.634622477807901,0,0,1,0.15,0.15,0.2,0.2,0.5,0.14,0.56,0.7,0.2,0.105,0.955,0.109947643979058,0.176344862772684,0.595424206574986,0.8,"max_feasible_given_X",0.882414379544733,0.412000529463559,0.0336981688121055,1,0.348445392216398,0.0482389938977033,1,0.0866881554270684,0.047142462381409,0.429,0.894755458957082,0.0766297099252875,1,-0.522330372006382,0.074877942051618,1,0.836137216069942,0.0848459007183038,1,0.0739777076214287,0.0461071110847285,0.349,-0.517590404348986,0.0748796428759265,1,0.0334650711297402,0.0470040282948383,0.0454056875017905,0.0781614926684095,0.0768944951547468,0.084669389539675,0.0444267735008153,0.0767359686267958,0.112000529463559,0.0484453922163976,0.594755458957082,0.536137216069942,"sim","classical","norm",NA,1000,1000,314
0.85,0.3,"D2_highRho_unequalA2_WithX",0.7,0.35,0.882414379544733,0,0.3,0.3,0.674286382670895,0,0,1,0.15,0.15,0.2,0.2,0.5,0.105,0.595,0.7,0.15,0.105,0.955,0.109947643979058,0.176344862772684,0.595424206574986,0.85,"max_feasible_given_X",0.882414379544733,0.409668678399848,0.0337206044464143,1,0.390034844232983,0.0482838463570248,1,0.0269094223980018,0.0471534796528851,0.0879999999999999,0.893521084197294,0.0765998027697745,1,-0.52341496190775,0.0748189033487417,1,0.860014133939178,0.0814163180752568,1,0.0562793615776365,0.0462175893352797,0.221,-0.531681236426731,0.0751033343890723,1,0.031832741246833,0.0470344966924738,0.0477222054120006,0.0761416601357391,0.0753060655050167,0.0804458123288858,0.0470419299183639,0.0757244582947436,0.109668678399848,0.0900348442329831,0.593521084197294,0.560014133939178,"sim","classical","norm",NA,1000,1000,314
0.9,0.3,"D2_highRho_unequalA2_WithX",0.7,0.35,0.882414379544733,0,0.3,0.2,0.713950287533889,0,0,1,0.15,0.15,0.2,0.2,0.5,0.07,0.63,0.7,0.1,0.105,0.955,0.109947643979058,0.176344862772684,0.595424206574986,0.9,"max_feasible_given_X",0.882414379544733,0.408721021778859,0.0336724042684288,1,0.434781492415554,0.0482546319608695,1,-0.0355679736973648,0.0471879055360769,0.122,0.888555080348794,0.0765465285702124,1,-0.519495553964698,0.0748255580064986,1,0.87341669078528,0.0788198265861656,1,0.0381365152562091,0.0473123827294,0.123,-0.53331810088312,0.0767956826218703,1,0.0336518194029474,0.0479193008511452,0.0478741316579762,0.0768719506128393,0.0753955956616781,0.0797123782838518,0.0474430197997269,0.0765094426134983,0.108721021778859,0.134781492415554,0.588555080348794,0.57341669078528,"sim","classical","norm",NA,1000,1000,314
0.95,0.3,"D2_highRho_unequalA2_WithX",0.7,0.35,0.882414379544733,0,0.3,0.0999999999999999,0.753614192396882,0,0,1,0.15,0.15,0.2,0.2,0.5,0.035,0.665,0.7,0.0499999999999999,0.105,0.955,0.109947643979058,0.176344862772684,0.595424206574986,0.95,"max_feasible_given_X",0.882414379544733,0.409869674956942,0.0336586923306931,1,0.481010722768215,0.0481915123932937,1,-0.0970258447299863,0.0470811290540042,0.533,0.897409567210967,0.0764707628654883,1,-0.527734097482954,0.0747430305631908,1,0.892972238373194,0.0771273452880099,1,0.0216547275958099,0.0493070189827158,0.0740000000000001,-0.540185295013707,0.080041616255874,1,0.0326520573713376,0.0467026880859886,0.0478531690431672,0.0762941680399135,0.0754756727406828,0.0769533081113136,0.0494056757219701,0.0804200235665067,0.109869674956942,0.181010722768215,0.597409567210966,0.592972238373194,"sim","classical","norm",NA,1000,1000,314
1,0.3,"D2_highRho_unequalA2_WithX",0.7,0.35,0.882414379544733,0,0.3,0,0.793278097259876,0,0,1,0.15,0.15,0.2,0.2,0.5,0,0.7,0.7,0,0.105,0.955,0.109947643979058,0.176344862772684,0.595424206574986,1,"max_feasible_given_X",0.882414379544733,0.41104618766107,0.033691312643495,1,0.526038433244719,0.047947247834605,1,-0.157169359053243,0.0468453821305816,0.92,0.896587644284505,0.0765936306775842,1,-0.525511857564678,0.0748574272086318,1,0.896493014531192,0.0766337430175402,1,0.00129402615050389,0.0527855749217063,0.049,-0.526462935911831,0.085925527796016,1,0.0326194889209889,0.0487830154078128,0.0482979429889188,0.0762202757058341,0.0743492151466871,0.07620387631836,0.0537644987518714,0.0843535970589798,0.11104618766107,0.226038433244719,0.596587644284506,0.596493014531192,"sim","classical","norm",NA,1000,1000,314
0.65,0.3,"D2_highRho_unequalA2_WithX",0.8,0.35,0.882414379544733,0,0.3,0.8,0.589292300821622,0,0,1,0.15,0.15,0.2,0.2,0.5,0.28,0.52,0.8,0.35,0.105,0.955,0.109947643979058,0.176344862772684,0.595424206574986,0.65,"max_feasible_given_X",0.882414379544733,0.409407539295734,0.0336729517265823,1,0.0207053398441199,0.0567778392857244,0.0580000000000001,0.463547358094069,0.0554713653577947,1,0.897560475966514,0.0764348075571494,1,-0.528626398671424,0.074723251882163,1,0.337059626011531,0.133798881444037,0.705,0.353200608613816,0.0696100780519979,0.999,-0.242405358983913,0.0929033281400233,0.743,0.0351318610116301,0.0561810665122825,0.0536890663878414,0.0778571723217909,0.0754377234552682,0.131764224440515,0.0665865878631088,0.0927247286705472,0.109407539295734,-0.27929466015588,0.597560475966514,0.0370596260115308,"sim","classical","norm",NA,1000,1000,314
0.7,0.3,"D2_highRho_unequalA2_WithX",0.8,0.35,0.882414379544733,0,0.3,0.685714285714286,0.634622477807901,0,0,1,0.15,0.15,0.2,0.2,0.5,0.24,0.56,0.8,0.3,0.105,0.955,0.109947643979058,0.176344862772684,0.595424206574986,0.7,"max_feasible_given_X",0.882414379544733,0.410739546071235,0.0337009805208677,1,0.112549851700045,0.057493870719573,0.506,0.356090833532927,0.0561663686556885,1,0.895578031507573,0.0766030528256089,1,-0.525021402895446,0.0749006102110439,1,0.579912179579537,0.112956902146563,0.999,0.231749874422463,0.0613255037892342,0.963,-0.393347474432071,0.0821292134830015,0.999,0.0341749950326756,0.0577000755184535,0.0575223732996728,0.0768830558168375,0.0728677693639636,0.11202508422794,0.0621831082596789,0.079260244473844,0.110739546071235,-0.187450148299955,0.595578031507573,0.279912179579537,"sim","classical","norm",NA,1000,1000,314
0.75,0.3,"D2_highRho_unequalA2_WithX",0.8,0.35,0.882414379544733,0,0.3,0.571428571428572,0.67995265479418,0,0,1,0.15,0.15,0.2,0.2,0.5,0.2,0.6,0.8,0.25,0.105,0.955,0.109947643979058,0.176344862772684,0.595424206574986,0.75,"max_feasible_given_X",0.882414379544733,0.411909786664415,0.0337048428352948,1,0.200117037693185,0.058102670649174,0.939,0.252781786851413,0.0567421870320317,0.995,0.894260960119032,0.0765086812330434,1,-0.522132690816118,0.0747690330632226,1,0.703397189044543,0.100384238712638,1,0.167940251526965,0.0574500273624103,0.827,-0.467826723792696,0.0767760906777971,1,0.0336165203654328,0.0571549827111299,0.0573864440820786,0.077996335054022,0.0759842557502484,0.0996319545824408,0.057712294171011,0.0776785336102399,0.111909786664415,-0.0998829623068152,0.594260960119032,0.403397189044543,"sim","classical","norm",NA,1000,1000,314
0.8,0.3,"D2_highRho_unequalA2_WithX",0.8,0.35,0.882414379544733,0,0.3,0.457142857142857,0.725282831780458,0,0,1,0.15,0.15,0.2,0.2,0.5,0.16,0.64,0.8,0.2,0.105,0.955,0.109947643979058,0.176344862772684,0.595424206574986,0.8,"max_feasible_given_X",0.882414379544733,0.411749627749309,0.0336916923049039,1,0.289201117014373,0.0585176612899567,0.999,0.146101184785719,0.057125947516467,0.722,0.895559752943664,0.0764474808486626,1,-0.523759617408335,0.0746931093506131,1,0.782546580183647,0.0916695938724197,1,0.124325072056222,0.0559278474920448,0.622,-0.514311035245947,0.0746684938203221,1,0.0340979373730407,0.0559954956996408,0.054933460878577,0.0761370806766516,0.0733057954612893,0.0886820733039454,0.0533537698424924,0.0730967132535413,0.111749627749309,-0.0107988829856274,0.595559752943664,0.482546580183647,"sim","classical","norm",NA,1000,1000,314
0.85,0.3,"D2_highRho_unequalA2_WithX",0.8,0.35,0.882414379544733,0,0.3,0.342857142857143,0.770613008766737,0,0,1,0.15,0.15,0.2,0.2,0.5,0.12,0.68,0.8,0.15,0.105,0.955,0.109947643979058,0.176344862772684,0.595424206574986,0.85,"max_feasible_given_X",0.882414379544733,0.412000529463559,0.0336981688121055,1,0.375532371369153,0.0586898452159236,1,0.0435209160652462,0.0573497162214936,0.115,0.894755458957082,0.0766297099252875,1,-0.522330372006382,0.074877942051618,1,0.830172465443931,0.0856240858785457,1,0.0950773410127605,0.0564238187360217,0.38,-0.538650095900147,0.0754317138109356,1,0.0334650711297402,0.0566691654358622,0.0549343820750553,0.0781614926684095,0.0768944951547468,0.0853330734185237,0.0543411532049869,0.0775178638990605,0.112000529463559,0.0755323713691534,0.594755458957082,0.530172465443931,"sim","classical","norm",NA,1000,1000,314
0.9,0.3,"D2_highRho_unequalA2_WithX",0.8,0.35,0.882414379544733,0,0.3,0.228571428571429,0.815943185753016,0,0,1,0.15,0.15,0.2,0.2,0.5,0.08,0.72,0.8,0.1,0.105,0.955,0.109947643979058,0.176344862772684,0.595424206574986,0.9,"max_feasible_given_X",0.882414379544733,0.409668678399848,0.0337206044464143,1,0.458500387661245,0.0586515894833091,1,-0.0582116221607464,0.0572981199243619,0.178,0.893521084197294,0.0765998027697745,1,-0.52341496190775,0.0748189033487417,1,0.862012638560502,0.0811424203786964,1,0.0694709382930838,0.0588369180230489,0.21,-0.552182604645883,0.0786538994812429,1,0.031832741246833,0.0578778429509286,0.058048117994914,0.0761416601357391,0.0753060655050167,0.0801880143461345,0.0599002266663845,0.0797345254170176,0.109668678399848,0.158500387661245,0.593521084197294,0.562012638560502,"sim","classical","norm",NA,1000,1000,314
0.95,0.3,"D2_highRho_unequalA2_WithX",0.8,0.35,0.882414379544733,0,0.3,0.114285714285714,0.861273362739294,0,0,1,0.15,0.15,0.2,0.2,0.5,0.04,0.76,0.8,0.0499999999999999,0.105,0.955,0.109947643979058,0.176344862772684,0.595424206574986,0.95,"max_feasible_given_X",0.882414379544733,0.408721021778859,0.0336724042684288,1,0.544600337469951,0.0584051693472406,1,-0.162310285599472,0.0571077179256341,0.802,0.888555080348794,0.0765465285702124,1,-0.519495553964698,0.0748255580064986,1,0.879497042579191,0.0779468324901611,1,0.039904824743325,0.0644710632720719,0.088,-0.545827175790909,0.0861436509930787,1,0.0336518194029474,0.0585271090990638,0.0582054605640198,0.0768719506128393,0.0753955956616781,0.0786912458878141,0.0646753234423976,0.0848740524402943,0.108721021778859,0.244600337469951,0.588555080348794,0.579497042579191,"sim","classical","norm",NA,1000,1000,314
1,0.3,"D2_highRho_unequalA2_WithX",0.8,0.35,0.882414379544733,0,0.3,0,0.906603539725573,0,0,1,0.15,0.15,0.2,0.2,0.5,0,0.8,0.8,0,0.105,0.955,0.109947643979058,0.176344862772684,0.595424206574986,1,"max_feasible_given_X",0.882414379544733,0.409869674956942,0.0336586923306931,1,0.634112184131401,0.0580127608527334,1,-0.267598815833552,0.0566800192575906,0.998,0.897409567210967,0.0764707628654883,1,-0.527734097482954,0.0747430305631908,1,0.897276304712914,0.0765104262898772,1,0.000581689202430352,0.0761983975732106,0.044,-0.528170608023739,0.101832094803555,0.999,0.0326520573713376,0.0568612224914623,0.057510557224936,0.0762941680399135,0.0754756727406828,0.0763844033854937,0.0765475316467858,0.101975707815577,0.109869674956942,0.334112184131401,0.597409567210966,0.597276304712914,"sim","classical","norm",NA,1000,1000,314
0.75,0.3,"D2_highRho_unequalA2_WithX",0.9,0.35,0.882414379544733,0,0.3,0.642857142857143,0.764946736643452,0,0,1,0.15,0.15,0.2,0.2,0.5,0.225,0.675,0.9,0.25,0.105,0.955,0.109947643979058,0.176344862772684,0.595424206574986,0.75,"max_feasible_given_X",0.882414379544733,0.409407539295734,0.0336729517265823,1,-0.176489343204641,0.0841853359577656,0.557,0.621376096418479,0.082250977403334,1,0.897560475966514,0.0764348075571494,1,-0.528626398671424,0.074723251882163,1,0.307945709215096,0.136051162970204,0.616,0.462346381546815,0.0887778893115877,0.999,-0.362232230834407,0.0803899118672958,0.995,0.0351318610116301,0.0817079513869064,0.0788969493049462,0.0778571723217909,0.0754377234552682,0.134026252125143,0.0852545239170518,0.0808788030015353,0.109407539295734,-0.476489343204641,0.597560475966514,0.00794570921509641,"sim","classical","norm",NA,1000,1000,314
0.8,0.3,"D2_highRho_unequalA2_WithX",0.9,0.35,0.882414379544733,0,0.3,0.514285714285714,0.815943185753016,0,0,1,0.15,0.15,0.2,0.2,0.5,0.18,0.72,0.9,0.2,0.105,0.955,0.109947643979058,0.176344862772684,0.595424206574986,0.8,"max_feasible_given_X",0.882414379544733,0.410739546071235,0.0337009805208677,1,0.0678108565627068,0.0855755515497843,0.125,0.36402501963601,0.0836272573213795,0.983,0.895578031507573,0.0766030528256089,1,-0.525021402895446,0.0749006102110439,1,0.576291040039949,0.113298826164188,0.999,0.312545826823952,0.0822251503569432,0.964,-0.498098249840536,0.0747279727477311,1,0.0341749950326756,0.088006627879135,0.0866407334190691,0.0768830558168375,0.0728677693639636,0.112355628291474,0.0833666681724311,0.0721903974998591,0.110739546071235,-0.232189143437293,0.595578031507573,0.276291040039949,"sim","classical","norm",NA,1000,1000,314
0.85,0.3,"D2_highRho_unequalA2_WithX",0.9,0.35,0.882414379544733,0,0.3,0.385714285714286,0.866939634862579,0,0,1,0.15,0.15,0.2,0.2,0.5,0.135,0.765,0.9,0.15,0.105,0.955,0.109947643979058,0.176344862772684,0.595424206574986,0.85,"max_feasible_given_X",0.882414379544733,0.411909786664415,0.0337048428352948,1,0.30680357532916,0.0864520465116065,0.95,0.111545480882377,0.0844750367226335,0.248,0.894260960119032,0.0765086812330434,1,-0.522132690816118,0.0747690330632226,1,0.707939928092382,0.0998907867165968,1,0.24287173960567,0.0841036213030302,0.819,-0.568198671244661,0.0761789171243546,1,0.0336165203654328,0.0845424354840184,0.083839463096775,0.077996335054022,0.0759842557502484,0.0991602208511572,0.0844689783612945,0.0778495179292297,0.111909786664415,0.00680357532915976,0.594260960119032,0.407939928092382,"sim","classical","norm",NA,1000,1000,314
0.9,0.3,"D2_highRho_unequalA2_WithX",0.9,0.35,0.882414379544733,0,0.3,0.257142857142857,0.917936083972142,0,0,1,0.15,0.15,0.2,0.2,0.5,0.09,0.81,0.9,0.1,0.105,0.955,0.109947643979058,0.176344862772684,0.595424206574986,0.9,"max_feasible_given_X",0.882414379544733,0.411749627749309,0.0336916923049039,1,0.550252372132195,0.0863358366670916,1,-0.146957584742098,0.0843204531060203,0.409,0.895559752943664,0.0764474808486626,1,-0.523759617408335,0.0746931093506131,1,0.790128415970228,0.0907420976340117,1,0.206171395732139,0.0960692828099704,0.597,-0.62008040062473,0.0870433475563641,1,0.0340979373730407,0.0839320869105694,0.0818636583008063,0.0761370806766516,0.0733057954612893,0.0878861970861907,0.0916799923147115,0.0849520816588641,0.111749627749309,0.250252372132195,0.595559752943664,0.490128415970228,"sim","classical","norm",NA,1000,1000,314
0.95,0.3,"D2_highRho_unequalA2_WithX",0.9,0.35,0.882414379544733,0,0.3,0.128571428571428,0.968932533081706,0,0,1,0.15,0.15,0.2,0.2,0.5,0.0449999999999999,0.855,0.9,0.0499999999999999,0.105,0.955,0.109947643979058,0.176344862772684,0.595424206574986,0.95,"max_feasible_given_X",0.882414379544733,0.412000529463559,0.0336981688121055,1,0.785523763226687,0.0855571187109606,1,-0.396257079247349,0.0835975064307471,0.997,0.894755458957082,0.0766297099252875,1,-0.522330372006382,0.074877942051618,1,0.835497288333315,0.0849297696666361,1,0.232661975757073,0.144214152600783,0.351,-0.695511902219234,0.130827892777512,1,0.0334650711297402,0.0846986540918924,0.0829633371237059,0.0781614926684095,0.0768944951547468,0.084740800474235,0.138950878068086,0.130252159952898,0.112000529463559,0.485523763226687,0.594755458957082,0.535497288333315,"sim","classical","norm",NA,1000,1000,314
0.3,0.3,"D2_highRho_unequalA2_WithX",0.6,0.45,0.837467578644874,0,0.3,0.933333333333333,0.214933693661625,0,0,1,0.15,0.15,0.2,0.2,0.5,0.42,0.18,0.6,0.7,0.135,0.955,0.141361256544503,0.253648054718692,0.532233531811318,0.3,"max_feasible_given_X",0.837467578644874,0.440963634642626,0.0335502037803853,1,0.242527757626608,0.0413247418382148,1,0.315303100278359,0.0403923902604407,1,0.834089621867565,0.0634467422495719,1,-0.448651451715757,0.0620346625865973,1,0.471507939705885,0.121281353597877,0.97,0.219130383478318,0.0626043588267545,0.946,-0.192288182271336,0.0957637966925107,0.527,0.0350186900499389,0.0420957861209558,0.0393423502528856,0.0644040515473201,0.0624086008841013,0.120113423991701,0.0599621917390843,0.0951725646009623,0.140963634642626,-0.0574722423733922,0.534089621867565,0.171507939705885,"sim","classical","norm",NA,1000,1000,314
0.35,0.3,"D2_highRho_unequalA2_WithX",0.6,0.45,0.837467578644874,0,0.3,0.866666666666667,0.250755975938562,0,0,1,0.15,0.15,0.2,0.2,0.5,0.39,0.21,0.6,0.65,0.135,0.955,0.141361256544503,0.253648054718692,0.532233531811318,0.35,"max_feasible_given_X",0.837467578644874,0.44217335956411,0.0335771286002666,1,0.266031988844125,0.0415639725774466,1,0.280357555537378,0.04059400447108,1,0.832608135417178,0.0635704367976902,1,-0.445541184212684,0.0621666210797098,1,0.594271888265699,0.105501541242933,0.999,0.154829000536532,0.0548474658509349,0.807,-0.284590815595176,0.084139631825976,0.929,0.0341389352496634,0.0411845901993181,0.0408772993949155,0.0639846513523763,0.0602044817756098,0.104611684914479,0.055419314256768,0.0815667096294196,0.14217335956411,-0.0339680111558752,0.532608135417178,0.294271888265699,"sim","classical","norm",NA,1000,1000,314
0.4,0.3,"D2_highRho_unequalA2_WithX",0.6,0.45,0.837467578644874,0,0.3,0.8,0.2865782582155,0,0,1,0.15,0.15,0.2,0.2,0.5,0.36,0.24,0.6,0.6,0.135,0.955,0.141361256544503,0.253648054718692,0.532233531811318,0.4,"max_feasible_given_X",0.837467578644874,0.44325978785431,0.0335819162430851,1,0.287387896104539,0.0417903583333313,1,0.247862605909975,0.0407759361522693,1,0.831361210777008,0.0635067581798926,1,-0.442750164907269,0.0620692705473412,1,0.662861647733515,0.0952977186980562,1,0.118561411963042,0.0500623477978115,0.66,-0.335553001306477,0.0767200996103267,0.99,0.0334803729015038,0.0412347662655151,0.0417295039674166,0.064767220293071,0.0629514553355021,0.0943511596750289,0.0501377144325307,0.076973874219328,0.14325978785431,-0.0126121038954606,0.531361210777008,0.362861647733515,"sim","classical","norm",NA,1000,1000,314
0.45,0.3,"D2_highRho_unequalA2_WithX",0.6,0.45,0.837467578644874,0,0.3,0.733333333333333,0.322400540492437,0,0,1,0.15,0.15,0.2,0.2,0.5,0.33,0.27,0.6,0.55,0.135,0.955,0.141361256544503,0.253648054718692,0.532233531811318,0.45,"max_feasible_given_X",0.837467578644874,0.443029774774936,0.0335708030946665,1,0.307919314503868,0.0420026648461646,1,0.214602539722175,0.0409962187587549,1,0.831870091633221,0.0634598204401054,1,-0.443630363833748,0.0620059735911867,1,0.711360758717388,0.0878674276639351,1,0.0925326098952472,0.0467624154069128,0.518,-0.372638570858726,0.0715476728637865,0.999,0.0341333889739579,0.0402293624734765,0.0393071519083316,0.0633609403322156,0.060737777791598,0.0843191618629719,0.04444072007171,0.0694791311460156,0.143029774774936,0.00791931450386829,0.531870091633222,0.411360758717388,"sim","classical","norm",NA,1000,1000,314
0.5,0.3,"D2_highRho_unequalA2_WithX",0.6,0.45,0.837467578644874,0,0.3,0.666666666666667,0.358222822769375,0,0,1,0.15,0.15,0.2,0.2,0.5,0.3,0.3,0.6,0.5,0.135,0.955,0.141361256544503,0.253648054718692,0.532233531811318,0.5,"max_feasible_given_X",0.837467578644874,0.443237023657774,0.0335765919698705,1,0.328327456856506,0.0421517156648449,1,0.182834407757949,0.0411969627941108,0.995,0.831626491559428,0.0636008668306287,1,-0.442789724236017,0.0621517019532387,1,0.741014057388828,0.0824848751592711,1,0.0766726314281227,0.044495734004802,0.393,-0.394423046297368,0.068150713810318,1,0.0333935590506613,0.0415092538490135,0.0402550642894051,0.0648340614175178,0.0637187328910862,0.0811031143742208,0.0426998201308159,0.0686615372381726,0.143237023657774,0.028327456856506,0.531626491559428,0.441014057388828,"sim","classical","norm",NA,1000,1000,314
0.55,0.3,"D2_highRho_unequalA2_WithX",0.6,0.45,0.837467578644874,0,0.3,0.6,0.394045105046312,0,0,1,0.15,0.15,0.2,0.2,0.5,0.27,0.33,0.6,0.45,0.135,0.955,0.141361256544503,0.253648054718692,0.532233531811318,0.55,"max_feasible_given_X",0.837467578644874,0.44105518573564,0.0336042701370435,1,0.345658820770438,0.0422596227224593,1,0.152040144645106,0.0412403301371337,0.954,0.830525906764587,0.0635763464828683,1,-0.443966987084845,0.0620964257324431,1,0.76188545016054,0.0782491684211505,1,0.0644438658248383,0.0428103146141524,0.32,-0.411749423211448,0.065649481430281,1,0.031738564770144,0.0404171487181166,0.0417178501181945,0.0634326224456278,0.0626434704908715,0.0774827794472434,0.0433933486755613,0.0659257918476018,0.141055185735641,0.0456588207704376,0.530525906764587,0.46188545016054,"sim","classical","norm",NA,1000,1000,314
0.6,0.3,"D2_highRho_unequalA2_WithX",0.6,0.45,0.837467578644874,0,0.3,0.533333333333333,0.42986738732325,0,0,1,0.15,0.15,0.2,0.2,0.5,0.24,0.36,0.6,0.4,0.135,0.955,0.141361256544503,0.253648054718692,0.532233531811318,0.6,"max_feasible_given_X",0.837467578644874,0.439941861536601,0.0335550443051224,1,0.36518107094443,0.0423510591742391,1,0.119131364383946,0.0414171338003756,0.817,0.826845820068468,0.063542563660496,1,-0.441369816579418,0.0621164096171493,1,0.775769381144507,0.0747755257265521,1,0.0540076739175764,0.0417426948117256,0.273,-0.421755941957948,0.0639078987517605,1,0.0335820599455744,0.0417105812436472,0.0413099074845513,0.0635744850121391,0.0624291029525219,0.0760918455731421,0.0418161605143873,0.0651190643675973,0.139941861536601,0.0651810709444304,0.526845820068468,0.475769381144507,"sim","classical","norm",NA,1000,1000,314
0.65,0.3,"D2_highRho_unequalA2_WithX",0.6,0.45,0.837467578644874,0,0.3,0.466666666666667,0.465689669600187,0,0,1,0.15,0.15,0.2,0.2,0.5,0.21,0.39,0.6,0.35,0.135,0.955,0.141361256544503,0.253648054718692,0.532233531811318,0.65,"max_feasible_given_X",0.837467578644874,0.441229623056073,0.0335394694292047,1,0.3856948334571,0.0424507283457551,1,0.088137976714739,0.041474229594398,0.562,0.833275941082909,0.0634708748674087,1,-0.447174990089805,0.062040206558844,1,0.795191869826527,0.0719696602868383,1,0.0458400971213936,0.0409720651991413,0.205,-0.436709762081148,0.0627264770671724,1,0.0324086551056308,0.040980161305532,0.041547977503131,0.0632730525854646,0.0628115850114615,0.0718576860765929,0.040928614387002,0.0636290242874077,0.141229623056073,0.0856948334571004,0.533275941082909,0.495191869826527,"sim","classical","norm",NA,1000,1000,314
0.7,0.3,"D2_highRho_unequalA2_WithX",0.6,0.45,0.837467578644874,0,0.3,0.4,0.501511951877125,0,0,1,0.15,0.15,0.2,0.2,0.5,0.18,0.42,0.6,0.3,0.135,0.955,0.141361256544503,0.253648054718692,0.532233531811318,0.7,"max_feasible_given_X",0.837467578644874,0.442454005232718,0.0335701762773412,1,0.406846901197791,0.0424641637000752,1,0.0567687078851314,0.0415162326784683,0.285,0.833413129760114,0.0635738954145019,1,-0.445843991174943,0.062137152033522,1,0.805037424799752,0.0696986246017085,1,0.0401937059467676,0.0405885368312523,0.17,-0.442247304030248,0.062239826575098,1,0.0326053853258495,0.0428756820901775,0.0424088140610115,0.0632841486175534,0.0614774096437718,0.0707532691976297,0.0412465506689152,0.0615475356439402,0.142454005232718,0.106846901197791,0.533413129760114,0.505037424799752,"sim","classical","norm",NA,1000,1000,314
0.75,0.3,"D2_highRho_unequalA2_WithX",0.6,0.45,0.837467578644874,0,0.3,0.333333333333333,0.537334234154062,0,0,1,0.15,0.15,0.2,0.2,0.5,0.15,0.45,0.6,0.25,0.135,0.955,0.141361256544503,0.253648054718692,0.532233531811318,0.75,"max_feasible_given_X",0.837467578644874,0.442312705213618,0.0335646181912809,1,0.427568293538142,0.042550403742355,1,0.0235217733063376,0.0415919037157414,0.0909999999999999,0.836532726339287,0.0635831894212466,1,-0.449120192390339,0.0621018348315158,1,0.817595442317333,0.0679284484261702,1,0.0321753763265257,0.0405711907608361,0.127,-0.450552365102216,0.0621373758760375,1,0.0336827570026241,0.0434713828487981,0.0428683655102229,0.0617546936306641,0.0613103501756495,0.0660248700119476,0.0418856616538015,0.0613304500915881,0.142312705213618,0.127568293538142,0.536532726339287,0.517595442317333,"sim","classical","norm",NA,1000,1000,314
0.8,0.3,"D2_highRho_unequalA2_WithX",0.6,0.45,0.837467578644874,0,0.3,0.266666666666667,0.573156516431,0,0,1,0.15,0.15,0.2,0.2,0.5,0.12,0.48,0.6,0.2,0.135,0.955,0.141361256544503,0.253648054718692,0.532233531811318,0.8,"max_feasible_given_X",0.837467578644874,0.442795504788677,0.0335346329790961,1,0.447154974923484,0.042502818018955,1,-0.00696665061916121,0.0415790417493128,0.049,0.833835771748359,0.0634917720319199,1,-0.446093912892272,0.0620726145196669,1,0.821142675858261,0.0663842472407183,1,0.0268461266047153,0.0408204601715389,0.105,-0.450831316724353,0.0625025688494574,1,0.0346677043098327,0.0439057762430154,0.0420109967421312,0.0664070585219802,0.064493785061289,0.0698220022239385,0.0413187952152846,0.064711223208147,0.142795504788677,0.147154974923484,0.533835771748359,0.521142675858261,"sim","classical","norm",NA,1000,1000,314
0.85,0.3,"D2_highRho_unequalA2_WithX",0.6,0.45,0.837467578644874,0,0.3,0.2,0.608978798707937,0,0,1,0.15,0.15,0.2,0.2,0.5,0.0899999999999999,0.51,0.6,0.15,0.135,0.955,0.141361256544503,0.253648054718692,0.532233531811318,0.85,"max_feasible_given_X",0.837467578644874,0.443973790256551,0.0335468935555437,1,0.470124935278016,0.0424865253489229,1,-0.0417211341903905,0.0415390669444242,0.172,0.836806184020602,0.0635216978991278,1,-0.448187873983941,0.0621222034310827,1,0.829995537930336,0.0652022856210323,1,0.0188813484521777,0.0414103642254383,0.077,-0.454008810579602,0.0634923291667489,1,0.033069251832804,0.042414868130971,0.0423735550076607,0.0630712939593644,0.0591999069463276,0.0650576826854981,0.0415247361863123,0.0602142812242087,0.143973790256551,0.170124935278016,0.536806184020602,0.529995537930336,"sim","classical","norm",NA,1000,1000,314
0.9,0.3,"D2_highRho_unequalA2_WithX",0.6,0.45,0.837467578644874,0,0.3,0.133333333333333,0.644801080984875,0,0,1,0.15,0.15,0.2,0.2,0.5,0.06,0.54,0.6,0.1,0.135,0.955,0.141361256544503,0.253648054718692,0.532233531811318,0.9,"max_feasible_given_X",0.837467578644874,0.443814637250298,0.0335462471228354,1,0.489166038490335,0.042501285811747,1,-0.0720880974774481,0.041530819204455,0.417,0.83619593396756,0.0634461595858704,1,-0.447666770934107,0.062006778846441,1,0.832780711107351,0.0642779374756601,1,0.0144202203208318,0.0424031033453381,0.066,-0.454125671149969,0.0648481385823164,1,0.0337780299521804,0.0430455170280466,0.0414791381484171,0.0627832279743941,0.061095800237352,0.0637563930127196,0.0424714307433113,0.0638489359102338,0.143814637250298,0.189166038490335,0.53619593396756,0.532780711107351,"sim","classical","norm",NA,1000,1000,314
0.95,0.3,"D2_highRho_unequalA2_WithX",0.6,0.45,0.837467578644874,0,0.3,0.0666666666666666,0.680623363261812,0,0,1,0.15,0.15,0.2,0.2,0.5,0.03,0.57,0.6,0.0499999999999999,0.135,0.955,0.141361256544503,0.253648054718692,0.532233531811318,0.95,"max_feasible_given_X",0.837467578644874,0.441756792118906,0.0334960128441095,1,0.507199123997802,0.0423730732426428,1,-0.10401308473709,0.0414006088163673,0.691,0.832878125385095,0.0635033037992676,1,-0.445651678075189,0.0620410066785349,1,0.831957295233221,0.0637402145510866,1,0.00810051598399898,0.0438198851319695,0.053,-0.450436778126453,0.0671360521955071,1,0.0348555194493047,0.0443235436651867,0.0427321344193214,0.064701052827632,0.0628136185735608,0.0650356553020669,0.0452608414262728,0.0678166222566816,0.141756792118906,0.207199123997802,0.532878125385095,0.531957295233221,"sim","classical","norm",NA,1000,1000,314
1,0.3,"D2_highRho_unequalA2_WithX",0.6,0.45,0.837467578644874,0,0.3,0,0.71644564553875,0,0,1,0.15,0.15,0.2,0.2,0.5,0,0.6,0.6,0,0.135,0.955,0.141361256544503,0.253648054718692,0.532233531811318,1,"max_feasible_given_X",0.837467578644874,0.4417093788668,0.0335206548757575,1,0.526670053415307,0.0422735078996736,1,-0.135231369669858,0.0413210993550805,0.901,0.831597057538648,0.063548564281499,1,-0.444500291326858,0.0621063690566718,1,0.831547322633872,0.0635813226482076,1,-0.000182343422525966,0.0458207601357992,0.048,-0.444323440001047,0.0702426244751619,1,0.0335331002595746,0.042427429452162,0.0406652085046994,0.0632820692014687,0.0612628440284642,0.0632325829099466,0.045393345666691,0.0695395140723864,0.1417093788668,0.226670053415307,0.531597057538648,0.531547322633872,"sim","classical","norm",NA,1000,1000,314
0.4,0.3,"D2_highRho_unequalA2_WithX",0.7,0.45,0.837467578644874,0,0.3,0.933333333333333,0.334341301251416,0,0,1,0.15,0.15,0.2,0.2,0.5,0.42,0.28,0.7,0.6,0.135,0.955,0.141361256544503,0.253648054718692,0.532233531811318,0.4,"max_feasible_given_X",0.837467578644874,0.440963634642626,0.0335502037803853,1,0.166300563179689,0.0466064977143035,0.939,0.374239037445129,0.045545240738504,1,0.834089621867565,0.0634467422495719,1,-0.448651451715757,0.0620346625865973,1,0.347908948586938,0.135229623415753,0.728,0.293792295824017,0.0723249042433059,0.983,-0.139912488552083,0.0978112353367874,0.296,0.0350186900499389,0.0470504503058829,0.0444549376517829,0.0644040515473201,0.0624086008841013,0.133126479305447,0.0693167442892608,0.096910605610813,0.140963634642626,-0.133699436820311,0.534089621867565,0.0479089485869381,"sim","classical","norm",NA,1000,1000,314
0.45,0.3,"D2_highRho_unequalA2_WithX",0.7,0.45,0.837467578644874,0,0.3,0.855555555555556,0.376133963907844,0,0,1,0.15,0.15,0.2,0.2,0.5,0.385,0.315,0.7,0.55,0.135,0.955,0.141361256544503,0.253648054718692,0.532233531811318,0.45,"max_feasible_given_X",0.837467578644874,0.44217335956411,0.0335771286002666,1,0.205352609295638,0.0469665720939205,0.994,0.323060927387356,0.0458700311596237,1,0.832608135417178,0.0635704367976902,1,-0.445541184212684,0.0621666210797098,1,0.54637403674037,0.111932043072163,0.999,0.188379288072425,0.0607930548659455,0.875,-0.276507233986061,0.0824583327576068,0.925,0.0341389352496634,0.0464044927412477,0.0462062865847613,0.0639846513523763,0.0602044817756098,0.110879827751946,0.0613390233015553,0.0797724137480982,0.14217335956411,-0.0946473907043623,0.532608135417178,0.24637403674037,"sim","classical","norm",NA,1000,1000,314
0.5,0.3,"D2_highRho_unequalA2_WithX",0.7,0.45,0.837467578644874,0,0.3,0.777777777777778,0.417926626564271,0,0,1,0.15,0.15,0.2,0.2,0.5,0.35,0.35,0.7,0.5,0.135,0.955,0.141361256544503,0.253648054718692,0.532233531811318,0.5,"max_feasible_given_X",0.837467578644874,0.44325978785431,0.0335819162430851,1,0.241694342536953,0.0472995946957168,1,0.274798778450548,0.0461651872275687,1,0.831361210777008,0.0635067581798926,1,-0.442750164907269,0.0620692705473412,1,0.641965473636868,0.0984801564233602,1,0.13708394561832,0.0545593754055019,0.707,-0.341369580403466,0.0739055833212401,0.997,0.0334803729015038,0.0466992679586238,0.0472061666658033,0.064767220293071,0.0629514553355021,0.0974499914741307,0.0546854142178232,0.0742020864764053,0.14325978785431,-0.0583056574630467,0.531361210777008,0.341965473636868,"sim","classical","norm",NA,1000,1000,314
0.55,0.3,"D2_highRho_unequalA2_WithX",0.7,0.45,0.837467578644874,0,0.3,0.7,0.459719289220698,0,0,1,0.15,0.15,0.2,0.2,0.5,0.315,0.385,0.7,0.45,0.135,0.955,0.141361256544503,0.253648054718692,0.532233531811318,0.55,"max_feasible_given_X",0.837467578644874,0.443029774774936,0.0335708030946665,1,0.277586680959551,0.0476019991974191,1,0.225355826543617,0.0464675120968906,1,0.831870091633221,0.0634598204401054,1,-0.443630363833748,0.0620059735911867,1,0.702860205320493,0.0893174031123868,1,0.103785146108287,0.0506683854192513,0.554,-0.383401200850619,0.0685264044279825,0.999,0.0341333889739579,0.0452803332544256,0.04449626630679,0.0633609403322156,0.060737777791598,0.0856079755979415,0.0481346842394262,0.066635733968683,0.143029774774936,-0.0224133190404495,0.531870091633222,0.402860205320493,"sim","classical","norm",NA,1000,1000,314
0.6,0.3,"D2_highRho_unequalA2_WithX",0.7,0.45,0.837467578644874,0,0.3,0.622222222222222,0.501511951877125,0,0,1,0.15,0.15,0.2,0.2,0.5,0.28,0.42,0.7,0.4,0.135,0.955,0.141361256544503,0.253648054718692,0.532233531811318,0.6,"max_feasible_given_X",0.837467578644874,0.443237023657774,0.0335765919698705,1,0.312740938999618,0.0478047596625468,1,0.1779735086475,0.0467170246492541,0.971,0.831626491559428,0.0636008668306287,1,-0.442789724236017,0.0621517019532387,1,0.738755444742882,0.0828947025680254,1,0.0841954185690019,0.0482563600682482,0.407,-0.407291790843154,0.0653448963840075,1,0.0333935590506613,0.0467701162002636,0.0453485204959779,0.0648340614175178,0.0637187328910862,0.0814719967626437,0.0463033109120084,0.0662119666229947,0.143237023657774,0.0127409389996176,0.531626491559428,0.438755444742882,"sim","classical","norm",NA,1000,1000,314
0.65,0.3,"D2_highRho_unequalA2_WithX",0.7,0.45,0.837467578644874,0,0.3,0.544444444444444,0.543304614533552,0,0,1,0.15,0.15,0.2,0.2,0.5,0.245,0.455,0.7,0.35,0.135,0.955,0.141361256544503,0.253648054718692,0.532233531811318,0.65,"max_feasible_given_X",0.837467578644874,0.44105518573564,0.0336042701370435,1,0.344642100512514,0.0479274241245572,1,0.131691034978666,0.0467903559896892,0.786,0.830525906764587,0.0635763464828683,1,-0.443966987084845,0.0620964257324431,1,0.763251325322644,0.0779867769035638,1,0.0696075625062946,0.0467097603805446,0.318,-0.425318245279838,0.0633109914695658,1,0.031738564770144,0.0462989116276326,0.0472839871897793,0.0634326224456278,0.0626434704908715,0.0772286448465593,0.0473531864527379,0.0636904771755493,0.141055185735641,0.044642100512514,0.530525906764587,0.463251325322644,"sim","classical","norm",NA,1000,1000,314
0.7,0.3,"D2_highRho_unequalA2_WithX",0.7,0.45,0.837467578644874,0,0.3,0.466666666666667,0.585097277189979,0,0,1,0.15,0.15,0.2,0.2,0.5,0.21,0.49,0.7,0.3,0.135,0.955,0.141361256544503,0.253648054718692,0.532233531811318,0.7,"max_feasible_given_X",0.837467578644874,0.439941861536601,0.0335550443051224,1,0.379183708567902,0.048030067103134,1,0.0829778005984067,0.046969841788086,0.436,0.826845820068468,0.063542563660496,1,-0.441369816579418,0.0621164096171493,1,0.779359367707502,0.0740550509465123,1,0.0573835700955803,0.0460268679780327,0.251,-0.435121927558779,0.0622966007817081,1,0.0335820599455744,0.0475129381584846,0.0471895504598759,0.0635744850121391,0.0624291029525219,0.0753282766262652,0.0461112443478176,0.0629459899738323,0.139941861536601,0.0791837085679022,0.526845820068468,0.479359367707502,"sim","classical","norm",NA,1000,1000,314
0.75,0.3,"D2_highRho_unequalA2_WithX",0.7,0.45,0.837467578644874,0,0.3,0.388888888888889,0.626889939846406,0,0,1,0.15,0.15,0.2,0.2,0.5,0.175,0.525,0.7,0.25,0.135,0.955,0.141361256544503,0.253648054718692,0.532233531811318,0.75,"max_feasible_given_X",0.837467578644874,0.441229623056073,0.0335394694292047,1,0.414956136065206,0.0481166430695104,1,0.0357092729184725,0.047005399420472,0.128,0.833275941082909,0.0634708748674087,1,-0.447174990089805,0.062040206558844,1,0.800108427263572,0.0709287945584503,1,0.0478853854774573,0.0458667120868345,0.187,-0.449495005499942,0.0620793444677319,1,0.0324086551056308,0.0466453880142175,0.0473423701096463,0.0632730525854646,0.0628115850114615,0.0708096981923035,0.0458241654411174,0.0628158413130094,0.141229623056073,0.114956136065206,0.533275941082909,0.500108427263572,"sim","classical","norm",NA,1000,1000,314
0.8,0.3,"D2_highRho_unequalA2_WithX",0.7,0.45,0.837467578644874,0,0.3,0.311111111111111,0.668682602502833,0,0,1,0.15,0.15,0.2,0.2,0.5,0.14,0.56,0.7,0.2,0.135,0.955,0.141361256544503,0.253648054718692,0.532233531811318,0.8,"max_feasible_given_X",0.837467578644874,0.442454005232718,0.0335701762773412,1,0.450496906140847,0.0480553970868487,1,-0.0110345074912018,0.0469732672688407,0.068,0.833413129760114,0.0635738954145019,1,-0.445843991174943,0.062137152033522,1,0.810935799097373,0.0684522616950637,1,0.0409454269123662,0.0463746662695207,0.133,-0.454407766205525,0.0629080719723455,1,0.0326053853258495,0.0490110644686646,0.0482482138808572,0.0632841486175534,0.0614774096437718,0.0693752863740814,0.0471320918497801,0.061797734230538,0.142454005232718,0.150496906140847,0.533413129760114,0.510935799097374,"sim","classical","norm",NA,1000,1000,314
0.85,0.3,"D2_highRho_unequalA2_WithX",0.7,0.45,0.837467578644874,0,0.3,0.233333333333333,0.71047526515926,0,0,1,0.15,0.15,0.2,0.2,0.5,0.105,0.595,0.7,0.15,0.135,0.955,0.141361256544503,0.253648054718692,0.532233531811318,0.85,"max_feasible_given_X",0.837467578644874,0.442312705213618,0.0335646181912809,1,0.487069489552437,0.048100384991013,1,-0.0609869044486157,0.0469926186545539,0.257,0.836532726339287,0.0635831894212466,1,-0.449120192390339,0.0621018348315158,1,0.823785731972334,0.0665510926429829,1,0.030972692642403,0.0476325087277364,0.109,-0.460449952179093,0.0645246471157324,1,0.0336827570026241,0.0488542046864467,0.0478908796126427,0.0617546936306641,0.0613103501756495,0.0645796367961975,0.0493175682143196,0.0644183967904565,0.142312705213618,0.187069489552437,0.536532726339287,0.523785731972334,"sim","classical","norm",NA,1000,1000,314
0.9,0.3,"D2_highRho_unequalA2_WithX",0.7,0.45,0.837467578644874,0,0.3,0.155555555555556,0.752267927815687,0,0,1,0.15,0.15,0.2,0.2,0.5,0.07,0.63,0.7,0.1,0.135,0.955,0.141361256544503,0.253648054718692,0.532233531811318,0.9,"max_feasible_given_X",0.837467578644874,0.442795504788677,0.0335346329790961,1,0.520943960871085,0.047958605031767,1,-0.106770525944783,0.046917614547694,0.624,0.833835771748359,0.0634917720319199,1,-0.446093912892272,0.0620726145196669,1,0.827382127362429,0.0649818884433091,1,0.0234105763251652,0.0496987684479951,0.08,-0.458284174452641,0.0672638300451101,1,0.0346677043098327,0.0496364293529171,0.047762435316715,0.0664070585219802,0.064493785061289,0.068264126657778,0.0502922767057579,0.0689299794390511,0.142795504788677,0.220943960871085,0.533835771748359,0.527382127362429,"sim","classical","norm",NA,1000,1000,314
0.95,0.3,"D2_highRho_unequalA2_WithX",0.7,0.45,0.837467578644874,0,0.3,0.0777777777777777,0.794060590472114,0,0,1,0.15,0.15,0.2,0.2,0.5,0.035,0.665,0.7,0.0499999999999999,0.135,0.955,0.141361256544503,0.253648054718692,0.532233531811318,0.95,"max_feasible_given_X",0.837467578644874,0.443973790256551,0.0335468935555437,1,0.559357170372218,0.0478052021003839,1,-0.157577192767088,0.0467418012391792,0.916,0.836806184020602,0.0635216978991278,1,-0.448187873983941,0.0621222034310827,1,0.835158809285054,0.0639612868658677,1,0.0109319209908573,0.0530009324326526,0.054,-0.455509622099549,0.0718467215561635,1,0.033069251832804,0.0481673631164882,0.0473747972855358,0.0630712939593644,0.0591999069463276,0.0636444985371707,0.0532108736053526,0.0683631584392366,0.143973790256551,0.259357170372218,0.536806184020602,0.535158809285054,"sim","classical","norm",NA,1000,1000,314
1,0.3,"D2_highRho_unequalA2_WithX",0.7,0.45,0.837467578644874,0,0.3,0,0.835853253128541,0,0,1,0.15,0.15,0.2,0.2,0.5,0,0.7,0.7,0,0.135,0.955,0.141361256544503,0.253648054718692,0.532233531811318,1,"max_feasible_given_X",0.837467578644874,0.443814637250298,0.0335462471228354,1,0.5936158415207,0.0476846506472011,1,-0.204243375717616,0.0465926700624678,0.988,0.83619593396756,0.0634461595858704,1,-0.447666770934107,0.062006778846441,1,0.836222098678742,0.0634789349041997,1,0.000285342812095308,0.0583209498138115,0.0539999999999999,-0.447935605895651,0.0788646232647596,0.999,0.0337780299521804,0.0483239135077187,0.0466388106108114,0.0627832279743941,0.061095800237352,0.0628334723748,0.0584533096796523,0.077849786817833,0.143814637250298,0.2936158415207,0.53619593396756,0.536222098678742,"sim","classical","norm",NA,1000,1000,314
0.55,0.3,"D2_highRho_unequalA2_WithX",0.8,0.45,0.837467578644874,0,0.3,0.8,0.525393473395083,0,0,1,0.15,0.15,0.2,0.2,0.5,0.36,0.44,0.8,0.45,0.135,0.955,0.141361256544503,0.253648054718692,0.532233531811318,0.55,"max_feasible_given_X",0.837467578644874,0.440963634642626,0.0335502037803853,1,0.116539842463845,0.0571698492512476,0.529,0.386944094063872,0.0558665111256038,1,0.834089621867565,0.0634467422495719,1,-0.448651451715757,0.0620346625865973,1,0.511080623193259,0.116433982511128,0.989,0.227759155056938,0.0689887402276658,0.917,-0.297986129226553,0.0767730939239452,0.969,0.0350186900499389,0.0568439982140067,0.0536955823156077,0.0644040515473201,0.0624086008841013,0.115642012449832,0.0661483713540878,0.0771978416385433,0.140963634642626,-0.183460157536155,0.534089621867565,0.211080623193259,"sim","classical","norm",NA,1000,1000,314
0.6,0.3,"D2_highRho_unequalA2_WithX",0.8,0.45,0.837467578644874,0,0.3,0.711111111111111,0.573156516431,0,0,1,0.15,0.15,0.2,0.2,0.5,0.32,0.48,0.8,0.4,0.135,0.955,0.141361256544503,0.253648054718692,0.532233531811318,0.6,"max_feasible_given_X",0.837467578644874,0.44217335956411,0.0335771286002666,1,0.188590450671777,0.0576054828010639,0.9,0.302821040908045,0.0562818385647135,0.999,0.832608135417178,0.0635704367976902,1,-0.445541184212684,0.0621666210797098,1,0.630602255481145,0.1003271847274,1,0.159917059439533,0.0616189163514086,0.739,-0.367854309037268,0.0687991156046054,1,0.0341389352496634,0.0582674269964592,0.0578367579008067,0.0639846513523763,0.0602044817756098,0.0995371728536702,0.0623223056746424,0.0661206822641335,0.14217335956411,-0.111409549328223,0.532608135417178,0.330602255481145,"sim","classical","norm",NA,1000,1000,314
0.65,0.3,"D2_highRho_unequalA2_WithX",0.8,0.45,0.837467578644874,0,0.3,0.622222222222222,0.620919559466916,0,0,1,0.15,0.15,0.2,0.2,0.5,0.28,0.52,0.8,0.35,0.135,0.955,0.141361256544503,0.253648054718692,0.532233531811318,0.65,"max_feasible_given_X",0.837467578644874,0.44325978785431,0.0335819162430851,1,0.256745358480069,0.0580294914060904,0.994,0.222586182159188,0.0566666644805218,0.975,0.831361210777008,0.0635067581798926,1,-0.442750164907269,0.0620692705473412,1,0.695675522755382,0.0900594923202489,1,0.122732975264012,0.0578203823908995,0.571,-0.405260704085561,0.0644371454495885,1,0.0334803729015038,0.056687607384804,0.0570011909421553,0.064767220293071,0.0629514553355021,0.0892941019593632,0.0578352137649954,0.0651980304529555,0.14325978785431,-0.0432546415199313,0.531361210777008,0.395675522755382,"sim","classical","norm",NA,1000,1000,314
0.7,0.3,"D2_highRho_unequalA2_WithX",0.8,0.45,0.837467578644874,0,0.3,0.533333333333333,0.668682602502833,0,0,1,0.15,0.15,0.2,0.2,0.5,0.24,0.56,0.8,0.3,0.135,0.955,0.141361256544503,0.253648054718692,0.532233531811318,0.7,"max_feasible_given_X",0.837467578644874,0.443029774774936,0.0335708030946665,1,0.326346228738197,0.0583254980576717,1,0.139108912230749,0.0569410471130386,0.682,0.831870091633221,0.0634598204401054,1,-0.443630363833748,0.0620059735911867,1,0.740774851413201,0.0826421476931453,1,0.0961424246116445,0.0559883360620113,0.392,-0.431719361391907,0.0623322152505442,1,0.0341333889739579,0.0558445892089497,0.0546402254038566,0.0633609403322156,0.060737777791598,0.0796920496245624,0.0532922728726161,0.0608872408688401,0.143029774774936,0.0263462287381969,0.531870091633222,0.440774851413201,"sim","classical","norm",NA,1000,1000,314
0.75,0.3,"D2_highRho_unequalA2_WithX",0.8,0.45,0.837467578644874,0,0.3,0.444444444444444,0.71644564553875,0,0,1,0.15,0.15,0.2,0.2,0.5,0.2,0.6,0.8,0.25,0.135,0.955,0.141361256544503,0.253648054718692,0.532233531811318,0.75,"max_feasible_given_X",0.837467578644874,0.443237023657774,0.0335765919698705,1,0.393328638038271,0.0584669281070256,1,0.0595633745692406,0.057133498958149,0.169,0.831626491559428,0.0636008668306287,1,-0.442789724236017,0.0621517019532387,1,0.768612298981238,0.0772904630060997,1,0.0800030875416086,0.0558010186186907,0.285,-0.447373798309018,0.0622010355527583,1,0.0333935590506613,0.0564761105406432,0.0547339133795599,0.0648340614175178,0.0637187328910862,0.0764523251951356,0.0536462296031358,0.0637434898188789,0.143237023657774,0.0933286380382707,0.531626491559428,0.468612298981238,"sim","classical","norm",NA,1000,1000,314
0.8,0.3,"D2_highRho_unequalA2_WithX",0.8,0.45,0.837467578644874,0,0.3,0.355555555555556,0.764208688574666,0,0,1,0.15,0.15,0.2,0.2,0.5,0.16,0.64,0.8,0.2,0.135,0.955,0.141361256544503,0.253648054718692,0.532233531811318,0.8,"max_feasible_given_X",0.837467578644874,0.44105518573564,0.0336042701370435,1,0.457124524023471,0.0584723425840275,1,-0.0190878335797883,0.0571163640641351,0.067,0.830525906764587,0.0635763464828683,1,-0.443966987084845,0.0620964257324431,1,0.787978679374947,0.0730664426101701,1,0.0674432639289864,0.0569614393807153,0.212,-0.459763006058656,0.0634951592452491,1,0.031738564770144,0.0577065506130521,0.0579296513304743,0.0634326224456278,0.0626434704908715,0.07245724033532,0.0579167513020373,0.0643071088722854,0.141055185735641,0.157124524023471,0.530525906764587,0.487978679374947,"sim","classical","norm",NA,1000,1000,314
0.85,0.3,"D2_highRho_unequalA2_WithX",0.8,0.45,0.837467578644874,0,0.3,0.266666666666667,0.811971731610583,0,0,1,0.15,0.15,0.2,0.2,0.5,0.12,0.68,0.8,0.15,0.135,0.955,0.141361256544503,0.253648054718692,0.532233531811318,0.85,"max_feasible_given_X",0.837467578644874,0.439941861536601,0.0335550443051224,1,0.523949913245535,0.0583517992172313,1,-0.100350150365964,0.0570583543845347,0.421,0.826845820068468,0.063542563660496,1,-0.441369816579418,0.0621164096171493,1,0.800699889538231,0.0696025997851261,1,0.0552781009082757,0.0601032622656936,0.145,-0.464307656530073,0.0669647153344899,1,0.0335820599455744,0.0585267934393504,0.0581368008831559,0.0635744850121391,0.0624291029525219,0.0705559991112212,0.0602466626761788,0.0660011640611186,0.139941861536601,0.223949913245535,0.526845820068468,0.500699889538231,"sim","classical","norm",NA,1000,1000,314
0.9,0.3,"D2_highRho_unequalA2_WithX",0.8,0.45,0.837467578644874,0,0.3,0.177777777777778,0.8597347746465,0,0,1,0.15,0.15,0.2,0.2,0.5,0.08,0.72,0.8,0.1,0.135,0.955,0.141361256544503,0.253648054718692,0.532233531811318,0.9,"max_feasible_given_X",0.837467578644874,0.441229623056073,0.0335394694292047,1,0.593923616165931,0.0581602409040873,1,-0.182219985862855,0.0568205042025375,0.892,0.833275941082909,0.0634708748674087,1,-0.447174990089805,0.062040206558844,1,0.818856646820917,0.066810936357603,1,0.0453378544363483,0.065917580802371,0.104,-0.474137418023585,0.0734481445047774,1,0.0324086551056308,0.0571090927906081,0.0577297256467047,0.0632730525854646,0.0628115850114615,0.0666629277436669,0.0659295149783268,0.0735547203197644,0.141229623056073,0.293923616165931,0.533275941082909,0.518856646820917,"sim","classical","norm",NA,1000,1000,314
0.95,0.3,"D2_highRho_unequalA2_WithX",0.8,0.45,0.837467578644874,0,0.3,0.0888888888888888,0.907497817682416,0,0,1,0.15,0.15,0.2,0.2,0.5,0.04,0.76,0.8,0.0499999999999999,0.135,0.955,0.141361256544503,0.253648054718692,0.532233531811318,0.95,"max_feasible_given_X",0.837467578644874,0.442454005232718,0.0335701762773412,1,0.660441971550576,0.057756490384954,1,-0.260519746227462,0.0564465191849659,0.995,0.833413129760114,0.0635738954145019,1,-0.445843991174943,0.062137152033522,1,0.828097178421116,0.0647209461876053,1,0.0338052013839655,0.0775533578543251,0.068,-0.472076375258149,0.0866281726444639,1,0.0326053853258495,0.0589307525783663,0.0576756647936714,0.0632841486175534,0.0614774096437718,0.0650207106895707,0.0788584022228225,0.0852450751675298,0.142454005232718,0.360441971550576,0.533413129760114,0.528097178421115,"sim","classical","norm",NA,1000,1000,314
1,0.3,"D2_highRho_unequalA2_WithX",0.8,0.45,0.837467578644874,0,0.3,0,0.955260860718333,0,0,1,0.15,0.15,0.2,0.2,0.5,0,0.8,0.8,0,0.135,0.955,0.141361256544503,0.253648054718692,0.532233531811318,1,"max_feasible_given_X",0.837467578644874,0.442312705213618,0.0335646181912809,1,0.732074311585617,0.0574109263751149,1,-0.34553240899799,0.056054779163559,1,0.836532726339287,0.0635831894212466,1,-0.449120192390339,0.0621018348315158,1,0.836524527672086,0.0636104413542296,1,-0.000829550811925557,0.108270564608923,0.061,-0.448301391232009,0.12078110956218,0.948,0.0336827570026241,0.0560879913075195,0.0551947535045607,0.0617546936306641,0.0613103501756495,0.0618075448429976,0.113400100719528,0.126756142491301,0.142312705213618,0.432074311585617,0.536532726339287,0.536524527672086,"sim","classical","norm",NA,1000,1000,314
0.65,0.3,"D2_highRho_unequalA2_WithX",0.9,0.45,0.837467578644874,0,0.3,0.7,0.698534504400281,0,0,1,0.15,0.15,0.2,0.2,0.5,0.315,0.585,0.9,0.35,0.135,0.955,0.141361256544503,0.253648054718692,0.532233531811318,0.65,"max_feasible_given_X",0.837467578644874,0.440963634642626,0.0335502037803853,1,-0.075560076894469,0.0844248148346256,0.138,0.547828698149018,0.0824947434644536,1,0.834089621867565,0.0634467422495719,1,-0.448651451715757,0.0620346625865973,1,0.397972626663998,0.129775877115479,0.873,0.351404579780973,0.0914204651878713,0.969,-0.329082433297187,0.0690242300402304,0.996,0.0350186900499389,0.0820513640416409,0.0786099995781462,0.0644040515473201,0.0624086008841013,0.127978705998267,0.0875027758824535,0.0696262611334845,0.140963634642626,-0.375560076894469,0.534089621867565,0.0979726266639979,"sim","classical","norm",NA,1000,1000,314
0.7,0.3,"D2_highRho_unequalA2_WithX",0.9,0.45,0.837467578644874,0,0.3,0.6,0.752267927815687,0,0,1,0.15,0.15,0.2,0.2,0.5,0.27,0.63,0.9,0.3,0.135,0.955,0.141361256544503,0.253648054718692,0.532233531811318,0.7,"max_feasible_given_X",0.837467578644874,0.44217335956411,0.0335771286002666,1,0.115296591288853,0.0853501803676497,0.261,0.346936785092036,0.0834026343918003,0.977,0.832608135417178,0.0635704367976902,1,-0.445541184212684,0.0621666210797098,1,0.569643233775517,0.108859369119687,0.999,0.246766382662653,0.0831493844911745,0.835,-0.410773542678838,0.063007830477381,1,0.0341389352496634,0.0876381292510622,0.0863340715493078,0.0639846513523763,0.0602044817756098,0.107890379001607,0.0839557262599932,0.060496949042696,0.14217335956411,-0.184703408711147,0.532608135417178,0.269643233775517,"sim","classical","norm",NA,1000,1000,314
0.75,0.3,"D2_highRho_unequalA2_WithX",0.9,0.45,0.837467578644874,0,0.3,0.5,0.806001351231093,0,0,1,0.15,0.15,0.2,0.2,0.5,0.225,0.675,0.9,0.25,0.135,0.955,0.141361256544503,0.253648054718692,0.532233531811318,0.75,"max_feasible_given_X",0.837467578644874,0.44325978785431,0.0335819162430851,1,0.301144243294775,0.0860794069461835,0.943,0.150802037730669,0.0841029619455893,0.442,0.831361210777008,0.0635067581798926,1,-0.442750164907269,0.0620692705473412,1,0.653672999602428,0.0967108165855389,1,0.200050580654163,0.082232539301712,0.685,-0.455122783930425,0.0621235096370906,1,0.0334803729015038,0.0841156945871394,0.0836347923465533,0.064767220293071,0.0629514553355021,0.0957246434240677,0.0823853556409036,0.0632509265031214,0.14325978785431,0.00114424329477492,0.531361210777008,0.353672999602428,"sim","classical","norm",NA,1000,1000,314
0.8,0.3,"D2_highRho_unequalA2_WithX",0.9,0.45,0.837467578644874,0,0.3,0.4,0.8597347746465,0,0,1,0.15,0.15,0.2,0.2,0.5,0.18,0.72,0.9,0.2,0.135,0.955,0.141361256544503,0.253648054718692,0.532233531811318,0.8,"max_feasible_given_X",0.837467578644874,0.443029774774936,0.0335708030946665,1,0.491447372293206,0.086154146657899,1,-0.0514088153894469,0.0841488223807001,0.078,0.831870091633221,0.0634598204401054,1,-0.443630363833748,0.0620059735911867,1,0.706119479359389,0.0887644175280168,1,0.177030254126105,0.0875549352163706,0.541,-0.490616985447288,0.0661410895720847,1,0.0341333889739579,0.0832341887839625,0.0813375988034313,0.0633609403322156,0.060737777791598,0.0851162138749907,0.0831883661809002,0.064302427682986,0.143029774774936,0.191447372293206,0.531870091633222,0.406119479359389,"sim","classical","norm",NA,1000,1000,314
0.85,0.3,"D2_highRho_unequalA2_WithX",0.9,0.45,0.837467578644874,0,0.3,0.3,0.913468198061906,0,0,1,0.15,0.15,0.2,0.2,0.5,0.135,0.765,0.9,0.15,0.135,0.955,0.141361256544503,0.253648054718692,0.532233531811318,0.85,"max_feasible_given_X",0.837467578644874,0.443237023657774,0.0335765919698705,1,0.673930112938468,0.085840140466183,1,-0.244723125424857,0.0838712562740545,0.841,0.831626491559428,0.0636008668306287,1,-0.442789724236017,0.0621517019532387,1,0.73032758328773,0.0844053361082119,1,0.190463056442153,0.104467962581856,0.441,-0.53199491343893,0.0790308579792793,1,0.0333935590506613,0.0836750391426075,0.0816469539927022,0.0648340614175178,0.0637187328910862,0.082834088843869,0.100200507940769,0.0795612667598524,0.143237023657774,0.373930112938468,0.531626491559428,0.43032758328773,"sim","classical","norm",NA,1000,1000,314
0.9,0.3,"D2_highRho_unequalA2_WithX",0.9,0.45,0.837467578644874,0,0.3,0.2,0.967201621477312,0,0,1,0.15,0.15,0.2,0.2,0.5,0.09,0.81,0.9,0.1,0.135,0.955,0.141361256544503,0.253648054718692,0.532233531811318,0.9,"max_feasible_given_X",0.837467578644874,0.44105518573564,0.0336042701370435,1,0.857038474824292,0.0850558159182052,1,-0.44127691026928,0.083101123901355,0.999,0.830525906764587,0.0635763464828683,1,-0.443966987084845,0.0620964257324431,1,0.699826572000435,0.0893308340360658,1,0.36803289311036,0.176865544292433,0.559,-0.6903261427761,0.13363472703886,1,0.031738564770144,0.0846410673466483,0.0832826311455871,0.0634326224456278,0.0626434704908715,0.088172033240194,0.178140582842148,0.13570494381096,0.141055185735641,0.557038474824292,0.530525906764587,0.399826572000435,"sim","classical","norm",NA,1000,1000,314
