"a1","c1","b1","b2","a2","c2","a0","b0","c0","sigma_eY","ax_1","ax_2","bx_1","bx_2","p_x2","rho_U","rho_V","rho_total","rho_rel_U","bias_struct","var_A_given_X","bias_fit1_pop","var_A_given_XV","bias_fit3_pop","design","beta_A_fit1","se_A_fit1","power_A_fit1","beta_A_fit2","se_A_fit2","power_A_fit2","beta_Atilde_fit2","se_Atilde_fit2","power_Atilde_fit2","beta_A_fit3","se_A_fit3","power_A_fit3","beta_V_fit3","se_V_fit3","power_V_fit3","beta_A_fit4","se_A_fit4","power_A_fit4","beta_Atilde_fit4","se_Atilde_fit4","power_Atilde_fit4","beta_V_fit4","se_V_fit4","power_V_fit4","sd_beta_A_fit1","sd_beta_A_fit2","sd_beta_Atilde_fit2","sd_beta_A_fit3","sd_beta_V_fit3","sd_beta_A_fit4","sd_beta_Atilde_fit4","sd_beta_V_fit4","bias_A_fit1","bias_A_fit2","bias_A_fit3","bias_A_fit4","source","se_type","noise_dist","df_t","n_sample","n_iters","seed"
0.05,0.1,0.5,0.3,0,0,0,0,0,1,0.15,0.15,0.2,0.2,0.5,0.005,0,0.005,1,0.025,0.955,0.0261780104712042,0.955,0.0261780104712042,"NoV_WithX",0.327110798695126,0.0362390177043637,1,0.326810008918618,0.0362232136446153,1,0.0493851086392231,0.0353982958364411,0.291,0.327131052687593,0.0362568966975989,1,-0.00102813328294949,0.0354537502467891,0.058,0.326832198126487,0.0362410839710235,1,0.0493955328199657,0.0354172424230806,0.293,-0.00109525742458919,0.0354398284591902,0.056,0.0364337886414868,0.0364183066900615,0.0348616236870885,0.0364673385285237,0.0365805205297706,0.036451736835266,0.0349293338360951,0.0366177281136025,0.0271107986951263,0.0268100089186185,0.0271310526875928,0.0268321981264869,"sim","classical","norm",NA,1000,1000,314
0.05,0.3,0.5,0.3,0,0,0,0,0,1,0.15,0.15,0.2,0.2,0.5,0.015,0,0.015,1,0.025,0.955,0.0261780104712042,0.955,0.0261780104712042,"NoV_WithX",0.325475390617588,0.03628389182925,1,0.323179183814258,0.0359842973585301,1,0.147990123335902,0.0350941314043586,0.984,0.325502230279958,0.0363012854099386,1,0.000624227006902059,0.0354204985907127,0.056,0.323206731112082,0.0360017292855148,1,0.147974247705403,0.0351133855367556,0.984,0.000920970723662312,0.0351264241357672,0.057,0.0353699455049714,0.0348475469567474,0.0366235892926044,0.0353268826884791,0.0357149210627279,0.0348020538561635,0.0365990745357762,0.035277177972496,0.0254753906175883,0.0231791838142578,0.025502230279958,0.0232067311120822,"sim","classical","norm",NA,1000,1000,314
0.05,0.5,0.5,0.3,0,0,0,0,0,1,0.15,0.15,0.2,0.2,0.5,0.025,0,0.025,1,0.025,0.955,0.0261780104712042,0.955,0.0261780104712042,"NoV_WithX",0.324818642859213,0.0361991929079614,1,0.318443720906736,0.0353108431916029,1,0.249927767040772,0.0345485407692552,1,0.32483198213834,0.0362171037365825,1,0.000970899242170071,0.035422520089625,0.053,0.318448272992425,0.0353282905832673,1,0.249943835782296,0.034565584341606,1,0.000664456928640483,0.0345425306946649,0.054,0.0363633913047768,0.0352677920994097,0.0352256476079759,0.0364470074301361,0.0350902895369034,0.0353431640807047,0.0352399658618346,0.03437425751048,0.0248186428592126,0.0184437209067355,0.0248319821383404,0.018448272992425,"sim","classical","norm",NA,1000,1000,314
0.05,0.7,0.5,0.3,0,0,0,0,0,1,0.15,0.15,0.2,0.2,0.5,0.035,0,0.035,1,0.025,0.955,0.0261780104712042,0.955,0.0261780104712042,"NoV_WithX",0.326226661915999,0.036236995898525,1,0.313584087199817,0.0344466190372141,1,0.351084630787349,0.0337122209937713,1,0.326209564996119,0.0362560192449463,1,-0.000294994192690254,0.0354876445122151,0.053,0.31357792188459,0.0344645297954262,1,0.351094923348519,0.0337287848159644,1,-0.000278938658332326,0.0337152185925816,0.05,0.0357792029657949,0.0345692240774798,0.0335632768285875,0.0358385254012074,0.0353495529279313,0.0346095933814679,0.0336203245122931,0.0337522891052498,0.0262266619159988,0.0135840871998166,0.0262095649961187,0.0135779218845902,"sim","classical","norm",NA,1000,1000,314
0.05,0.9,0.5,0.3,0,0,0,0,0,1,0.15,0.15,0.2,0.2,0.5,0.045,0,0.045,1,0.025,0.955,0.0261780104712042,0.955,0.0261780104712042,"NoV_WithX",0.328001807620793,0.0362127371625978,1,0.306576220625314,0.0332200379408265,1,0.449091051434026,0.0324750519122472,1,0.328054566778938,0.0362301109684909,1,-0.000175789964261049,0.0353809345933611,0.0500000000000001,0.306625864468145,0.0332359639359852,1,0.44908800775128,0.0324907892176847,1,0.000170223896766273,0.0324212637785967,0.052,0.0368675474296168,0.0338759811341434,0.0311517921179159,0.036860959975501,0.0357752193776339,0.0338656171074839,0.0311603265536095,0.0328956690383427,0.028001807620793,0.00657622062531421,0.0280545667789383,0.006625864468145,"sim","classical","norm",NA,1000,1000,314
0.1,0.1,0.5,0.3,0,0,0,0,0,1,0.15,0.15,0.2,0.2,0.5,0.01,0,0.01,1,0.05,0.955,0.0523560209424084,0.955,0.0523560209424084,"NoV_WithX",0.350593160484787,0.0362322452224139,1,0.350154923271173,0.0362157380228205,1,0.0484940485383651,0.0354169556628422,0.286,0.350547990882018,0.0362506368107516,1,0.00109624628245574,0.0354657351642647,0.044,0.350111031030804,0.0362341485313898,1,0.0484846047820876,0.0354343459388219,0.289,0.00118849261377637,0.0354488772746101,0.045,0.0359112112723754,0.0359445647725467,0.0363285139535823,0.0359265465976776,0.0353189151623216,0.0359563560406897,0.036332907077757,0.0352750236339774,0.0505931604847873,0.0501549232711734,0.0505479908820181,0.0501110310308042,"sim","classical","norm",NA,1000,1000,314
0.1,0.3,0.5,0.3,0,0,0,0,0,1,0.15,0.15,0.2,0.2,0.5,0.03,0,0.03,1,0.05,0.955,0.0523560209424084,0.955,0.0523560209424084,"NoV_WithX",0.350830653039333,0.0362273643939439,1,0.346173068828805,0.0359500320447765,1,0.146283589943502,0.0351024538338286,0.982,0.350745799968913,0.0362458089372283,1,-0.000552937105905925,0.0354236667936181,0.045,0.346093972619884,0.0359682872548031,1,0.146275767834323,0.0351209233561803,0.982,-0.000755826167476017,0.0351356661340752,0.049,0.036232986329137,0.0357721197442066,0.0369837879504272,0.0361709184471805,0.035566793512739,0.0357183247591623,0.0370361004511127,0.035260609561804,0.0508306530393332,0.0461730688288051,0.0507457999689134,0.0460939726198839,"sim","classical","norm",NA,1000,1000,314
0.1,0.5,0.5,0.3,0,0,0,0,0,1,0.15,0.15,0.2,0.2,0.5,0.05,0,0.05,1,0.05,0.955,0.0523560209424084,0.955,0.0523560209424084,"NoV_WithX",0.354428564513591,0.0361385111988621,1,0.341068123208767,0.0353066627329802,1,0.24777500366046,0.034553831964498,1,0.354478864266641,0.036157746143408,1,-0.00157527399884518,0.0353694726496731,0.046,0.34111098082447,0.0353253607801332,1,0.247795211332015,0.0345709250181253,1,-0.00183089546954437,0.0345059209597673,0.0420000000000001,0.03733549448888,0.0361013620109663,0.0349802595362337,0.0373836542342891,0.0350574762392096,0.0361404888772762,0.0350183233346472,0.0343509296195698,0.0544285645135914,0.0410681232087673,0.0544788642666406,0.0411109808244695,"sim","classical","norm",NA,1000,1000,314
0.1,0.7,0.5,0.3,0,0,0,0,0,1,0.15,0.15,0.2,0.2,0.5,0.07,0,0.07,1,0.05,0.955,0.0523560209424084,0.955,0.0523560209424084,"NoV_WithX",0.348725993245512,0.0361942379451263,1,0.323932538708655,0.0345025599335238,1,0.347566491743017,0.033692456984326,1,0.348791262018235,0.0362134195838934,1,0.00121062602392634,0.0353943364514452,0.038,0.323999236934492,0.0345207730017094,1,0.34758944717486,0.0337103132168824,1,0.00131023539658618,0.0336585928415635,0.038,0.0363020661732268,0.0344639839831918,0.0333775664296893,0.0363581545592075,0.0344910398670641,0.0345254099059693,0.0333507470318627,0.0329065219657656,0.0487259932455125,0.0239325387086554,0.0487912620182354,0.0239992369344918,"sim","classical","norm",NA,1000,1000,314
0.1,0.9,0.5,0.3,0,0,0,0,0,1,0.15,0.15,0.2,0.2,0.5,0.09,0,0.09,1,0.05,0.955,0.0523560209424084,0.955,0.0523560209424084,"NoV_WithX",0.354449364768991,0.0361993727073485,1,0.312148256136716,0.0333639499587287,1,0.446540030841717,0.0325897588199333,1,0.354382260877275,0.0362177669197186,1,-0.00218989980317952,0.0354054433400591,0.05,0.312078848848584,0.0333815705491991,1,0.446485763777111,0.0326059371156646,1,-0.00168371848418987,0.0324907307842149,0.054,0.0355876109957091,0.0322696184698298,0.032731829742534,0.0356513177726939,0.0358333415838542,0.0323327157809084,0.0327311801676394,0.0323416382628882,0.0544493647689915,0.0121482561367163,0.0543822608772748,0.0120788488485835,"sim","classical","norm",NA,1000,1000,314
0.15,0.1,0.5,0.3,0,0,0,0,0,1,0.15,0.15,0.2,0.2,0.5,0.015,0,0.015,1,0.075,0.955,0.0785340314136126,0.955,0.0785340314136126,"NoV_WithX",0.378320115671845,0.036165259441886,1,0.377451491947008,0.0361545298489494,1,0.0490474470859801,0.0353288662157156,0.272,0.37827222666317,0.0361836779331201,1,0.00211691491575937,0.0354009260969637,0.059,0.377402016551216,0.0361729058179838,1,0.0491154940200683,0.0353467973939345,0.27,0.00220538637615265,0.0353860394520972,0.059,0.0367176257141527,0.0367349421861693,0.0343414914961072,0.0367347943973943,0.0354578142828988,0.0367519267812723,0.0343006252487991,0.0354715630735566,0.0783201156718449,0.0774514919470081,0.0782722266631705,0.077402016551216,"sim","classical","norm",NA,1000,1000,314
0.15,0.3,0.5,0.3,0,0,0,0,0,1,0.15,0.15,0.2,0.2,0.5,0.045,0,0.045,1,0.075,0.955,0.0785340314136126,0.955,0.0785340314136126,"NoV_WithX",0.378607962494263,0.0361490162362467,1,0.371664183490387,0.0358988161392009,1,0.145191707407135,0.0350744126885424,0.986,0.378611398396844,0.0361658502924893,1,-0.000714164076885578,0.0353363015901136,0.052,0.371665175476222,0.0359153027858117,1,0.145230415881671,0.0350911102742888,0.986,-0.000869286617357833,0.0350531046129748,0.053,0.0360398797883144,0.0358878897539159,0.0351215898595539,0.0360525682439943,0.0356082521006481,0.0359027312009209,0.0351528640556521,0.0355262543330812,0.0786079624942635,0.0716641834903866,0.078611398396844,0.0716651754762215,"sim","classical","norm",NA,1000,1000,314
0.15,0.5,0.5,0.3,0,0,0,0,0,1,0.15,0.15,0.2,0.2,0.5,0.075,0,0.075,1,0.075,0.955,0.0785340314136126,0.955,0.0785340314136126,"NoV_WithX",0.378445949292364,0.0361904593243027,1,0.358801319885296,0.0354296965311818,1,0.245947176865914,0.034584262269453,1,0.378417983123674,0.0362088018510576,1,-0.00265756412378671,0.0354029125093564,0.047,0.358772882918719,0.0354475730177954,1,0.24598351061696,0.0346029537084689,1,-0.00256492064541658,0.0345549548647098,0.048,0.0377654213930371,0.0371388871422746,0.0342938598910008,0.0377605486452408,0.0353674417467877,0.0371357548740226,0.0343073446130806,0.0346990492966763,0.0784459492923635,0.0588013198852959,0.0784179831236736,0.0587728829187187,"sim","classical","norm",NA,1000,1000,314
0.15,0.7,0.5,0.3,0,0,0,0,0,1,0.15,0.15,0.2,0.2,0.5,0.105,0,0.105,1,0.075,0.955,0.0785340314136126,0.955,0.0785340314136126,"NoV_WithX",0.38086372297499,0.0361896127504959,1,0.342315033631444,0.0346434678151982,1,0.346449488141919,0.0338315802586451,1,0.380842181873168,0.0362064485006482,1,0.00212859754759796,0.0353309980202545,0.0589999999999999,0.342292876955919,0.0346594776114033,1,0.346463117032413,0.0338486958816506,1,0.00250464161350155,0.0336221466793397,0.063,0.0370081485356746,0.0350861346465827,0.0344557753026918,0.0370270279218231,0.0361815066937857,0.035116584471156,0.0344506989123926,0.0344844435612526,0.0808637229749905,0.0423150336314443,0.0808421818731676,0.0422928769559187,"sim","classical","norm",NA,1000,1000,314
0.15,0.9,0.5,0.3,0,0,0,0,0,1,0.15,0.15,0.2,0.2,0.5,0.135,0,0.135,1,0.075,0.955,0.0785340314136126,0.955,0.0785340314136126,"NoV_WithX",0.376103037273717,0.0361939626960352,1,0.313302778956492,0.0335402010168163,1,0.448340245523313,0.0327747890989226,1,0.376085485954456,0.0362110165453995,1,-0.00048974260240855,0.0353561008137287,0.059,0.313297971119558,0.0335554752799079,1,0.448349168228444,0.032789593448157,1,-0.00093857713079142,0.0324531347073066,0.056,0.0363543290625924,0.0337967095150452,0.0332173560613103,0.0363975660256487,0.0368155838379746,0.0338565126711444,0.0332611981499453,0.0341124125239955,0.0761030372737168,0.0133027789564923,0.0760854859544564,0.0132979711195584,"sim","classical","norm",NA,1000,1000,314
0.2,0.1,0.5,0.3,0,0,0,0,0,1,0.15,0.15,0.2,0.2,0.5,0.02,0,0.02,1,0.1,0.955,0.104712041884817,0.955,0.104712041884817,"NoV_WithX",0.407116380727217,0.0360924834258718,1,0.406053850067223,0.0360892495460207,1,0.0469957459389233,0.0352322409763843,0.26,0.407157704294816,0.0361122692973084,1,0.00139133071850014,0.0353077557832682,0.0420000000000001,0.406093846228707,0.0361090549027418,1,0.0469621661652925,0.0352502838263607,0.262,0.00130642682878495,0.0352945539926105,0.0429999999999999,0.0359562057778063,0.0360228227047364,0.0344820038978971,0.035973451783967,0.0348143253504078,0.036041659763518,0.0345348704541701,0.0347939992394607,0.107116380727217,0.106053850067223,0.107157704294816,0.106093846228707,"sim","classical","norm",NA,1000,1000,314
0.2,0.3,0.5,0.3,0,0,0,0,0,1,0.15,0.15,0.2,0.2,0.5,0.06,0,0.06,1,0.1,0.955,0.104712041884817,0.955,0.104712041884817,"NoV_WithX",0.40414020996638,0.0360737404105009,1,0.395101027997508,0.0358546522510287,1,0.144004218424348,0.0349952336005188,0.981,0.404137763929612,0.0360897957201136,1,-0.000604310550001595,0.0352489444427599,0.061,0.395097981521115,0.035871037752143,1,0.143922225254759,0.0350123286541347,0.981,-0.000646819015759257,0.034971484696641,0.054,0.0369159146830055,0.036697379732428,0.0349625051419757,0.0369152094383692,0.0369402639458799,0.0366901329082997,0.034989846174959,0.0363267093746162,0.10414020996638,0.0951010279975078,0.104137763929612,0.0950979815211154,"sim","classical","norm",NA,1000,1000,314
0.2,0.5,0.5,0.3,0,0,0,0,0,1,0.15,0.15,0.2,0.2,0.5,0.1,0,0.1,1,0.1,0.955,0.104712041884817,0.955,0.104712041884817,"NoV_WithX",0.404858492997048,0.0361691612558569,1,0.379116690343109,0.0355051688925771,1,0.244045002078102,0.0346628965250998,1,0.40484767738906,0.0361872397311795,1,-0.00032931342397116,0.0353420535126996,0.043,0.379109300399846,0.0355228240969032,1,0.244045768345848,0.0346813593188947,1,-0.000113124765188613,0.0345112112489722,0.044,0.0346461724886549,0.0340536284878842,0.0346284613997035,0.0347666717139837,0.0350579297375061,0.034167814927342,0.0346267104022776,0.034183988248413,0.104858492997048,0.0791166903431094,0.10484767738906,0.0791093003998464,"sim","classical","norm",NA,1000,1000,314
0.2,0.7,0.5,0.3,0,0,0,0,0,1,0.15,0.15,0.2,0.2,0.5,0.14,0,0.14,1,0.1,0.955,0.104712041884817,0.955,0.104712041884817,"NoV_WithX",0.404427515286064,0.036124741935387,1,0.354423222431462,0.0347775004958354,1,0.342907327055502,0.0339811518903601,1,0.404418357819315,0.0361413814994353,1,0.00143455965463385,0.035315324167091,0.055,0.354406808657364,0.0347928517377038,1,0.342953145605404,0.0339957956287039,1,0.00112243152984637,0.0336493958258005,0.06,0.0359352349165203,0.0343978170520514,0.0359339844999105,0.0359254105603018,0.0361321064478841,0.0343972276700141,0.0359522642712941,0.0350816734698178,0.104427515286064,0.0544232224314616,0.104418357819315,0.0544068086573642,"sim","classical","norm",NA,1000,1000,314
0.2,0.9,0.5,0.3,0,0,0,0,0,1,0.15,0.15,0.2,0.2,0.5,0.18,0,0.18,1,0.1,0.955,0.104712041884817,0.955,0.104712041884817,"NoV_WithX",0.403478630163082,0.0361093057263939,1,0.319257240410273,0.0337488023102727,1,0.448383962838082,0.0329729463377396,1,0.403421176739267,0.0361276563792718,1,-0.000767268220743367,0.0353177575110834,0.0500000000000001,0.319229329816493,0.0337660814543625,1,0.448319868514719,0.0329877097764771,1,-0.000413011705582053,0.0324488737665127,0.056,0.03537339132578,0.0338755953861281,0.0338760121885355,0.0354016924297522,0.0365773012734871,0.0338980009488483,0.0339438427379979,0.0332579601582841,0.103478630163082,0.0192572404102734,0.103421176739267,0.0192293298164928,"sim","classical","norm",NA,1000,1000,314
0.25,0.1,0.5,0.3,0,0,0,0,0,1,0.15,0.15,0.2,0.2,0.5,0.025,0,0.025,1,0.125,0.955,0.130890052356021,0.955,0.130890052356021,"NoV_WithX",0.430158573430356,0.0360403889820062,1,0.429032012973795,0.036039843782912,1,0.0455871355804884,0.035236722406872,0.243,0.430195755866403,0.0360581173612767,1,0.00281538722753567,0.0352382551123504,0.0470000000000001,0.429069993779206,0.0360574606800012,1,0.0456313660834775,0.0352549466354023,0.246,0.00281004650078129,0.0352279013103573,0.0459999999999999,0.0353277501742488,0.035310590418194,0.0343243454792465,0.0353630904055461,0.0351896317314302,0.035339725220968,0.0343705585848502,0.0352711385257103,0.130158573430356,0.129032012973795,0.130195755866403,0.129069993779206,"sim","classical","norm",NA,1000,1000,314
0.25,0.3,0.5,0.3,0,0,0,0,0,1,0.15,0.15,0.2,0.2,0.5,0.075,0,0.075,1,0.125,0.955,0.130890052356021,0.955,0.130890052356021,"NoV_WithX",0.43174418091084,0.0360145053080549,1,0.420628926180086,0.0358469317580633,1,0.141181723846424,0.0350299917203655,0.983,0.43178603664293,0.0360309822106769,1,0.000365720061738359,0.0352221513696665,0.046,0.42067184085793,0.0358635869606417,1,0.141135949529982,0.0350478423523653,0.982,0.000255701615200998,0.0349553281539472,0.0470000000000001,0.0369415885975334,0.0367972785265114,0.0355579963203318,0.0369436249822046,0.0354209673384184,0.0367918094911158,0.0355737986544934,0.0349638187403007,0.13174418091084,0.120628926180086,0.13178603664293,0.12067184085793,"sim","classical","norm",NA,1000,1000,314
0.25,0.5,0.5,0.3,0,0,0,0,0,1,0.15,0.15,0.2,0.2,0.5,0.125,0,0.125,1,0.125,0.955,0.130890052356021,0.955,0.130890052356021,"NoV_WithX",0.432207668303171,0.0359988716400469,1,0.400903578186945,0.0354898781658538,1,0.23773061479399,0.0346740579489048,1,0.432276633750864,0.0360166264966618,1,-0.0013783966289178,0.0351863671475216,0.0589999999999999,0.400970826625004,0.0355076010172127,1,0.237711768132948,0.0346906575448175,1,-0.00121703494150881,0.0344013253020255,0.061,0.034728009400484,0.0342372543680272,0.0341259969688793,0.0348236246033753,0.0358789154423324,0.0343394519670991,0.0341639250563861,0.0350182113376577,0.132207668303171,0.100903578186945,0.132276633750864,0.100970826625004,"sim","classical","norm",NA,1000,1000,314
0.25,0.7,0.5,0.3,0,0,0,0,0,1,0.15,0.15,0.2,0.2,0.5,0.175,0,0.175,1,0.125,0.955,0.130890052356021,0.955,0.130890052356021,"NoV_WithX",0.429564898422769,0.0359992703669511,1,0.367498303545734,0.0349358160707778,1,0.337711345400195,0.0341420045991054,1,0.429555969169583,0.0360165531826052,1,7.26849561911101e-05,0.0351800647281409,0.038,0.367492578340747,0.0349523537573173,1,0.337716415279914,0.0341577802121643,1,0.000396637992642584,0.033583389168668,0.0420000000000001,0.0353970062382796,0.0344844348558253,0.034255201962823,0.0353688779487809,0.0351067255648412,0.0344910356565994,0.0341901097027936,0.0336224370400327,0.129564898422769,0.067498303545734,0.129555969169583,0.0674925783407468,"sim","classical","norm",NA,1000,1000,314
0.25,0.9,0.5,0.3,0,0,0,0,0,1,0.15,0.15,0.2,0.2,0.5,0.225,0,0.225,1,0.125,0.955,0.130890052356021,0.955,0.130890052356021,"NoV_WithX",0.430783405072232,0.0359535204366492,1,0.326880801343141,0.0340489275754337,1,0.443051254850399,0.033285618033189,1,0.430752785517711,0.035971836894796,1,-0.000111978759860003,0.0351937199510178,0.044,0.326830154809855,0.0340661336862873,1,0.443102942651744,0.0333035394964853,1,-5.41238709849824e-05,0.0324413404806141,0.0509999999999999,0.0359150317755573,0.0332654079591903,0.0328873458560685,0.0359254443773808,0.0334373368621123,0.0332665674648186,0.0328699069155623,0.0312159436639179,0.130783405072232,0.026880801343141,0.130752785517711,0.0268301548098553,"sim","classical","norm",NA,1000,1000,314
0.3,0.1,0.5,0.3,0,0,0,0,0,1,0.15,0.15,0.2,0.2,0.5,0.03,0,0.03,1,0.15,0.955,0.157068062827225,0.955,0.157068062827225,"NoV_WithX",0.456095037873891,0.0359092220346148,1,0.454661865932713,0.0359166677949807,1,0.0452214899347122,0.0350655869879914,0.249,0.456087245014731,0.035928724796172,1,-1.71013430725785e-05,0.0351374976472881,0.0500000000000001,0.454653880426472,0.0359361495624968,1,0.0452518084485398,0.0350839653865109,0.25,0.000103244715835933,0.0351254392559491,0.054,0.0349082149197488,0.0348267360074161,0.0352626884422052,0.0349410560898075,0.0342204186817826,0.0348642613079266,0.0352863014559383,0.0342548175181065,0.156095037873891,0.154661865932713,0.156087245014731,0.154653880426472,"sim","classical","norm",NA,1000,1000,314
0.3,0.3,0.5,0.3,0,0,0,0,0,1,0.15,0.15,0.2,0.2,0.5,0.09,0,0.09,1,0.15,0.955,0.157068062827225,0.955,0.157068062827225,"NoV_WithX",0.456838078262574,0.0359469045914102,1,0.443898700431768,0.0358420951898391,1,0.137332299381322,0.034978484090515,0.976,0.456859542819996,0.0359657088059644,1,0.000186023041189843,0.035148836110689,0.039,0.443930726567535,0.035860827011373,1,0.137294521878221,0.0349974612108445,0.974,0.00032791436354513,0.0348977221940303,0.0349999999999999,0.0359718581024966,0.0361479808084092,0.0346882595243643,0.0360388595766204,0.0343675153703216,0.0362324094882888,0.0347340086031958,0.0339874979453928,0.156838078262574,0.143898700431768,0.156859542819996,0.143930726567535,"sim","classical","norm",NA,1000,1000,314
0.3,0.5,0.5,0.3,0,0,0,0,0,1,0.15,0.15,0.2,0.2,0.5,0.15,0,0.15,1,0.15,0.955,0.157068062827225,0.955,0.157068062827225,"NoV_WithX",0.456833164156341,0.0358666896105157,1,0.420529341857856,0.0355209255045935,1,0.232457180153741,0.034737822772102,1,0.456857151355669,0.0358842272717425,1,-0.000586356101018535,0.0350884874545368,0.056,0.420548438681933,0.0355382813085131,1,0.232470450246205,0.0347546807091293,1,-0.00021275605305459,0.0343412251480214,0.056,0.0335732546576281,0.0338839502682128,0.0351453217145738,0.0335656818826064,0.0350060372999953,0.0338866751824136,0.0351690508352978,0.0343830397511362,0.156833164156341,0.120529341857856,0.156857151355669,0.120548438681933,"sim","classical","norm",NA,1000,1000,314
0.3,0.7,0.5,0.3,0,0,0,0,0,1,0.15,0.15,0.2,0.2,0.5,0.21,0,0.21,1,0.15,0.955,0.157068062827225,0.955,0.157068062827225,"NoV_WithX",0.458194824040647,0.0358973090149802,1,0.384914518534202,0.0351709360709969,1,0.332058494756023,0.0343827850738698,1,0.458128262526452,0.0359150710453422,1,-4.26945243956777e-05,0.0351037001558776,0.058,0.384852532004293,0.0351889795026868,1,0.332015107167684,0.0344003614215184,1,1.70817383031867e-05,0.0335820547625039,0.049,0.0354582936736202,0.0348718145991469,0.0352562103661563,0.0355496051870821,0.0351650857777719,0.0349537338678729,0.0352644865315132,0.0332471245651888,0.158194824040647,0.0849145185342025,0.158128262526452,0.0848525320042934,"sim","classical","norm",NA,1000,1000,314
0.3,0.9,0.5,0.3,0,0,0,0,0,1,0.15,0.15,0.2,0.2,0.5,0.27,0,0.27,1,0.15,0.955,0.157068062827225,0.955,0.157068062827225,"NoV_WithX",0.456485297115382,0.0358969785764843,1,0.331455687585488,0.0345242058022691,1,0.441266565142134,0.0337411697516277,1,0.456446823311275,0.0359146669803527,1,-0.0010212151920934,0.0351147022156659,0.0500000000000001,0.331408987214842,0.0345414458889107,1,0.441251718183271,0.0337569936641784,1,-0.00104445271731101,0.0324518489087906,0.043,0.0346299987231128,0.0337858060227373,0.0357751652879623,0.0346645137633393,0.0355332144278963,0.0338261139306813,0.0358083245448448,0.0328232565537247,0.156485297115382,0.0314556875854878,0.156446823311275,0.0314089872148416,"sim","classical","norm",NA,1000,1000,314
0.35,0.1,0.5,0.3,0,0,0,0,0,1,0.15,0.15,0.2,0.2,0.5,0.035,0,0.035,1,0.175,0.955,0.183246073298429,0.955,0.183246073298429,"NoV_WithX",0.480394426307578,0.0357619404445722,1,0.478844380384825,0.0357767985200386,1,0.0422165084290811,0.0350013873838334,0.229,0.480395251793512,0.0357799613168874,1,-1.21489749122587e-05,0.0349950603313858,0.05,0.478850566372765,0.0357948607802247,1,0.0421914600068021,0.0350189207024611,0.227,2.70285595013564e-05,0.0349865099946151,0.047,0.0366573074044174,0.0366416091775669,0.0352236957260309,0.0367491712221455,0.0346948612419536,0.0367289050763093,0.0352147324224606,0.0346275242945524,0.180394426307578,0.178844380384825,0.180395251793512,0.178850566372765,"sim","classical","norm",NA,1000,1000,314
0.35,0.3,0.5,0.3,0,0,0,0,0,1,0.15,0.15,0.2,0.2,0.5,0.105,0,0.105,1,0.175,0.955,0.183246073298429,0.955,0.183246073298429,"NoV_WithX",0.482509252114205,0.0357771261512635,1,0.46824815533728,0.035738587151774,1,0.132002837139668,0.0349085246535697,0.959,0.482456884713616,0.0357950258984465,1,-0.000558395789762669,0.0349581165425594,0.054,0.468198073615479,0.035756368913177,1,0.131994236975135,0.0349248100572427,0.959,-0.000540879516379958,0.0347261424853833,0.055,0.0367835069749234,0.0366114522584218,0.0349972712267901,0.0368239242213284,0.0355838833688477,0.0366381349746127,0.0350685248888936,0.0353776895145415,0.182509252114205,0.16824815533728,0.182456884713616,0.168198073615479,"sim","classical","norm",NA,1000,1000,314
0.35,0.5,0.5,0.3,0,0,0,0,0,1,0.15,0.15,0.2,0.2,0.5,0.175,0,0.175,1,0.175,0.955,0.183246073298429,0.955,0.183246073298429,"NoV_WithX",0.483461843070231,0.0357792741518429,1,0.442177972311693,0.0356587334334411,1,0.223833420709645,0.034858194940794,1,0.483454549642607,0.0357959756942494,1,0.00044687228860128,0.0350275682670998,0.054,0.442200639848092,0.0356751022656443,1,0.223791973167047,0.0348763109136139,1,0.000239770185993014,0.0343408269612737,0.053,0.0364564191835112,0.0364827729699999,0.0356091553535198,0.0364623672497381,0.0349570378855658,0.0364897282417543,0.0356211237765341,0.0339622120686031,0.183461843070231,0.142177972311693,0.183454549642607,0.142200639848092,"sim","classical","norm",NA,1000,1000,314
0.35,0.7,0.5,0.3,0,0,0,0,0,1,0.15,0.15,0.2,0.2,0.5,0.245,0,0.245,1,0.175,0.955,0.183246073298429,0.955,0.183246073298429,"NoV_WithX",0.482774492116647,0.0357638874308579,1,0.399293145254376,0.0353988107452131,1,0.32745557028605,0.0346609030625102,1,0.482792062103553,0.0357829522992528,1,0.00104686987538849,0.0350283813638974,0.035,0.399285054357869,0.035417788710645,1,0.327484664363518,0.0346780560304619,1,0.00064430578293775,0.0335718088386943,0.045,0.0362659204848385,0.0363804959822815,0.0343325235844471,0.0362781041465702,0.0342510705491699,0.0364075899087264,0.0343744155657592,0.0331364472679596,0.182774492116647,0.0992931452543762,0.182792062103553,0.0992850543578689,"sim","classical","norm",NA,1000,1000,314
0.35,0.9,0.5,0.3,0,0,0,0,0,1,0.15,0.15,0.2,0.2,0.5,0.315,0,0.315,1,0.175,0.955,0.183246073298429,0.955,0.183246073298429,"NoV_WithX",0.484171446673472,0.0358023474953676,1,0.339662973473392,0.0350730855474681,1,0.437952411915318,0.0342687922098002,1,0.484214720159435,0.0358212005526895,1,-0.00240597625294674,0.0350060627762126,0.044,0.339680326652794,0.0350912314102859,1,0.437990096699146,0.0342854004909278,1,-0.00227480521921103,0.0324607890346265,0.0500000000000001,0.0347090196239114,0.0347405048561754,0.0339198353294546,0.0347416948823827,0.0347166101297237,0.0348066911663416,0.033962320336469,0.0326959440965803,0.184171446673472,0.0396629734733923,0.184214720159435,0.0396803266527944,"sim","classical","norm",NA,1000,1000,314
0.4,0.1,0.5,0.3,0,0,0,0,0,1,0.15,0.15,0.2,0.2,0.5,0.04,0,0.04,1,0.2,0.955,0.209424083769634,0.955,0.209424083769634,"NoV_WithX",0.511450432500437,0.0356216370699773,1,0.509630712577347,0.0356425218486467,1,0.0420955628129938,0.0348441929449312,0.223,0.511437414460025,0.0356395720719981,1,-0.000529657109228911,0.034823230158281,0.04,0.509617357930093,0.035660481318323,1,0.0420973467695878,0.0348617015845884,0.226,-0.000618638940738137,0.0348144054323681,0.041,0.035469803940553,0.0354677907010992,0.0351031233051343,0.0354775170854234,0.0343527356072236,0.0354727632869591,0.0351637005252099,0.0343793913251163,0.211450432500437,0.209630712577347,0.211437414460025,0.209617357930093,"sim","classical","norm",NA,1000,1000,314
0.4,0.3,0.5,0.3,0,0,0,0,0,1,0.15,0.15,0.2,0.2,0.5,0.12,0,0.12,1,0.2,0.955,0.209424083769634,0.955,0.209424083769634,"NoV_WithX",0.508383811873062,0.0356375322797855,1,0.492240012121482,0.035695022183455,1,0.127303904533371,0.0349545480668872,0.956,0.508447159079235,0.0356554089248047,1,-0.000700395885385216,0.0348585384956945,0.057,0.49230369204146,0.0357129934030749,1,0.127309380241126,0.0349720166423388,0.956,-0.000709091280295605,0.0346466906936618,0.057,0.0362743950424719,0.0363079369562879,0.0336325173589671,0.0362509761426664,0.0348720184603609,0.0362646902463014,0.0335958381472304,0.0346292654881264,0.208383811873062,0.192240012121482,0.208447159079235,0.19230369204146,"sim","classical","norm",NA,1000,1000,314
0.4,0.5,0.5,0.3,0,0,0,0,0,1,0.15,0.15,0.2,0.2,0.5,0.2,0,0.2,1,0.2,0.955,0.209424083769634,0.955,0.209424083769634,"NoV_WithX",0.509332047538389,0.0356378969037221,1,0.463884637979738,0.0357202727816396,1,0.218304423667333,0.0348891788904586,1,0.50932444750526,0.0356561800409033,1,-0.00172350053349846,0.0348269292820876,0.051,0.46389149622946,0.0357386264402721,1,0.218266532427835,0.0349062635016536,1,-0.00150628789949424,0.0341785026180293,0.0489999999999999,0.035218151749755,0.0351761169538892,0.0349260235731873,0.0351983456912767,0.0351109682727893,0.0351556650356734,0.0349050740763805,0.0342352852685502,0.209332047538389,0.163884637979738,0.20932444750526,0.16389149622946,"sim","classical","norm",NA,1000,1000,314
0.4,0.7,0.5,0.3,0,0,0,0,0,1,0.15,0.15,0.2,0.2,0.5,0.28,0,0.28,1,0.2,0.955,0.209424083769634,0.955,0.209424083769634,"NoV_WithX",0.509389559832763,0.0356583145505076,1,0.41651739243078,0.035777928405399,1,0.316859170562897,0.0348953107785208,1,0.509297559198214,0.0356760248679532,1,0.000682479106218459,0.0348298830329343,0.05,0.416441759007381,0.0357958826555767,1,0.316827186466227,0.0349139364386297,1,0.000713545463900313,0.0334876773996039,0.049,0.0371963332080702,0.0367134243145809,0.0345989005256551,0.0372385165596392,0.0340712629675043,0.0367353769608961,0.0345943771591624,0.0323921321517252,0.209389559832763,0.11651739243078,0.209297559198214,0.116441759007381,"sim","classical","norm",NA,1000,1000,314
0.4,0.9,0.5,0.3,0,0,0,0,0,1,0.15,0.15,0.2,0.2,0.5,0.36,0,0.36,1,0.2,0.955,0.209424083769634,0.955,0.209424083769634,"NoV_WithX",0.509778523833996,0.0356501356898081,1,0.346050032759498,0.035685294995927,1,0.434478592360724,0.0348807287392366,1,0.509778056727176,0.0356681339707205,1,-0.000755955290168705,0.0349293537739197,0.054,0.346046235704578,0.0357043324585106,1,0.434436276971982,0.034897815788542,1,-0.000743814537859483,0.0325050389808865,0.052,0.0349355462617871,0.0352763185384652,0.0345362534225889,0.0350057881242521,0.0356177869526063,0.0353541739439517,0.034491302310867,0.0327419336197037,0.209778523833996,0.0460500327594975,0.209778056727176,0.0460462357045778,"sim","classical","norm",NA,1000,1000,314
0.45,0.1,0.5,0.3,0,0,0,0,0,1,0.15,0.15,0.2,0.2,0.5,0.045,0,0.045,1,0.225,0.955,0.235602094240838,0.955,0.235602094240838,"NoV_WithX",0.535688308489847,0.0355112589347293,1,0.533925356423897,0.0355392532618022,1,0.039357946876018,0.0346936251720579,0.21,0.53572860924846,0.0355303441357422,1,0.00136135920517414,0.0347121982352235,0.047,0.533963579779442,0.0355584827943305,1,0.0393261496272086,0.0347132397307858,0.208,0.00135140476487133,0.0347076813401172,0.048,0.0354730590159368,0.0355451424722485,0.0355568047493071,0.0354876438168997,0.0339856427943531,0.0355591165862297,0.0356001116532749,0.0339673294453655,0.235688308489847,0.233925356423897,0.23572860924846,0.233963579779442,"sim","classical","norm",NA,1000,1000,314
0.45,0.3,0.5,0.3,0,0,0,0,0,1,0.15,0.15,0.2,0.2,0.5,0.135,0,0.135,1,0.225,0.955,0.235602094240838,0.955,0.235602094240838,"NoV_WithX",0.534578765068497,0.0354007962949406,1,0.517921542818885,0.0355540219947075,1,0.118324362500905,0.0347587144057243,0.94,0.534591484593864,0.035415866711143,1,-0.000978932148449604,0.0345912576396746,0.062,0.517940764525553,0.0355693621437115,1,0.118268721075498,0.0347752743775548,0.94,-0.00104572288270143,0.0344094017150854,0.058,0.0342193880373338,0.0344914303992276,0.0343136935204612,0.0342906509088092,0.0359614841130525,0.0345723452938353,0.0343415292776856,0.0356105287547976,0.234578765068497,0.217921542818885,0.234591484593864,0.217940764525553,"sim","classical","norm",NA,1000,1000,314
0.45,0.5,0.5,0.3,0,0,0,0,0,1,0.15,0.15,0.2,0.2,0.5,0.225,0,0.225,1,0.225,0.955,0.235602094240838,0.955,0.235602094240838,"NoV_WithX",0.536241999583692,0.0354740206734027,1,0.486828726347194,0.035840643835702,1,0.209230884368465,0.0350522409659888,1,0.53617934882983,0.0354927219766391,1,-0.000327272145034734,0.0347048344998741,0.043,0.48676977946235,0.0358594385137804,1,0.209241647568245,0.0350722387977917,1,-0.000156354569143518,0.0341168928083033,0.044,0.0366971434069748,0.0370378546296651,0.0355876323787441,0.0366893381253327,0.0332912328992814,0.0370320759357775,0.0356414072866187,0.0327765541549002,0.236241999583692,0.186828726347194,0.23617934882983,0.18676977946235,"sim","classical","norm",NA,1000,1000,314
0.45,0.7,0.5,0.3,0,0,0,0,0,1,0.15,0.15,0.2,0.2,0.5,0.315,0,0.315,1,0.225,0.955,0.235602094240838,0.955,0.235602094240838,"NoV_WithX",0.537834153864194,0.0355537610958872,1,0.435702597967101,0.0362380004965295,1,0.308187379995589,0.0353848998212232,1,0.537818889010498,0.0355712875215885,1,0.00103559266725102,0.0347297404986517,0.053,0.435676680648831,0.0362566623962732,1,0.308175368974966,0.0354036395506648,1,0.00106924790791213,0.0334953143229619,0.044,0.036134230496375,0.0362147652779401,0.0341119337899199,0.0361456098021421,0.0344511688971922,0.0362420406117924,0.0341024954379343,0.0330583860033573,0.237834153864194,0.135702597967101,0.237818889010498,0.135676680648831,"sim","classical","norm",NA,1000,1000,314
0.45,0.9,0.5,0.3,0,0,0,0,0,1,0.15,0.15,0.2,0.2,0.5,0.405,0,0.405,1,0.225,0.955,0.235602094240838,0.955,0.235602094240838,"NoV_WithX",0.535285005443282,0.0355041852976238,1,0.353125824314541,0.0364899747074865,1,0.428361362235705,0.0356496593286557,1,0.535287392132777,0.0355208156892756,1,-0.000556423602625984,0.034695910644629,0.0569999999999998,0.35313707847928,0.0365068605248411,1,0.428343891275101,0.0356653480208214,1,-0.000307948016385717,0.0324395013540886,0.055,0.035433037389699,0.0374006676003091,0.0349373926639291,0.0354267102522855,0.0359951945563145,0.0374021622445791,0.034929270540434,0.0337084454833497,0.235285005443282,0.0531258243145408,0.235287392132777,0.0531370784792804,"sim","classical","norm",NA,1000,1000,314
0.5,0.1,0.5,0.3,0,0,0,0,0,1,0.15,0.15,0.2,0.2,0.5,0.05,0,0.05,1,0.25,0.955,0.261780104712042,0.955,0.261780104712042,"NoV_WithX",0.563304112985056,0.0353545889415688,1,0.56147172366088,0.0353934134753102,1,0.0365844331106712,0.0345671664178996,0.192,0.563342772081276,0.0353713838327976,1,-0.000142932854699401,0.0344985699680206,0.0539999999999999,0.561515009792095,0.0354102257324037,1,0.0365232753872684,0.0345840445366781,0.19,-0.00016766209344293,0.0344952719536944,0.0520000000000002,0.0352297154646053,0.0351109820195838,0.0359037973098575,0.0352925131436299,0.0351596346484812,0.0351706776846144,0.035942027850525,0.0351152887084228,0.263304112985056,0.26147172366088,0.263342772081276,0.261515009792095,"sim","classical","norm",NA,1000,1000,314
0.5,0.3,0.5,0.3,0,0,0,0,0,1,0.15,0.15,0.2,0.2,0.5,0.15,0,0.15,1,0.25,0.955,0.261780104712042,0.955,0.261780104712042,"NoV_WithX",0.562925971738492,0.0352894663483552,1,0.54513133682391,0.035531369322313,1,0.113964118669557,0.0347257599011696,0.906,0.562970462075932,0.0353089924047243,1,-0.00148231808402969,0.0345007208969807,0.042,0.545169114019751,0.0355508221490907,1,0.114014320756884,0.0347433204172149,0.907,-0.00150760169333498,0.034331646257191,0.0420000000000001,0.0347263914961354,0.0348502598066031,0.0346609590485706,0.034726979067244,0.0330886087256916,0.0348707311936311,0.0346499837100276,0.033060625939334,0.262925971738492,0.24513133682391,0.262970462075932,0.245169114019751,"sim","classical","norm",NA,1000,1000,314
0.5,0.5,0.5,0.3,0,0,0,0,0,1,0.15,0.15,0.2,0.2,0.5,0.25,0,0.25,1,0.25,0.955,0.261780104712042,0.955,0.261780104712042,"NoV_WithX",0.563399213714286,0.0352733477307675,1,0.51182972416459,0.035951353092302,1,0.196550912947452,0.0351713248042439,1,0.563312493605138,0.0352916867052302,1,-0.00154331253149603,0.0344695308587001,0.0500000000000001,0.511723169057593,0.0359696923202562,1,0.196623607147398,0.0351892842145209,1,-0.00129195711866047,0.0339581400515452,0.053,0.0362640541907775,0.0370793370297141,0.035295845058754,0.0362887726195163,0.034192542457726,0.0371033578703338,0.0353330209185121,0.0340757415467198,0.263399213714286,0.21182972416459,0.263312493605138,0.211723169057593,"sim","classical","norm",NA,1000,1000,314
0.5,0.7,0.5,0.3,0,0,0,0,0,1,0.15,0.15,0.2,0.2,0.5,0.35,0,0.35,1,0.25,0.955,0.261780104712042,0.955,0.261780104712042,"NoV_WithX",0.560417213725202,0.0353123942879577,1,0.45230467136057,0.0365850083378811,1,0.29619939497054,0.0357742193512148,1,0.560404687391126,0.0353302840163902,1,-0.00023846881966091,0.034570711040454,0.053,0.452285162114145,0.0366037190378705,1,0.296204413897787,0.0357923068164289,1,-3.98299712583364e-05,0.0334555094370808,0.053,0.0361646152120695,0.0366655387015377,0.0351212679700302,0.0361617314695386,0.034786727852366,0.0366833691744188,0.0351729557542873,0.0336988217266807,0.260417213725202,0.15230467136057,0.260404687391126,0.152285162114145,"sim","classical","norm",NA,1000,1000,314
0.5,0.9,0.5,0.3,0,0,0,0,0,1,0.15,0.15,0.2,0.2,0.5,0.45,0,0.45,1,0.25,0.955,0.261780104712042,0.955,0.261780104712042,"NoV_WithX",0.562929384457211,0.035312003849974,1,0.364703974254576,0.0374138772720126,1,0.419970833762595,0.0365517152813589,1,0.562983829188351,0.0353301735771604,1,0.000881152231875467,0.034486398043304,0.049,0.36473338040592,0.0374329135779326,1,0.420018952145597,0.0365699694608822,1,0.000962316458439468,0.0324211203907547,0.047,0.0362681521476347,0.0385632299705771,0.0359667678208726,0.0362805138147173,0.0339603822649982,0.0385686265038418,0.0359602319700069,0.0323755058029359,0.262929384457211,0.064703974254576,0.262983829188351,0.0647333804059202,"sim","classical","norm",NA,1000,1000,314
0.55,0.1,0.5,0.3,0,0,0,0,0,1,0.15,0.15,0.2,0.2,0.5,0.055,0,0.055,1,0.275,0.955,0.287958115183246,0.955,0.287958115183246,"NoV_WithX",0.588933961643031,0.0351059849081474,1,0.586884029634313,0.0351615954995706,1,0.0346339427838065,0.0343542304555389,0.183,0.588918805882406,0.0351214601912666,1,0.00147013136840787,0.0343024281114938,0.0580000000000001,0.586870452743741,0.0351771431583977,1,0.0346352319859979,0.0343706652063116,0.183,0.00150718085316029,0.0343022995004745,0.0580000000000001,0.0364362420884555,0.0365224029398929,0.0343762463146404,0.0364291235925279,0.0351835205219365,0.0365153842693353,0.0343729733348346,0.0351640442337019,0.288933961643031,0.286884029634313,0.288918805882406,0.286870452743741,"sim","classical","norm",NA,1000,1000,314
0.55,0.3,0.5,0.3,0,0,0,0,0,1,0.15,0.15,0.2,0.2,0.5,0.165,0,0.165,1,0.275,0.955,0.287958115183246,0.955,0.287958115183246,"NoV_WithX",0.587068071649365,0.0350930177668297,1,0.568704847337914,0.0354416962964758,1,0.107353836119677,0.0346457160721184,0.875,0.587047415753826,0.0351102815037214,1,0.000685616684385159,0.0343418478788562,0.045,0.568681970198669,0.0354589100451173,1,0.107376085537966,0.0346622610050734,0.877,0.00064210115959135,0.0341947084993063,0.047,0.0355613469654,0.0360070195754763,0.0334325811791564,0.0355345041354342,0.0340636486129714,0.0359911582793682,0.0334620318563878,0.0339864942291255,0.287068071649365,0.268704847337914,0.287047415753826,0.268681970198669,"sim","classical","norm",NA,1000,1000,314
0.55,0.5,0.5,0.3,0,0,0,0,0,1,0.15,0.15,0.2,0.2,0.5,0.275,0,0.275,1,0.275,0.955,0.287958115183246,0.955,0.287958115183246,"NoV_WithX",0.587389268942059,0.0350462597373828,1,0.53419655760504,0.0360557121604409,1,0.184526723117834,0.035250754547677,1,0.587352138356644,0.0350649151650413,1,-0.000678482134166286,0.0342688377310637,0.04,0.534165295138108,0.0360748747946629,1,0.184526512939882,0.0352706259098046,1,-0.000725436868084129,0.0338245029659708,0.039,0.036127602991476,0.0371812890893545,0.0348032561909292,0.0361098363633549,0.0329770404225027,0.0371483181917065,0.0347609489690166,0.0324152657273812,0.287389268942059,0.23419655760504,0.287352138356644,0.234165295138108,"sim","classical","norm",NA,1000,1000,314
0.55,0.7,0.5,0.3,0,0,0,0,0,1,0.15,0.15,0.2,0.2,0.5,0.385,0,0.385,1,0.275,0.955,0.287958115183246,0.955,0.287958115183246,"NoV_WithX",0.58768800370511,0.0351323453724172,1,0.473020275016801,0.0371380534990029,1,0.283424740513304,0.0362700811445646,1,0.587643057667606,0.035149954968282,1,-0.00190937588332193,0.0343788400241164,0.052,0.472965806144881,0.0371563623776929,1,0.283457943515358,0.0362885993338183,1,-0.00192768151578648,0.0333867300897511,0.05,0.0345322445905079,0.0365268854918985,0.0350788690517645,0.0344997538264709,0.0345946479315509,0.0364503976039961,0.0351120738760051,0.0338296427932285,0.28768800370511,0.173020275016801,0.287643057667606,0.172965806144881,"sim","classical","norm",NA,1000,1000,314
0.55,0.9,0.5,0.3,0,0,0,0,0,1,0.15,0.15,0.2,0.2,0.5,0.495,0,0.495,1,0.275,0.955,0.287958115183246,0.955,0.287958115183246,"NoV_WithX",0.58971424161139,0.0349943338740132,1,0.37671292614035,0.0384000877529711,1,0.410117615789346,0.0375436226284982,1,0.589724826953297,0.0350129767245397,1,0.000699456818417755,0.0342344032683546,0.046,0.376701554602215,0.0384201406400529,1,0.410154148496934,0.0375625916716005,1,0.000594330287745807,0.0323649278147964,0.05,0.0349086656057061,0.0378879903149678,0.0371233210855195,0.0349478891454907,0.0335624639486312,0.0379337364671731,0.0371726160398317,0.0321122361083086,0.28971424161139,0.0767129261403503,0.289724826953297,0.0767015546022153,"sim","classical","norm",NA,1000,1000,314
0.6,0.1,0.5,0.3,0,0,0,0,0,1,0.15,0.15,0.2,0.2,0.5,0.06,0,0.06,1,0.3,0.955,0.31413612565445,0.955,0.31413612565445,"NoV_WithX",0.61513193874389,0.0348656436534342,1,0.613215741695631,0.0349320898643456,1,0.0300502013024949,0.034156480107379,0.139,0.615115933347993,0.0348842322649532,1,0.00170957460161233,0.0341168744553225,0.039,0.613202859230093,0.0349510055081585,1,0.0299643515988871,0.0341763276452292,0.135,0.00167506107222265,0.0341215860507605,0.0390000000000001,0.0348645859564897,0.0349832915227772,0.0346509397231158,0.0349702948041413,0.0328695768884745,0.0350923184319971,0.0346708086036305,0.0328033670951813,0.31513193874389,0.313215741695631,0.315115933347993,0.313202859230093,"sim","classical","norm",NA,1000,1000,314
0.6,0.3,0.5,0.3,0,0,0,0,0,1,0.15,0.15,0.2,0.2,0.5,0.18,0,0.18,1,0.3,0.955,0.31413612565445,0.955,0.31413612565445,"NoV_WithX",0.613683560183441,0.0349256082347797,1,0.595298331969995,0.0354189819280687,1,0.0972344369682622,0.034572300441496,0.809,0.613692825115166,0.0349438327848344,1,-0.00102789299277271,0.0341100047489984,0.043,0.595295771790551,0.0354371921547969,1,0.0972931264317154,0.034589160724697,0.81,-0.00108270315264279,0.0339909702074038,0.048,0.0337476273122461,0.0344570777647951,0.0346622995567574,0.0337397392200941,0.0335802460618203,0.0344826833310668,0.0346755745251651,0.0336265420380064,0.313683560183441,0.295298331969995,0.313692825115166,0.295295771790551,"sim","classical","norm",NA,1000,1000,314
0.6,0.5,0.5,0.3,0,0,0,0,0,1,0.15,0.15,0.2,0.2,0.5,0.3,0,0.3,1,0.3,0.955,0.31413612565445,0.955,0.31413612565445,"NoV_WithX",0.613772623967563,0.0348127015232958,1,0.560250268272247,0.0361854035437496,1,0.170264115370299,0.0354015677701093,0.998,0.613817758606711,0.034828144915301,1,-8.71305090836354e-06,0.0340606499755755,0.054,0.560313335192718,0.036202067597889,1,0.170206197492626,0.035418247621322,0.998,-0.00015743378784435,0.0336883474594466,0.054,0.0363112889499914,0.0369992897460598,0.035362696208713,0.0363356051573693,0.0350155681452288,0.0370354253842871,0.0353344831311591,0.0343672091204578,0.313772623967564,0.260250268272247,0.313817758606711,0.260313335192718,"sim","classical","norm",NA,1000,1000,314
0.6,0.7,0.5,0.3,0,0,0,0,0,1,0.15,0.15,0.2,0.2,0.5,0.42,0,0.42,1,0.3,0.955,0.31413612565445,0.955,0.31413612565445,"NoV_WithX",0.61472270788169,0.0348257173935737,1,0.497227766639308,0.0375871278420007,1,0.267539193672995,0.0367383500439106,1,0.614747294678608,0.0348453141684248,1,6.3066858175112e-05,0.0340434049501952,0.038,0.497261623550445,0.0376086090254311,1,0.267503595032881,0.0367579376658981,1,-0.000159593029898039,0.0331879667997912,0.048,0.0362154992108021,0.0396080154016754,0.03754592577854,0.0362456878469543,0.033823522007882,0.0395988311990408,0.0375345193090085,0.0326824712248981,0.31472270788169,0.197227766639308,0.314747294678608,0.197261623550445,"sim","classical","norm",NA,1000,1000,314
0.6,0.9,0.5,0.3,0,0,0,0,0,1,0.15,0.15,0.2,0.2,0.5,0.54,0,0.54,1,0.3,0.955,0.31413612565445,0.955,0.31413612565445,"NoV_WithX",0.613220887831111,0.0349233750014697,1,0.384590380294099,0.0397675829571947,1,0.405252043033496,0.0388669321263726,1,0.613189458840734,0.0349403813592822,1,-0.000411486951118879,0.0341129177144325,0.0500000000000001,0.384581368584728,0.0397856139465502,1,0.40522765505961,0.0388830454211056,1,-0.000289099959870524,0.0324038261427141,0.049,0.0350120394429223,0.0391106421009589,0.0387240355635805,0.0350214837524434,0.0350659904231348,0.0391112565349522,0.0387107523153685,0.0333683089346419,0.313220887831111,0.0845903802940985,0.313189458840734,0.0845813685847275,"sim","classical","norm",NA,1000,1000,314
0.65,0.1,0.5,0.3,0,0,0,0,0,1,0.15,0.15,0.2,0.2,0.5,0.065,0,0.065,1,0.325,0.955,0.340314136125655,0.955,0.340314136125655,"NoV_WithX",0.642006933976531,0.0345665096129539,1,0.640032157315609,0.0346524643948706,1,0.0284475644107232,0.0339253805385595,0.127,0.642000691011061,0.0345829099971628,1,0.00131120246813907,0.0338358398453552,0.048,0.64003199773256,0.0346692215216738,1,0.0283461240217728,0.0339414181947519,0.127,0.00128529138170669,0.0338398593224587,0.049,0.0341592590618698,0.0342344118278654,0.0340346688645808,0.0341515739926616,0.033888397810494,0.0342278692412301,0.0340371791092192,0.0337972073845535,0.342006933976531,0.340032157315609,0.342000691011061,0.34003199773256,"sim","classical","norm",NA,1000,1000,314
0.65,0.3,0.5,0.3,0,0,0,0,0,1,0.15,0.15,0.2,0.2,0.5,0.195,0,0.195,1,0.325,0.955,0.340314136125655,0.955,0.340314136125655,"NoV_WithX",0.641639765833837,0.0346354013883599,1,0.624139498025932,0.035241350351399,1,0.0863278213610635,0.0344490323754097,0.719,0.641644853088498,0.0346530248379166,1,0.000698085121511462,0.0339073777974272,0.0539999999999999,0.624146881661932,0.0352591079953848,1,0.0863346541211094,0.03446594683489,0.718,0.000593273683316565,0.0338186773265271,0.053,0.034789711110338,0.0355954694081199,0.0336922504930761,0.0348591458829502,0.0344410159251812,0.035662977357056,0.0337084265973312,0.0343815910009131,0.341639765833837,0.324139498025932,0.341644853088498,0.324146881661932,"sim","classical","norm",NA,1000,1000,314
0.65,0.5,0.5,0.3,0,0,0,0,0,1,0.15,0.15,0.2,0.2,0.5,0.325,0,0.325,1,0.325,0.955,0.340314136125655,0.955,0.340314136125655,"NoV_WithX",0.64040824200232,0.034627771193029,1,0.587130736017458,0.0363859846642814,1,0.156801786060792,0.0356030046129879,0.988,0.6404322749817,0.0346454193801168,1,-0.00149892616615915,0.0338528925289758,0.065,0.587147887026518,0.03640409520938,1,0.156828914215571,0.0356205784928218,0.987,-0.00143651266664282,0.0335447603531132,0.0669999999999999,0.0353221780508195,0.0365731796147717,0.035941758260184,0.0353454691680004,0.0346002636581027,0.0365807785156994,0.0359771335508646,0.0344266057668586,0.34040824200232,0.287130736017458,0.3404322749817,0.287147887026518,"sim","classical","norm",NA,1000,1000,314
0.65,0.7,0.5,0.3,0,0,0,0,0,1,0.15,0.15,0.2,0.2,0.5,0.455,0,0.455,1,0.325,0.955,0.340314136125655,0.955,0.340314136125655,"NoV_WithX",0.641029391608491,0.0346376284262036,1,0.522214601104748,0.0383123206603356,1,0.24952378581485,0.0374451218274823,1,0.641009745929283,0.0346554858404584,1,0.00067195445557671,0.033858468210209,0.0459999999999999,0.522184579784205,0.0383319454480783,1,0.249546834532529,0.0374640473102409,1,0.000921906580535294,0.0331424558810082,0.0450000000000001,0.0348323704204536,0.0383207748743307,0.0383595897028775,0.0347961390521279,0.0329819220730867,0.0382541190583762,0.0383627650383942,0.0324129215643079,0.341029391608491,0.222214601104748,0.341009745929283,0.222184579784205,"sim","classical","norm",NA,1000,1000,314
0.65,0.9,0.5,0.3,0,0,0,0,0,1,0.15,0.15,0.2,0.2,0.5,0.585,0,0.585,1,0.325,0.955,0.340314136125655,0.955,0.340314136125655,"NoV_WithX",0.638781486207853,0.0346082367637436,1,0.400412107533494,0.0412900137714185,1,0.389971801176312,0.0403563007049252,1,0.6387749110433,0.0346252211401674,1,0.000809903466844144,0.0337922238116466,0.0500000000000001,0.400389746675007,0.041312117637734,1,0.389970947296004,0.0403779712939761,1,0.000782567174778622,0.0323259646998075,0.0499999999999999,0.0351459196451861,0.0422346315459707,0.0419905218618084,0.0351477274812234,0.0338486185433819,0.0422184730646405,0.0420521735205038,0.0322940632488172,0.338781486207853,0.100412107533494,0.3387749110433,0.100389746675007,"sim","classical","norm",NA,1000,1000,314
0.7,0.1,0.5,0.3,0,0,0,0,0,1,0.15,0.15,0.2,0.2,0.5,0.07,0,0.07,1,0.35,0.955,0.366492146596859,0.955,0.366492146596859,"NoV_WithX",0.666300825954373,0.0343286541478514,1,0.66450707137316,0.0344224092256036,1,0.0249531190097235,0.033656279894719,0.115,0.66627464341403,0.0343443676064635,1,0.000944099817533875,0.0335142055355066,0.0589999999999999,0.664483243860062,0.0344381250174518,1,0.0249457261318829,0.0336708459258908,0.115,0.000862101607888841,0.0335200877363886,0.0589999999999999,0.0349652966525349,0.0350731228048457,0.0345742722547888,0.034944980109383,0.0349978929341049,0.0350561926574872,0.0345632329317056,0.0349743933486637,0.366300825954373,0.364507071373159,0.36627464341403,0.364483243860062,"sim","classical","norm",NA,1000,1000,314
0.7,0.3,0.5,0.3,0,0,0,0,0,1,0.15,0.15,0.2,0.2,0.5,0.21,0,0.21,1,0.35,0.955,0.366492146596859,0.955,0.366492146596859,"NoV_WithX",0.667205925480188,0.0343572051104383,1,0.65071031552298,0.0351030566835543,1,0.0751582706905068,0.0342567170609116,0.597,0.66718141372774,0.0343755528048937,1,0.00027223727015015,0.033575748924638,0.0470000000000001,0.650691724609175,0.0351217404667096,1,0.0751332717887893,0.0342732927569188,0.592,0.00028348224798658,0.0335109796959672,0.0440000000000001,0.0338897175542667,0.0345497672287915,0.0345356129746935,0.0339183677193093,0.033839105443257,0.0345816674887958,0.034557747604427,0.0337392549132847,0.367205925480188,0.35071031552298,0.36718141372774,0.350691724609175,"sim","classical","norm",NA,1000,1000,314
0.7,0.5,0.5,0.3,0,0,0,0,0,1,0.15,0.15,0.2,0.2,0.5,0.35,0,0.35,1,0.35,0.955,0.366492146596859,0.955,0.366492146596859,"NoV_WithX",0.667184658525157,0.0343081621152366,1,0.615829495504223,0.0365131134447282,1,0.139530437045902,0.035700885482106,0.978,0.667108574458342,0.0343260871266552,1,-0.00148261123026845,0.0335646904655289,0.048,0.615785669753833,0.0365317295936283,1,0.139460758600295,0.0357200104168707,0.978,-0.00122197005451799,0.0333283763371218,0.046,0.0342037840212289,0.0367559277379876,0.035002945094129,0.0341934338182714,0.0338365990623741,0.0367561517353292,0.0350333612772362,0.0333547017187847,0.367184658525157,0.315829495504223,0.367108574458342,0.315785669753833,"sim","classical","norm",NA,1000,1000,314
0.7,0.7,0.5,0.3,0,0,0,0,0,1,0.15,0.15,0.2,0.2,0.5,0.49,0,0.49,1,0.35,0.955,0.366492146596859,0.955,0.366492146596859,"NoV_WithX",0.666046740202339,0.0343236794811321,1,0.549403553462186,0.0390302931231834,1,0.227092036531346,0.0381808461338637,1,0.666012511143444,0.034341041238466,1,-0.00073065691926067,0.0335457220202174,0.05,0.549343129866802,0.0390490983133766,1,0.227161250582576,0.0382005202835664,1,-0.000842020197530858,0.0329824436691219,0.049,0.0345896096348762,0.0386025154273396,0.0370333987881282,0.034626463820131,0.0334444971629885,0.0386229986627898,0.0371072609791442,0.0332383242142339,0.366046740202339,0.249403553462186,0.366012511143444,0.249343129866802,"sim","classical","norm",NA,1000,1000,314
0.7,0.9,0.5,0.3,0,0,0,0,0,1,0.15,0.15,0.2,0.2,0.5,0.63,0,0.63,1,0.35,0.955,0.366492146596859,0.955,0.366492146596859,"NoV_WithX",0.666730653217061,0.0344338382023011,1,0.417348348502135,0.0434023699003138,1,0.37713394286348,0.0423616844040442,1,0.666764147610136,0.0344512556366348,1,-0.000271983821866858,0.0337030328914535,0.045,0.417367191782944,0.0434231044628097,1,0.377157985948681,0.0423806182024345,1,-3.49328536012176e-05,0.0324505728016669,0.048,0.033495550765124,0.0423343351789518,0.0421891896402692,0.0335131233224344,0.0337073066152902,0.0423564312317582,0.0422051844741223,0.0327420653852731,0.366730653217061,0.117348348502135,0.366764147610136,0.117367191782944,"sim","classical","norm",NA,1000,1000,314
0.75,0.1,0.5,0.3,0,0,0,0,0,1,0.15,0.15,0.2,0.2,0.5,0.075,0,0.075,1,0.375,0.955,0.392670157068063,0.955,0.392670157068063,"NoV_WithX",0.692132464867287,0.0340645374934349,1,0.690476870949863,0.0341779810524393,1,0.0205364518961214,0.0333430517381031,0.085,0.692191899889821,0.0340806610242994,1,0.000751173451287838,0.0332652359616185,0.052,0.690535784615553,0.0341941458022946,1,0.0205356851915361,0.0333590872930068,0.0829999999999999,0.00077128386710564,0.0332751562324945,0.0509999999999999,0.0345991329620325,0.034657929696067,0.0331296278606344,0.0345707229601162,0.0333218814729564,0.034631978774157,0.033147162021358,0.033332556167679,0.392132464867287,0.390476870949863,0.392191899889821,0.390535784615553,"sim","classical","norm",NA,1000,1000,314
0.75,0.3,0.5,0.3,0,0,0,0,0,1,0.15,0.15,0.2,0.2,0.5,0.225,0,0.225,1,0.375,0.955,0.392670157068063,0.955,0.392670157068063,"NoV_WithX",0.691672431504439,0.0340237892981189,1,0.676112462659326,0.0349062726617258,1,0.0663039991154067,0.0341196633411244,0.501,0.691688968580222,0.0340393245972051,1,-0.000989676872247873,0.0332800214791278,0.055,0.676129076590945,0.0349226642433148,1,0.0662843566378242,0.0341360313181802,0.496,-0.00104103897192476,0.0332329858830834,0.0509999999999999,0.0338584832124429,0.0351639442678683,0.0349329768783377,0.0338612905075268,0.034081402015848,0.0351568853241446,0.0349395193462273,0.0339870168441407,0.391672431504439,0.376112462659326,0.391688968580222,0.376129076590945,"sim","classical","norm",NA,1000,1000,314
0.75,0.5,0.5,0.3,0,0,0,0,0,1,0.15,0.15,0.2,0.2,0.5,0.375,0,0.375,1,0.375,0.955,0.392670157068063,0.955,0.392670157068063,"NoV_WithX",0.691615493822852,0.0340274808945838,1,0.644061324384574,0.0366495282677102,1,0.121279571989477,0.0358083923332896,0.92,0.691581759957573,0.0340462818003123,1,0.00190104001948241,0.0332773862060671,0.036,0.644039603246929,0.0366698955938554,1,0.121251761619129,0.0358288938279536,0.921,0.00188021732825907,0.0331045634395353,0.036,0.0345940586624662,0.0373955081494561,0.0360753361730309,0.0346034634482271,0.031918936554081,0.0373989383901354,0.0361081654196136,0.0316523461494153,0.391615493822852,0.344061324384574,0.391581759957573,0.344039603246929,"sim","classical","norm",NA,1000,1000,314
0.75,0.7,0.5,0.3,0,0,0,0,0,1,0.15,0.15,0.2,0.2,0.5,0.525,0,0.525,1,0.375,0.955,0.392670157068063,0.955,0.392670157068063,"NoV_WithX",0.692600061537983,0.0340716079151694,1,0.580405142719835,0.0398713456901427,1,0.204134187008621,0.0389651147080264,1,0.692580871448138,0.0340871848581378,1,-0.00158192982050232,0.0333069230081197,0.053,0.58037591129943,0.0398888832972663,1,0.204158485267461,0.0389819033759649,1,-0.00186770005796637,0.0328725294032011,0.0569999999999999,0.0334632928357616,0.038900986859593,0.038390610039523,0.0334952776562353,0.0344144829528138,0.0389241993492985,0.0384075346551977,0.0341082565210302,0.392600061537983,0.280405142719835,0.392580871448138,0.280375911299431,"sim","classical","norm",NA,1000,1000,314
0.75,0.9,0.5,0.3,0,0,0,0,0,1,0.15,0.15,0.2,0.2,0.5,0.675,0,0.675,1,0.375,0.955,0.392670157068063,0.955,0.392670157068063,"NoV_WithX",0.692955359761355,0.0341344817992412,1,0.441824982103612,0.0457478413337349,1,0.355646584046287,0.0446958123133952,1,0.692918634980157,0.0341516697160939,1,-0.00162859443119674,0.0333038439014762,0.053,0.44180728380554,0.0457705483609031,1,0.355612956680824,0.0447167802444674,1,-0.00205347876095588,0.0323087852183426,0.051,0.0334025161244893,0.0454428211987813,0.0447329641563663,0.0334442827026218,0.0337081551744204,0.0455214004564115,0.0447953251434913,0.0325795567324102,0.392955359761355,0.141824982103612,0.392918634980157,0.14180728380554,"sim","classical","norm",NA,1000,1000,314
0.8,0.1,0.5,0.3,0,0,0,0,0,1,0.15,0.15,0.2,0.2,0.5,0.08,0,0.08,1,0.4,0.955,0.418848167539267,0.955,0.418848167539267,"NoV_WithX",0.719123179845082,0.0336803835207405,1,0.717848290180317,0.0338084250085814,1,0.0154856338995219,0.0331326721631282,0.073,0.719127260173083,0.0336965821518931,1,0.000171252375932925,0.033003730388726,0.0580000000000001,0.717847077956172,0.0338246691773564,1,0.0155185994969509,0.0331481576710061,0.076,0.00015132686536078,0.0330160654861208,0.0569999999999999,0.0342641255001806,0.0344235397658943,0.0333815524364203,0.0342833575796308,0.0337559740518451,0.0344419061329285,0.0334013544012836,0.0337836652364217,0.419123179845082,0.417848290180317,0.419127260173083,0.417847077956172,"sim","classical","norm",NA,1000,1000,314
0.8,0.3,0.5,0.3,0,0,0,0,0,1,0.15,0.15,0.2,0.2,0.5,0.24,0,0.24,1,0.4,0.955,0.418848167539267,0.955,0.418848167539267,"NoV_WithX",0.719459845991351,0.0337329538164531,1,0.70572049957581,0.0347833769775622,1,0.0543165333982328,0.0339673830087233,0.354,0.719423609611458,0.0337494961380518,1,-0.00164735185083918,0.032969980292425,0.0509999999999999,0.705694991861931,0.0348005582875751,1,0.0542648950760135,0.0339843457577736,0.356,-0.00165790513595683,0.0329448078054302,0.0509999999999999,0.0343700038012689,0.0355794596635789,0.0331668156314295,0.0343631840486199,0.0331420545614847,0.0355816371738505,0.0332434510849126,0.0330873662714287,0.419459845991351,0.40572049957581,0.419423609611458,0.405694991861931,"sim","classical","norm",NA,1000,1000,314
0.8,0.5,0.5,0.3,0,0,0,0,0,1,0.15,0.15,0.2,0.2,0.5,0.4,0,0.4,1,0.4,0.955,0.418848167539267,0.955,0.418848167539267,"NoV_WithX",0.719265179921451,0.0336999107200709,1,0.677732879766871,0.036829844834497,1,0.0990405440989214,0.0359949606124795,0.79,0.7192298688336,0.0337160682648205,1,0.000978304267337175,0.0329021159213866,0.062,0.677702240265004,0.036848263416675,1,0.0990113070133137,0.0360108559961956,0.794,0.000878806756628383,0.0327942372749628,0.062,0.0333285827987213,0.0362237420950507,0.0353132214363399,0.0334051701758479,0.0343333456865864,0.0362481345765351,0.0352399843345917,0.0340875661577022,0.419265179921451,0.377732879766871,0.4192298688336,0.377702240265004,"sim","classical","norm",NA,1000,1000,314
0.8,0.7,0.5,0.3,0,0,0,0,0,1,0.15,0.15,0.2,0.2,0.5,0.56,0,0.56,1,0.4,0.955,0.418848167539267,0.955,0.418848167539267,"NoV_WithX",0.716221250845173,0.0337027504582759,1,0.614605984273477,0.0407519804086933,1,0.173355294227336,0.039833535750173,0.988,0.716222836268785,0.0337197774448138,1,0.00112008752648217,0.0329707240565522,0.0500000000000001,0.614596319303255,0.0407725620088632,1,0.173369077065934,0.039853296802621,0.988,0.00120528064751601,0.0326777101539255,0.0509999999999999,0.0322419120889202,0.0399849354792978,0.0397849739006243,0.0322548157158502,0.0336164015120817,0.0399757577917664,0.0398189069573987,0.033370655396825,0.416221250845173,0.314605984273477,0.416222836268785,0.314596319303255,"sim","classical","norm",NA,1000,1000,314
0.8,0.9,0.5,0.3,0,0,0,0,0,1,0.15,0.15,0.2,0.2,0.5,0.72,0,0.72,1,0.4,0.955,0.418848167539267,0.955,0.418848167539267,"NoV_WithX",0.717903823975428,0.0337560782478021,1,0.472308810441338,0.0487933307756652,1,0.326143039275243,0.0477182628768535,1,0.717877544721663,0.0337740473353179,1,-0.00104729962037686,0.0330224295216006,0.051,0.472270163862789,0.04881960802171,1,0.326150911220949,0.0477427100412672,1,-0.00107998098035767,0.0322904563856424,0.057,0.0330518100243958,0.0474729432000609,0.047230173432234,0.0330559492214086,0.0325839043442809,0.0474087709583202,0.0471805094477683,0.0318243242986853,0.417903823975428,0.172308810441338,0.417877544721663,0.172270163862789,"sim","classical","norm",NA,1000,1000,314
0.85,0.1,0.5,0.3,0,0,0,0,0,1,0.15,0.15,0.2,0.2,0.5,0.085,0,0.085,1,0.425,0.955,0.445026178010471,0.955,0.445026178010471,"NoV_WithX",0.745146720625347,0.0333891947956332,1,0.743901134556715,0.0335308683649505,1,0.013933032363176,0.0328216215081032,0.076,0.745169168198277,0.0334066395842153,1,0.0004899592703707,0.0326484764986772,0.055,0.743917447736427,0.0335485843602555,1,0.0139728793130771,0.0328364214685901,0.075,0.000493744850684142,0.0326603255448004,0.054,0.03250116974226,0.0326466491300321,0.0336435166919413,0.0325771069865823,0.033623075031047,0.0327127653707594,0.0336208413805477,0.0336171527645574,0.445146720625347,0.443901134556715,0.445169168198277,0.443917447736427,"sim","classical","norm",NA,1000,1000,314
0.85,0.3,0.5,0.3,0,0,0,0,0,1,0.15,0.15,0.2,0.2,0.5,0.255,0,0.255,1,0.425,0.955,0.445026178010471,0.955,0.445026178010471,"NoV_WithX",0.744455096654242,0.0333737885449217,1,0.734151355417263,0.0345616571748567,1,0.0384885323396849,0.0337794897998451,0.218,0.744494090726796,0.0333913639761437,1,0.00108020881366051,0.0326619767835271,0.0420000000000002,0.734192567678183,0.0345794837060795,1,0.0384870503719599,0.0337968895279117,0.218,0.00111407028682594,0.0326547981217942,0.0409999999999998,0.0335406211000729,0.0343552361565219,0.0358686634051251,0.0335244420389798,0.0319938336030408,0.0343609925550858,0.0359432769530129,0.032048467773395,0.444455096654242,0.434151355417263,0.444494090726796,0.434192567678183,"sim","classical","norm",NA,1000,1000,314
0.85,0.5,0.5,0.3,0,0,0,0,0,1,0.15,0.15,0.2,0.2,0.5,0.425,0,0.425,1,0.425,0.955,0.445026178010471,0.955,0.445026178010471,"NoV_WithX",0.743671933803802,0.0333932062694334,1,0.71079238442075,0.037017683815777,1,0.0738817776954658,0.0361824905369571,0.523,0.743642910946948,0.0334102200126188,1,-0.000884909661718483,0.0326954030191044,0.049,0.710789906136518,0.0370367472345955,1,0.0738230261229417,0.0362015505022552,0.525,-0.000921106517796782,0.0326430245438,0.047,0.0328576133025807,0.0368829861891185,0.0372972311605682,0.0328421178782911,0.0324675258726199,0.0368841472184671,0.03734388691571,0.0323251995064302,0.443671933803802,0.41079238442075,0.443642910946948,0.410789906136518,"sim","classical","norm",NA,1000,1000,314
0.85,0.7,0.5,0.3,0,0,0,0,0,1,0.15,0.15,0.2,0.2,0.5,0.595,0,0.595,1,0.425,0.955,0.445026178010471,0.955,0.445026178010471,"NoV_WithX",0.745526106555759,0.0333982698287868,1,0.659440273504016,0.0418803184613967,1,0.138148606921565,0.0409015024275601,0.918,0.745506788119133,0.0334174629956623,1,-0.00191540765578857,0.0326430977610389,0.0420000000000001,0.659406509273703,0.0419046775909289,1,0.138163993661265,0.0409234684642687,0.92,-0.00193310045516221,0.0324730016727766,0.038,0.0351887872375245,0.0432150753852984,0.0413563713740356,0.0352717469210172,0.0308574481176056,0.0433035879540765,0.0413651711923308,0.03070809049603,0.445526106555759,0.359440273504016,0.445506788119133,0.359406509273703,"sim","classical","norm",NA,1000,1000,314
0.85,0.9,0.5,0.3,0,0,0,0,0,1,0.15,0.15,0.2,0.2,0.5,0.765,0,0.765,1,0.425,0.955,0.445026178010471,0.955,0.445026178010471,"NoV_WithX",0.74649480929477,0.0334079106617938,1,0.520547731925582,0.0529189045960666,1,0.282069247875838,0.0516957043469456,1,0.746465297814654,0.0334233686568222,1,-0.000637535860205188,0.0326296416999655,0.0580000000000001,0.520529765539779,0.05294591891074,1,0.282045888245559,0.0517217157714352,1,-0.000789843450373704,0.0321695852638648,0.055,0.0325135203853842,0.0508841499536735,0.0503851993840103,0.0325065197346459,0.0328941945048962,0.0509441979356727,0.0504526493573632,0.0323691699057331,0.44649480929477,0.220547731925582,0.446465297814654,0.220529765539779,"sim","classical","norm",NA,1000,1000,314
0.9,0.1,0.5,0.3,0,0,0,0,0,1,0.15,0.15,0.2,0.2,0.5,0.09,0,0.09,1,0.45,0.955,0.471204188481676,0.955,0.471204188481676,"NoV_WithX",0.771520764305782,0.0330182799048283,1,0.770888498049348,0.0331715610456141,1,0.0069182549850579,0.032410666207054,0.068,0.771574619595437,0.0330345664844198,1,0.00160941020605813,0.0323197147882688,0.047,0.77093998418026,0.0331878904430314,1,0.00693102905460122,0.0324277400794454,0.071,0.00160510343429359,0.0323345935278205,0.048,0.0331343387513803,0.0333861437352592,0.0338238392808957,0.033184026441327,0.0322651209403832,0.0334364690906363,0.033858997879057,0.0323034655128417,0.471520764305782,0.470888498049348,0.471574619595437,0.47093998418026,"sim","classical","norm",NA,1000,1000,314
0.9,0.3,0.5,0.3,0,0,0,0,0,1,0.15,0.15,0.2,0.2,0.5,0.27,0,0.27,1,0.45,0.955,0.471204188481676,0.955,0.471204188481676,"NoV_WithX",0.77337559800983,0.0329947306196582,1,0.765852878133015,0.0343477390459174,1,0.0266684018277431,0.0336065230215101,0.108,0.77338101556438,0.0330107920194795,1,0.00216303472636121,0.0322775521780655,0.051,0.765846809831362,0.0343643752023366,1,0.0267069254474391,0.0336225964592252,0.11,0.00220472821399161,0.0322851466831769,0.0500000000000001,0.0315047817835659,0.0329001154009099,0.0320277858095206,0.0314988757231908,0.0330625680702894,0.0328887972470966,0.0320327458115051,0.033082456640869,0.47337559800983,0.465852878133015,0.47338101556438,0.465846809831362,"sim","classical","norm",NA,1000,1000,314
0.9,0.5,0.5,0.3,0,0,0,0,0,1,0.15,0.15,0.2,0.2,0.5,0.45,0,0.45,1,0.45,0.955,0.471204188481676,0.955,0.471204188481676,"NoV_WithX",0.771331338095893,0.0330664043976578,1,0.748091120018949,0.0372502954791143,1,0.0490135484273719,0.0363328100031676,0.258,0.771356096053127,0.0330839931599695,1,-0.000451196679117575,0.0322752833578734,0.0450000000000001,0.748116079037794,0.0372708367700764,1,0.049006161087783,0.036351765923308,0.258,-0.000502757869870815,0.0322617731245268,0.039,0.0342370048789157,0.0384141307730386,0.0363234748592073,0.0342205936636805,0.0313620733078008,0.0384111633852608,0.0362548817545217,0.031258292404853,0.471331338095893,0.448091120018949,0.471356096053127,0.448116079037794,"sim","classical","norm",NA,1000,1000,314
0.9,0.7,0.5,0.3,0,0,0,0,0,1,0.15,0.15,0.2,0.2,0.5,0.63,0,0.63,1,0.45,0.955,0.471204188481676,0.955,0.471204188481676,"NoV_WithX",0.771708514594307,0.0330698617921526,1,0.711364109725,0.0431896916647297,1,0.0913385613555406,0.0421860306481724,0.581,0.771667461682274,0.0330867047674827,1,-0.000119201152087284,0.0323470041185204,0.063,0.711317305903548,0.043211506189325,1,0.0913439395103228,0.0422065500824405,0.579,-0.000305685012620311,0.032287626213788,0.065,0.0334380771497232,0.0437062915973289,0.042374539835236,0.033499121430867,0.0334068551884434,0.0438089203375201,0.0424302435649431,0.0333781487034563,0.471708514594307,0.411364109725,0.471667461682274,0.411317305903548,"sim","classical","norm",NA,1000,1000,314
0.9,0.9,0.5,0.3,0,0,0,0,0,1,0.15,0.15,0.2,0.2,0.5,0.81,0,0.81,1,0.45,0.955,0.471204188481676,0.955,0.471204188481676,"NoV_WithX",0.769365190020595,0.0330215982683925,1,0.584363590588587,0.0586065494776512,1,0.218280612998612,0.0573049352907321,0.961,0.769419958611969,0.0330373240407262,1,0.00103901504879692,0.0323328017422353,0.048,0.58439564908637,0.0586353399335745,1,0.218304948047026,0.0573331582210734,0.959,0.0011484584911205,0.0321148578266521,0.049,0.0328866232100595,0.0575152330862197,0.0575511478917871,0.0328931654206939,0.0318670756210761,0.0575466762547542,0.0576593866093695,0.0317422576061544,0.469365190020595,0.284363590588587,0.469419958611969,0.28439564908637,"sim","classical","norm",NA,1000,1000,314
0.95,0.1,0.5,0.3,0,0,0,0,0,1,0.15,0.15,0.2,0.2,0.5,0.095,0,0.095,1,0.475,0.955,0.49738219895288,0.955,0.49738219895288,"NoV_WithX",0.796550279011953,0.0326406279567495,1,0.796257930700669,0.0328114012136973,1,0.0027936566161172,0.0320752334410481,0.06,0.796560124734531,0.0326583506884678,1,0.000261574567897114,0.0319076459072629,0.05,0.796268065435752,0.0328291381624885,1,0.00282675286187832,0.0320912389544818,0.06,0.000305149434188034,0.0319226729701682,0.048,0.0322308114419945,0.0323845385555921,0.0323155246470699,0.0322604185935951,0.0313262167081197,0.0324103020605627,0.0323781653086014,0.0313901945353185,0.496550279011953,0.496257930700669,0.496560124734531,0.496268065435752,"sim","classical","norm",NA,1000,1000,314
0.95,0.3,0.5,0.3,0,0,0,0,0,1,0.15,0.15,0.2,0.2,0.5,0.285,0,0.285,1,0.475,0.955,0.49738219895288,0.955,0.49738219895288,"NoV_WithX",0.796237657382552,0.0326886462733296,1,0.7936370032579,0.0341833922543067,1,0.00890243053167148,0.033461085493428,0.059,0.796296667926833,0.0327060847874743,1,-0.00203460697942152,0.0319557693160818,0.048,0.793692398874625,0.0342012896097372,1,0.00891254694899292,0.0334785003464262,0.056,-0.00204360807999771,0.0319703656961426,0.047,0.0326957061523487,0.0339122025100136,0.0339242127900431,0.0327167766547766,0.0314547022307732,0.0339131423543688,0.0339402575070304,0.031470337617364,0.496237657382552,0.4936370032579,0.496296667926833,0.493692398874625,"sim","classical","norm",NA,1000,1000,314
0.95,0.5,0.5,0.3,0,0,0,0,0,1,0.15,0.15,0.2,0.2,0.5,0.475,0,0.475,1,0.475,0.955,0.49738219895288,0.955,0.49738219895288,"NoV_WithX",0.796745133924565,0.0326292811157269,1,0.787320025744148,0.0373628575838891,1,0.0189801083185354,0.0365177487314518,0.074,0.796762167860232,0.0326449753414978,1,0.000893035039711096,0.0319073928874852,0.047,0.787329770646055,0.0373809952818572,1,0.0189958658082015,0.0365364361886405,0.071,0.000933142088495052,0.0319191103813779,0.046,0.0330362719359946,0.038479185572245,0.0365900284843014,0.0330913791809175,0.0316592360744675,0.038538288172023,0.0366239718332801,0.0316890263127846,0.496745133924565,0.487320025744148,0.496762167860232,0.487329770646055,"sim","classical","norm",NA,1000,1000,314
0.95,0.7,0.5,0.3,0,0,0,0,0,1,0.15,0.15,0.2,0.2,0.5,0.665,0,0.665,1,0.475,0.955,0.49738219895288,0.955,0.49738219895288,"NoV_WithX",0.797439367512872,0.0326192915705171,1,0.772847007259466,0.044540095208937,1,0.0352978886084106,0.0435394234063485,0.132,0.797450301468576,0.0326364848307796,1,0.000479769487510564,0.0319109587282489,0.04,0.77286848818423,0.0445641524276361,1,0.0352811467458358,0.0435623746654189,0.135,0.000539011201262219,0.0319154185425715,0.04,0.0325114698907387,0.0454079175019313,0.0450333937858558,0.0324742944042272,0.0311479979625284,0.045394566329909,0.0450777942955443,0.0311592333484905,0.497439367512872,0.472847007259466,0.497450301468576,0.47286848818423,"sim","classical","norm",NA,1000,1000,314
0.95,0.9,0.5,0.3,0,0,0,0,0,1,0.15,0.15,0.2,0.2,0.5,0.855,0,0.855,1,0.475,0.955,0.49738219895288,0.955,0.49738219895288,"NoV_WithX",0.796106759910296,0.0326040795855459,1,0.701452486414739,0.0673603622925053,1,0.105717901987239,0.0658325089211015,0.36,0.796113478983957,0.0326196714482361,1,0.000624774757123298,0.0319098232610105,0.0429999999999999,0.701579999580939,0.0673936468929048,1,0.105585516190803,0.065866349689969,0.357,0.000506673613414558,0.0318863037610898,0.044,0.0334631540688034,0.0648910556716891,0.0624271675584524,0.0335491734936939,0.0317495185932776,0.0649100909892102,0.0624429019827573,0.0316173837785516,0.496106759910296,0.401452486414739,0.496113478983957,0.401579999580939,"sim","classical","norm",NA,1000,1000,314
