"a1","c1","b1","b2","a2","c2","a0","b0","c0","sigma_eY","rho_U","rho_V","rho_total","rho_rel_U","bias","design","beta_A_fit1","se_A_fit1","power_A_fit1","beta_A_fit2","se_A_fit2","power_A_fit2","beta_Atilde_fit2","se_Atilde_fit2","power_Atilde_fit2","beta_A_fit3","se_A_fit3","power_A_fit3","beta_V_fit3","se_V_fit3","power_V_fit3","beta_A_fit4","se_A_fit4","power_A_fit4","beta_Atilde_fit4","se_Atilde_fit4","power_Atilde_fit4","beta_V_fit4","se_V_fit4","power_V_fit4","sd_beta_A_fit1","sd_beta_A_fit2","sd_beta_Atilde_fit2","sd_beta_A_fit3","sd_beta_V_fit3","sd_beta_A_fit4","sd_beta_Atilde_fit4","sd_beta_V_fit4","bias_A_fit1","bias_A_fit2","bias_A_fit3","bias_A_fit4","source","se_type","noise_dist","df_t","n_sample","n_iters","seed"
0.05,0.1,0.5,0.3,0,0,0,0,0,1,0.005,0,0.005,1,0.025,"NoV",0.326033347094973,0.0354384355717179,1,0.325839906125772,0.0354200788297894,1,0.0504826562831711,0.0353979696180497,0.305,0.32603709151487,0.0354560533869057,1,-0.00092413071969324,0.0354533618842963,0.05,0.325842033549287,0.0354377456768632,1,0.0504776295160929,0.0354178620398729,0.305,-0.000946764297639999,0.0354366668898681,0.0509999999999999,0.0366180920409319,0.0365582062870403,0.0356880682269257,0.0366197673665003,0.0352607297421864,0.0365569776321758,0.0357301681360578,0.0352538351065359,0.0260333470949731,0.0258399061257722,0.02603709151487,0.0258420335492875,"sim","classical","norm",NA,1000,1000,314
0.05,0.3,0.5,0.3,0,0,0,0,0,1,0.015,0,0.015,1,0.025,"NoV",0.324500710672746,0.035425626773572,1,0.322156349276754,0.0351317858614672,1,0.148797295935208,0.035080323129663,0.988,0.324527256890959,0.035443171696526,1,0.00103697141492569,0.0354301151990157,0.056,0.322186983279083,0.0351493425966285,1,0.148752725173979,0.0350975890027894,0.988,0.000970663457021085,0.0351322386041048,0.052,0.0358746252605154,0.0356816582422835,0.0350727995097442,0.0359032816043865,0.0358494043751962,0.0356905364115088,0.0350989893349107,0.0354239137859557,0.0245007106727456,0.0221563492767541,0.024527256890959,0.022186983279083,"sim","classical","norm",NA,1000,1000,314
0.05,0.5,0.5,0.3,0,0,0,0,0,1,0.025,0,0.025,1,0.025,"NoV",0.325201240040947,0.0354114748674892,1,0.319320589794453,0.0345453793334999,1,0.249509745194571,0.0345486790526995,1,0.32518757523323,0.0354280400725361,1,-0.000850411966992887,0.035434884396137,0.05,0.319314281553247,0.0345614572977269,1,0.249519100325211,0.0345669881299634,1,-0.00139191115268259,0.0345602375020303,0.0529999999999999,0.0342013924819607,0.0336747654403646,0.0359624013119896,0.0342131442531027,0.0356504736542136,0.0336959047517395,0.0359480473622626,0.0347525475369631,0.0252012400409466,0.0193205897944526,0.0251875752332299,0.019314281553247,"sim","classical","norm",NA,1000,1000,314
0.05,0.7,0.5,0.3,0,0,0,0,0,1,0.035,0,0.035,1,0.025,"NoV",0.325196583921049,0.0353150269151213,1,0.312545025477164,0.0335870394001194,1,0.348891786011266,0.033607637442164,1,0.325234430699823,0.0353300739591175,1,-2.77652330172684e-05,0.035387873044628,0.048,0.3125894135913,0.0336012723351747,1,0.348887112217476,0.0336237629072264,1,-0.00024197366188959,0.0336343143294484,0.054,0.0347027570051601,0.0327904736379548,0.0339124399015984,0.0347170113685286,0.0362392488871062,0.0328082781642946,0.0339504447412447,0.034479536509773,0.025196583921049,0.0125450254771639,0.0252344306998228,0.0125894135912997,"sim","classical","norm",NA,1000,1000,314
0.05,0.9,0.5,0.3,0,0,0,0,0,1,0.045,0,0.045,1,0.025,"NoV",0.324277987526142,0.0354017829342646,1,0.303500864499524,0.0324524991074391,1,0.45116199277974,0.0324631209477485,1,0.324229634443724,0.0354192422906224,1,-0.000253947001389756,0.0354295339869917,0.058,0.303456685268372,0.0324683761144704,1,0.451160731022566,0.032478996095723,1,0.000225485985980049,0.0324436640114439,0.058,0.0345382825601508,0.0315409577752599,0.0330747609429737,0.0345491777659349,0.0361845741745364,0.0315635174505699,0.033094551727745,0.0332083119719463,0.0242779875261422,0.0035008644995243,0.0242296344437243,0.0034566852683719,"sim","classical","norm",NA,1000,1000,314
0.1,0.1,0.5,0.3,0,0,0,0,0,1,0.01,0,0.01,1,0.05,"NoV",0.34650330562613,0.0353906962571251,1,0.345981009967925,0.0353738835992825,1,0.0504577404819318,0.0353545800510795,0.314,0.346541910890082,0.0354072938065478,1,0.000309584160495587,0.0354026357599622,0.053,0.34602003461778,0.0353905166029766,1,0.0504803261437802,0.0353729179239232,0.315,0.000340814497709315,0.0353841059197331,0.056,0.0347927736749602,0.0348047840237339,0.036313079624731,0.0347905415885152,0.0356104591906668,0.0347973031299961,0.0362926181755744,0.0355839796582422,0.0465033056261295,0.0459810099679255,0.0465419108900821,0.0460200346177804,"sim","classical","norm",NA,1000,1000,314
0.1,0.3,0.5,0.3,0,0,0,0,0,1,0.03,0,0.03,1,0.05,"NoV",0.350640342153199,0.0353585077087149,1,0.346273012331733,0.0350751282980695,1,0.14885449876942,0.0349979991598477,0.987,0.350665247432147,0.0353768535352632,1,0.000741117875388961,0.0353251133729381,0.0500000000000001,0.346292487366328,0.0350930449345235,1,0.148917845851107,0.0350138606429133,0.988,0.000833247501650539,0.0350251047077185,0.051,0.0353764968492383,0.0350727734039906,0.034924581026441,0.0354228779066124,0.0351488186476821,0.0351260784623874,0.0349230418539538,0.0351206586435497,0.0506403421531988,0.0462730123317329,0.0506652474321467,0.0462924873663281,"sim","classical","norm",NA,1000,1000,314
0.1,0.5,0.5,0.3,0,0,0,0,0,1,0.05,0,0.05,1,0.05,"NoV",0.351235128117933,0.0353469943825666,1,0.338818247611173,0.0345333636620131,1,0.247401625164278,0.0345606742174614,1,0.351253277955007,0.035366356464912,1,-0.000622677681583079,0.0353480616526663,0.049,0.338838650225101,0.034552291259596,1,0.24741984371216,0.0345798660578955,1,-0.00046640927786134,0.034490689726983,0.045,0.0350847750566158,0.0345629199384433,0.0348686014303257,0.0350643908717913,0.0341005538737992,0.0345530544214625,0.0348481789831772,0.0332754107857963,0.0512351281179327,0.0388182476111731,0.0512532779550074,0.0388386502251011,"sim","classical","norm",NA,1000,1000,314
0.1,0.7,0.5,0.3,0,0,0,0,0,1,0.07,0,0.07,1,0.05,"NoV",0.351132997500232,0.0353547861904922,1,0.326626587587937,0.0337011158780645,1,0.348605775774456,0.0337364781985432,1,0.351127737175352,0.0353731932404237,1,-0.00183801780371623,0.035397745945815,0.0500000000000001,0.326615234502537,0.0337186117527837,1,0.348618395423868,0.0337531367306801,1,-0.00141287304984803,0.0336584649478798,0.046,0.0360328947470409,0.0341648900037255,0.0332562362229717,0.0360808470462832,0.0356918441634345,0.0342037536564015,0.0332716645168149,0.03407225056896,0.051132997500232,0.0266265875879366,0.0511277371753516,0.0266152345025371,"sim","classical","norm",NA,1000,1000,314
0.1,0.9,0.5,0.3,0,0,0,0,0,1,0.09,0,0.09,1,0.05,"NoV",0.349686046342438,0.0353423045248841,1,0.309560805362228,0.0325083679421231,1,0.450949606012021,0.0325417282731271,1,0.349683161582555,0.035360839200561,1,0.000583653103075571,0.0353230852375677,0.052,0.309564505603792,0.0325253999701566,1,0.450949545638804,0.0325577709016097,1,6.01019675813793e-05,0.0323622389002326,0.045,0.036118825132657,0.0327741497398321,0.0317400550820621,0.0361259923609738,0.0347361956298441,0.0327938029333311,0.0317759689167005,0.0318705557076738,0.0496860463424385,0.00956080536222809,0.0496831615825552,0.00956450560379152,"sim","classical","norm",NA,1000,1000,314
0.15,0.1,0.5,0.3,0,0,0,0,0,1,0.015,0,0.015,1,0.075,"NoV",0.374952647671161,0.0352727937756606,1,0.374314128630518,0.0352604320790348,1,0.0488351336700214,0.0352544095290928,0.291,0.374903271868088,0.0352906000115567,1,0.000439740010518546,0.0353136201940809,0.048,0.374265812730454,0.035278263214346,1,0.0488497199958043,0.0352740588038559,0.289,0.000488095194603173,0.035297488121227,0.047,0.0349882142150595,0.0349955316270219,0.0357370558510899,0.0350202194062249,0.033795927563151,0.0350300726074906,0.0357518622678958,0.0338018384078321,0.0749526476711612,0.0743141286305183,0.0749032718680875,0.0742658127304539,"sim","classical","norm",NA,1000,1000,314
0.15,0.3,0.5,0.3,0,0,0,0,0,1,0.045,0,0.045,1,0.075,"NoV",0.374768357048561,0.035302550722726,1,0.368099192334238,0.035049761942664,1,0.146663429767496,0.0350615638779264,0.988,0.374826257977028,0.0353209313104997,1,-0.000221468804596249,0.0353216257406577,0.04,0.368162158384203,0.03506767757462,1,0.146746895764641,0.0350804919351961,0.987,-0.000562887008163544,0.0350336572098088,0.039,0.0355509001540586,0.0355084847878357,0.0354957774102165,0.0356715387506725,0.0347902440298718,0.0356309038854587,0.0354758261631259,0.034789409515757,0.0747683570485613,0.068099192334238,0.0748262579770285,0.0681621583842029,"sim","classical","norm",NA,1000,1000,314
0.15,0.5,0.5,0.3,0,0,0,0,0,1,0.075,0,0.075,1,0.075,"NoV",0.377488761640506,0.0352634933513845,1,0.358746803090406,0.0345205310211512,1,0.24563162380033,0.0345572312851878,1,0.37750562405168,0.0352817624213234,1,-0.000859154677172089,0.0353181996584424,0.056,0.358778631500455,0.034538223886179,1,0.245638025375609,0.0345760167371329,1,-0.000866508490587249,0.0344733648118754,0.052,0.034547207953801,0.0335767339210193,0.0350359655316832,0.0346908022908942,0.0344269635265407,0.033695655707599,0.0351017074844127,0.0336302362112254,0.0774887616405059,0.0587468030904063,0.07750562405168,0.0587786315004545,"sim","classical","norm",NA,1000,1000,314
0.15,0.7,0.5,0.3,0,0,0,0,0,1,0.105,0,0.105,1,0.075,"NoV",0.373721199642062,0.0353372778087188,1,0.337453505432704,0.0338190910440111,1,0.345506365734434,0.0337616879801684,1,0.373746832091363,0.035355202337506,1,-0.00149022503448454,0.0353262414032262,0.054,0.337471486519875,0.0338361039386428,1,0.345528416170855,0.0337785015155715,1,-0.00146299878213906,0.0336225482676291,0.055,0.035821838557915,0.0340998150663455,0.034378031180549,0.0358281053263464,0.0353681985002917,0.034091326869397,0.03436644851885,0.0338516594411715,0.0737211996420619,0.037453505432704,0.0737468320913627,0.0374714865198747,"sim","classical","norm",NA,1000,1000,314
0.15,0.9,0.5,0.3,0,0,0,0,0,1,0.135,0,0.135,1,0.075,"NoV",0.375625953142277,0.0353146666836679,1,0.3144429666293,0.032710402030642,1,0.449185903911978,0.0327368382607908,1,0.375585416690282,0.035331364559906,1,0.000941738848627286,0.0353140312049994,0.042,0.314394187629378,0.032725883908743,1,0.449189116837381,0.0327527225827192,1,0.000929214759047198,0.0324046355385936,0.053,0.0354590831339371,0.0328103984513546,0.0332707657438163,0.0355312882138285,0.0353822748701734,0.0328682704304759,0.0333398440771311,0.0326308014197102,0.0756259531422769,0.0144429666292998,0.0755854166902818,0.0143941876293778,"sim","classical","norm",NA,1000,1000,314
0.2,0.1,0.5,0.3,0,0,0,0,0,1,0.02,0,0.02,1,0.1,"NoV",0.401253543332253,0.0352078460219471,1,0.400221997090751,0.035196229107652,1,0.0503024689186727,0.0352469984145775,0.3,0.401197728754748,0.0352251861282865,1,-0.00132404668048065,0.0352302890198557,0.049,0.400166369625848,0.0352136701592351,1,0.0502740100218621,0.0352632313609113,0.296,-0.0012464473571974,0.0352095230737407,0.046,0.0347281272237019,0.0347230530028169,0.0368482410097839,0.034742788173791,0.0357468540930157,0.0347383840524157,0.0368230348730598,0.0356438348328551,0.101253543332253,0.100221997090751,0.101197728754748,0.100166369625848,"sim","classical","norm",NA,1000,1000,314
0.2,0.3,0.5,0.3,0,0,0,0,0,1,0.06,0,0.06,1,0.1,"NoV",0.400256627958238,0.0352471945082603,1,0.391544274761602,0.0350390745612016,1,0.143823748499057,0.0350740401228672,0.987,0.400273581372464,0.0352635792468166,1,0.00120807069036783,0.0352683563093718,0.051,0.391565222355503,0.0350555027700809,1,0.143792411628588,0.0350931197186413,0.986,0.00119404332294941,0.0349936370645192,0.052,0.0320475606192324,0.0317906379118391,0.0341589371215335,0.032060132562696,0.0345272349600997,0.0317933695469649,0.0341528202072359,0.0340944088637853,0.100256627958238,0.0915442747616016,0.100273581372464,0.091565222355503,"sim","classical","norm",NA,1000,1000,314
0.2,0.5,0.5,0.3,0,0,0,0,0,1,0.1,0,0.1,1,0.1,"NoV",0.398260004177588,0.0352488339081016,1,0.373471471763245,0.0346111372338683,1,0.242145602733116,0.0345903911945349,1,0.398276812500544,0.0352674389665255,1,-0.00156706751652565,0.0352496037991592,0.0450000000000001,0.373493062916759,0.0346293308682265,1,0.24216107964808,0.0346085850321342,1,-0.00154041614135132,0.0344309073784725,0.052,0.0350316289415184,0.0346775761883422,0.0355336513545667,0.0350741640117785,0.035063049507752,0.034709866476714,0.0354676586742069,0.034224107561982,0.0982600041775879,0.073471471763245,0.0982768125005441,0.0734930629167589,"sim","classical","norm",NA,1000,1000,314
0.2,0.7,0.5,0.3,0,0,0,0,0,1,0.14,0,0.14,1,0.1,"NoV",0.400288120635421,0.035276733038245,1,0.352187895436138,0.0339448686338573,1,0.343181289580122,0.0339173947641962,1,0.400251045894577,0.0352938622981548,1,0.000264096261656844,0.0352345114641313,0.048,0.35214834658814,0.0339613477540057,1,0.343184060968207,0.033934005766561,1,0.000205568021221619,0.0335690063784835,0.049,0.0354545337594812,0.0334821235247214,0.0348586841450321,0.0354769821662086,0.0358336290083838,0.0335241964647572,0.0348726946381114,0.0342359825218951,0.100288120635421,0.0521878954361381,0.100251045894577,0.05214834658814,"sim","classical","norm",NA,1000,1000,314
0.2,0.9,0.5,0.3,0,0,0,0,0,1,0.18,0,0.18,1,0.1,"NoV",0.399803556068143,0.0352553631024679,1,0.319282032383761,0.0329547174242593,1,0.446232332881518,0.0329347123682972,1,0.399814317561139,0.0352733340869439,1,-0.000488160905728933,0.0352984617125077,0.0589999999999999,0.319286523169808,0.032971603558023,1,0.44624310316044,0.0329521125186832,1,0.00022418610739527,0.032455527598325,0.053,0.0347949988404373,0.0319874517473016,0.0331078907852413,0.0348413344808061,0.035259146770693,0.0320261177280764,0.0331591605393763,0.0324604966459129,0.0998035560681427,0.0192820323837612,0.0998143175611388,0.0192865231698081,"sim","classical","norm",NA,1000,1000,314
0.25,0.1,0.5,0.3,0,0,0,0,0,1,0.025,0,0.025,1,0.125,"NoV",0.424773218216002,0.0351199203601532,1,0.42355837468931,0.0351185117287865,1,0.0464734960104262,0.0351402720115382,0.259,0.424772655867033,0.0351360090353277,1,0.000917947502424382,0.0351422854891428,0.063,0.423562301071479,0.035134585718016,1,0.0464050659972209,0.0351569492757799,0.261,0.000903807294373334,0.0351302342341788,0.063,0.0351074042579112,0.0351435269922396,0.0342159117766684,0.0351260221103895,0.0363832325167354,0.0351587144119491,0.0342455486696424,0.0362966752579916,0.124773218216002,0.12355837468931,0.124772655867033,0.123562301071479,"sim","classical","norm",NA,1000,1000,314
0.25,0.3,0.5,0.3,0,0,0,0,0,1,0.075,0,0.075,1,0.125,"NoV",0.422862129510534,0.0352514039125947,1,0.41220205503946,0.0350788687756329,1,0.142413615908384,0.0350585404064046,0.983,0.422777858502833,0.035269548261305,1,0.00131338087667012,0.0352512355733177,0.047,0.412125926459236,0.0350969466746277,1,0.142390444275343,0.0350787365222157,0.982,0.00137661273891764,0.0349824557990351,0.042,0.0347735783745657,0.0345602135358031,0.0353937192711298,0.0347201768735157,0.0345530268447073,0.0345148704503891,0.0354201898379417,0.0341582888000947,0.122862129510534,0.112202055039461,0.122777858502833,0.112125926459236,"sim","classical","norm",NA,1000,1000,314
0.25,0.5,0.5,0.3,0,0,0,0,0,1,0.125,0,0.125,1,0.125,"NoV",0.425503755406314,0.035142267914714,1,0.395808112246496,0.0346304227399731,1,0.237958962117997,0.0346955086435943,1,0.425509919255017,0.0351593868960323,1,-0.00287070151919545,0.0351807408722191,0.049,0.395817209288085,0.0346475113033517,1,0.237943278095331,0.0347137215507214,1,-0.00290297810426634,0.0343973840724543,0.0500000000000001,0.0347036670315298,0.0339303169069869,0.0345937174488985,0.0347767496470556,0.0354482360845326,0.0340024755226567,0.0345807397007714,0.0344567951976355,0.125503755406314,0.0958081122464956,0.125509919255017,0.0958172092880845,"sim","classical","norm",NA,1000,1000,314
0.25,0.7,0.5,0.3,0,0,0,0,0,1,0.175,0,0.175,1,0.125,"NoV",0.424400744677734,0.035163591955334,1,0.365108142396763,0.0340806400722387,1,0.339431082687432,0.0341041520062363,1,0.424342351957209,0.0351812040986468,1,-0.00228948767731736,0.0351888682367221,0.038,0.365061068816948,0.0340974191114053,1,0.339448086987557,0.0341221911026493,1,-0.00253663017648445,0.0335787430873801,0.041,0.034196590689637,0.0334325193872652,0.0344966063782764,0.0342120901712811,0.0349044715048534,0.0334341983561686,0.0345107261362134,0.0333889031818821,0.124400744677734,0.0651081423967632,0.124342351957209,0.0650610688169485,"sim","classical","norm",NA,1000,1000,314
0.25,0.9,0.5,0.3,0,0,0,0,0,1,0.225,0,0.225,1,0.125,"NoV",0.424965720404593,0.035182506827047,1,0.324708193662634,0.0332460709526878,1,0.445824723644813,0.0332242042036856,1,0.424964075713336,0.0351997301975901,1,0.000151133753643046,0.0351690409898437,0.052,0.324726966113273,0.033262374292464,1,0.445791088918838,0.0332398650510893,1,0.000487279461862838,0.0323841733565164,0.0509999999999999,0.0343970618468523,0.0330583223648248,0.032728721048494,0.0344299910106926,0.0362675394427318,0.0330745108130808,0.0326991004247128,0.0331308115585561,0.124965720404593,0.0247081936626345,0.124964075713336,0.0247269661132727,"sim","classical","norm",NA,1000,1000,314
0.3,0.1,0.5,0.3,0,0,0,0,0,1,0.03,0,0.03,1,0.15,"NoV",0.450099159007291,0.0350610879344083,1,0.448716200390031,0.0350644623305339,1,0.0461511563181494,0.0350622479403586,0.245,0.450100321113593,0.0350796319102092,1,0.000908245031589133,0.0350224994529791,0.04,0.448713895039719,0.0350830624599073,1,0.0461752305458071,0.0350815990352064,0.248,0.00088843601623155,0.0350101457120679,0.039,0.0349224453563869,0.0350690612255112,0.0343592624160504,0.0349205059641293,0.0332587353431979,0.0350687407455189,0.0343792759457914,0.0332730310652795,0.150099159007291,0.148716200390031,0.150100321113593,0.148713895039719,"sim","classical","norm",NA,1000,1000,314
0.3,0.3,0.5,0.3,0,0,0,0,0,1,0.09,0,0.09,1,0.15,"NoV",0.44948804664743,0.0351116876150436,1,0.437156036797007,0.0349992950483598,1,0.13787336579326,0.034925629333238,0.982,0.44950147886209,0.035130218428214,1,-0.000879321312482687,0.0350755732972677,0.049,0.437173259091756,0.0350177452257398,1,0.137862187624266,0.0349428445321056,0.98,-0.000840480259517905,0.0348219391807087,0.045,0.0364206888865979,0.0361326276825801,0.0342663164993859,0.0364172429154308,0.0342285005145739,0.0361229934336141,0.0342499007112847,0.0339059736818921,0.14948804664743,0.137156036797007,0.149501478862091,0.137173259091756,"sim","classical","norm",NA,1000,1000,314
0.3,0.5,0.5,0.3,0,0,0,0,0,1,0.15,0,0.15,1,0.15,"NoV",0.449528388524847,0.0351000316246907,1,0.414828075470967,0.0347371465382937,1,0.23282053033517,0.0347118478278893,1,0.449507741725782,0.0351147395754004,1,-0.00092106302811312,0.0351164804600045,0.062,0.414808379167455,0.0347517112575171,1,0.232814595482471,0.0347288113711143,1,-0.00108509665931068,0.0343674932595119,0.058,0.0351921020938217,0.034433856336162,0.0353857610945862,0.0352338096946528,0.0364331553597792,0.0344675063443802,0.0354709878976879,0.0356806831813308,0.149528388524847,0.114828075470967,0.149507741725782,0.114808379167455,"sim","classical","norm",NA,1000,1000,314
0.3,0.7,0.5,0.3,0,0,0,0,0,1,0.21,0,0.21,1,0.15,"NoV",0.450070056254877,0.0351077370868089,1,0.379228415032755,0.0343422156065758,1,0.334005491688468,0.0342799262182181,1,0.450001968403619,0.0351244284549301,1,0.000127819064637521,0.0351087118378867,0.0580000000000001,0.379163040538923,0.0343584751676368,1,0.334020378145892,0.0342981395515853,1,0.000338021669832438,0.0335664274184159,0.053,0.0350921800471717,0.0346599312972152,0.0342588308056489,0.035132467186628,0.0352684682713984,0.0346872235288956,0.0342590064601234,0.0337675190407521,0.150070056254877,0.0792284150327551,0.150001968403619,0.0791630405389231,"sim","classical","norm",NA,1000,1000,314
0.3,0.9,0.5,0.3,0,0,0,0,0,1,0.27,0,0.27,1,0.15,"NoV",0.450089090593584,0.0350575773072821,1,0.33113732291166,0.0336335622421993,1,0.441104088458873,0.0336152626744438,1,0.450136367736076,0.0350753861066292,1,-0.000864580504259363,0.0350508198509505,0.05,0.331185754214087,0.0336505239752343,1,0.441104741571157,0.033631412151625,1,-0.000847026123540643,0.0323820061272939,0.041,0.0356030051752292,0.0343755880462193,0.0345217049979507,0.0355523168003143,0.0355041185222825,0.0343032023467843,0.0344938162211366,0.0328771351113568,0.150089090593584,0.0311373229116603,0.150136367736076,0.0311857542140868,"sim","classical","norm",NA,1000,1000,314
0.35,0.1,0.5,0.3,0,0,0,0,0,1,0.035,0,0.035,1,0.175,"NoV",0.474147519352403,0.0349390265552743,1,0.472544550057223,0.0349498143033333,1,0.0453620222681441,0.0349607621945636,0.25,0.474172297384876,0.034955396707391,1,-0.000388430038616436,0.0350140837688738,0.0509999999999999,0.472572205835015,0.0349662472222833,1,0.0453373346236679,0.0349784417289536,0.252,-0.000384626814934642,0.0350034891260253,0.053,0.034616915794709,0.0346481518040229,0.0338447454586103,0.0346046313460764,0.0352074077336368,0.0346374807075637,0.0338592930934339,0.0351694038932744,0.174147519352403,0.172544550057223,0.174172297384876,0.172572205835015,"sim","classical","norm",NA,1000,1000,314
0.35,0.3,0.5,0.3,0,0,0,0,0,1,0.105,0,0.105,1,0.175,"NoV",0.474955684990317,0.0349252241165456,1,0.460998031256515,0.0348867252247678,1,0.132155236703314,0.0348967173492866,0.967,0.474988210823174,0.0349399630541268,1,-3.26903835489577e-05,0.0349718817320426,0.064,0.46103708029028,0.0349013353812976,1,0.132146415326679,0.0349117346608189,0.967,-0.000112359406156703,0.0347398202432219,0.068,0.0351194118013141,0.0349109011955715,0.0346084575912727,0.0352105377362476,0.0368854283154627,0.0350069671454438,0.0346281271360247,0.0366484748228026,0.174955684990317,0.160998031256515,0.174988210823174,0.16103708029028,"sim","classical","norm",NA,1000,1000,314
0.35,0.5,0.5,0.3,0,0,0,0,0,1,0.175,0,0.175,1,0.175,"NoV",0.475169419673681,0.0349521281854741,1,0.435510567637614,0.0347968630155995,1,0.225679435186215,0.0348214951436688,1,0.475170787248409,0.034970279100936,1,-0.000240590502974754,0.0349678723785508,0.0349999999999999,0.435502026063568,0.0348144766777172,1,0.225757379779894,0.0348402049682349,1,-0.000145614385743123,0.0342696942552135,0.044,0.0336907672592775,0.0337840450863234,0.0358042701308162,0.0336959729422615,0.0338911140932092,0.0338001231366147,0.0358341632847971,0.0336544838661576,0.175169419673681,0.135510567637614,0.175170787248409,0.135502026063568,"sim","classical","norm",NA,1000,1000,314
0.35,0.7,0.5,0.3,0,0,0,0,0,1,0.245,0,0.245,1,0.175,"NoV",0.475143739176225,0.0350104365587663,1,0.395042406094744,0.0346052645820081,1,0.327354079031039,0.0345971922836406,1,0.475176571980949,0.0350280470016458,1,0.000166432145799443,0.0350311306471696,0.043,0.395075438197234,0.034622956423527,1,0.327336449011581,0.0346150768371425,1,0.000652228888330849,0.0335713700323299,0.04,0.0341104010076232,0.0336285400891818,0.0360822525392819,0.0340990056066624,0.0338089333650458,0.0336090718253583,0.0360997483837767,0.0321978448816433,0.175143739176225,0.0950424060947445,0.175176571980949,0.0950754381972338,"sim","classical","norm",NA,1000,1000,314
0.35,0.9,0.5,0.3,0,0,0,0,0,1,0.315,0,0.315,1,0.175,"NoV",0.474473954848367,0.0349214160271924,1,0.336997965745435,0.034115935110321,1,0.437127713718478,0.0341635023137908,1,0.474502934090302,0.0349378174232308,1,0.000418144280003922,0.0349649829433877,0.056,0.337036004957713,0.0341330902804451,1,0.437072522254211,0.0341811531754693,1,0.000704632897945806,0.0324225217640609,0.057,0.0348030012669652,0.0349849106954247,0.0349757328359094,0.0347628738728581,0.0366708711854545,0.03499014231757,0.0349460243960764,0.0332973780357397,0.174473954848367,0.036997965745435,0.174502934090302,0.0370360049577126,"sim","classical","norm",NA,1000,1000,314
0.4,0.1,0.5,0.3,0,0,0,0,0,1,0.04,0,0.04,1,0.2,"NoV",0.500950314775235,0.0348620193867698,1,0.499257900230052,0.0348853256051478,1,0.0414562698127263,0.0348362385403926,0.22,0.500929897899684,0.034880385958462,1,-0.000280897059566769,0.0348419847814371,0.061,0.499236908479812,0.0349037071152639,1,0.0414807628096673,0.0348530102202482,0.22,-0.000184838227580454,0.0348350299258026,0.06,0.0336343858869193,0.0337210132958177,0.034235116206109,0.0337177011847454,0.0352317602675945,0.033807764442089,0.0342481775174915,0.0352556686339063,0.200950314775235,0.199257900230052,0.200929897899684,0.199236908479812,"sim","classical","norm",NA,1000,1000,314
0.4,0.3,0.5,0.3,0,0,0,0,0,1,0.12,0,0.12,1,0.2,"NoV",0.499707979314126,0.0348245547283368,1,0.48426588993612,0.0348663708602654,1,0.127452511937913,0.0348345253317275,0.953,0.499684094846744,0.0348412179581076,1,-0.000869352084657213,0.0348894688458268,0.0589999999999999,0.484243532163144,0.0348829038203748,1,0.127476845075115,0.0348516304685893,0.952,-0.00088091469672033,0.034675722414975,0.0619999999999999,0.0344894878314697,0.0345372200788756,0.0352740957853113,0.0344987834917446,0.03597357706714,0.0345497507461399,0.035254761578839,0.035809064201464,0.199707979314126,0.184265889936121,0.199684094846744,0.184243532163144,"sim","classical","norm",NA,1000,1000,314
0.4,0.5,0.5,0.3,0,0,0,0,0,1,0.2,0,0.2,1,0.2,"NoV",0.500013962233211,0.0347971829710503,1,0.456426893073297,0.0348612430169421,1,0.217770030877052,0.0348586604755047,1,0.500036655895464,0.0348146022357305,1,0.000828914465863712,0.0348032705166529,0.055,0.456452866517727,0.0348789201398287,1,0.217736532459858,0.0348760060298835,1,0.000616651178828148,0.0341602372238849,0.0589999999999999,0.0358258510716844,0.0358557101426989,0.0332258206817479,0.0358469607240857,0.0352831440062754,0.0358616971014558,0.0332432460539318,0.0344593995035537,0.200013962233211,0.156426893073297,0.200036655895464,0.156452866517727,"sim","classical","norm",NA,1000,1000,314
0.4,0.7,0.5,0.3,0,0,0,0,0,1,0.28,0,0.28,1,0.2,"NoV",0.500733733621404,0.0348707402137159,1,0.410818603201593,0.0348800559395132,1,0.321619240917067,0.0348664246933297,1,0.500708651868658,0.0348877277596969,1,-0.00242826646050542,0.0348511898356263,0.06,0.410801689661118,0.0348973531332688,1,0.321587620077263,0.0348843889822384,1,-0.002017233222906,0.033471509021964,0.0500000000000001,0.035936415104936,0.036061439658985,0.0341368756935092,0.0359146236461943,0.0353181192477509,0.0360475314971157,0.0341162866571097,0.033580553474349,0.200733733621404,0.110818603201593,0.200708651868658,0.110801689661118,"sim","classical","norm",NA,1000,1000,314
0.4,0.9,0.5,0.3,0,0,0,0,0,1,0.36,0,0.36,1,0.2,"NoV",0.501754482300078,0.0348351216661516,1,0.345806470940137,0.0347567643971888,1,0.432004314544086,0.0346978870070472,1,0.50172041175154,0.0348524105862073,1,0.000788101136507648,0.034845931090388,0.0509999999999999,0.345790518979938,0.034772728276685,1,0.432030415834705,0.0347140557110238,1,0.000509370617866193,0.0324324715305322,0.053,0.0355980157857449,0.0352342596786339,0.0350868430307349,0.0356356622862165,0.0358945262967417,0.0352851166804427,0.0352185840989734,0.0338661026426685,0.201754482300078,0.0458064709401371,0.20172041175154,0.0457905189799383,"sim","classical","norm",NA,1000,1000,314
0.45,0.1,0.5,0.3,0,0,0,0,0,1,0.045,0,0.045,1,0.225,"NoV",0.525444112429904,0.0346250281968326,1,0.523703249175103,0.0346533075054911,1,0.0395643064822456,0.034688446736533,0.209,0.525395982393125,0.0346404928589193,1,-9.4094571868139e-06,0.0347081066672079,0.064,0.523652642603003,0.0346688006048366,1,0.0395837314654153,0.0347061299059079,0.21,-2.43112369028636e-05,0.0347036747621065,0.064,0.0342101949570172,0.0342552076422985,0.0354838318046801,0.0342138115937803,0.0358277397718592,0.0342596764004003,0.0354595321143828,0.0358037767029785,0.225444112429904,0.223703249175103,0.225395982393125,0.223652642603003,"sim","classical","norm",NA,1000,1000,314
0.45,0.3,0.5,0.3,0,0,0,0,0,1,0.135,0,0.135,1,0.225,"NoV",0.523552529480354,0.0346559549763657,1,0.507282578264914,0.0347867826258445,1,0.12035104320942,0.0347929045850435,0.938,0.523515434040641,0.0346722522189399,1,-8.73085619329245e-05,0.0346689277328626,0.055,0.507247889414506,0.0348033528654543,1,0.120322753713117,0.0348104119864536,0.941,-8.41093569474755e-05,0.0344807432001374,0.053,0.0344340263035642,0.0344463923711654,0.0348075171528423,0.034430367902741,0.0350455860189711,0.03444239177466,0.0347802527237088,0.034724623156143,0.223552529480354,0.207282578264914,0.223515434040641,0.207247889414506,"sim","classical","norm",NA,1000,1000,314
0.45,0.5,0.5,0.3,0,0,0,0,0,1,0.225,0,0.225,1,0.225,"NoV",0.525678710742114,0.0346608140114534,1,0.478332660121739,0.0349684554934762,1,0.209856710584804,0.0349467788557475,1,0.525621518465626,0.0346771470197628,1,0.000606538835777616,0.0346761825147542,0.059,0.478282718361653,0.0349846268603562,1,0.209873216087944,0.0349643260778164,1,0.000589188576757717,0.034083010644526,0.055,0.0342445616338731,0.0342032357813979,0.0353055076011589,0.0342296459943294,0.0353498003900713,0.0342086310300898,0.0353224450605769,0.034825845810152,0.225678710742114,0.178332660121739,0.225621518465626,0.178282718361653,"sim","classical","norm",NA,1000,1000,314
0.45,0.7,0.5,0.3,0,0,0,0,0,1,0.315,0,0.315,1,0.225,"NoV",0.523793718621756,0.0346691772977163,1,0.426120659548247,0.0352130075653105,1,0.310254630652915,0.0352741542094367,1,0.523788533028758,0.0346871719118163,1,9.44474383694837e-05,0.0346984875690932,0.067,0.42614907676235,0.0352313691098136,1,0.310186223737231,0.0352919945528717,1,-0.000327852512925051,0.0334421283214687,0.062,0.0350846990782324,0.0358973129238672,0.0362134713880782,0.0351151931887776,0.0349523066736547,0.0359100995647171,0.0362661129538254,0.033169264660891,0.223793718621756,0.126120659548247,0.223788533028758,0.12614907676235,"sim","classical","norm",NA,1000,1000,314
0.45,0.9,0.5,0.3,0,0,0,0,0,1,0.405,0,0.405,1,0.225,"NoV",0.526389150464834,0.0346628034463809,1,0.352641519918774,0.0354240786152361,1,0.428651667903265,0.0354392764337628,1,0.526370145699173,0.0346799078432245,1,0.000571525309790562,0.034681784777661,0.052,0.352608213476741,0.0354427278463358,1,0.428629638171393,0.0354579151045054,1,0.000880396469272541,0.0324034252566501,0.0460000000000001,0.0355877316227861,0.037202402390931,0.0368152464053411,0.0355970368756363,0.0349894719152831,0.0372477336020794,0.0368055057421336,0.0323105178710013,0.226389150464834,0.0526415199187737,0.226370145699173,0.0526082134767408,"sim","classical","norm",NA,1000,1000,314
0.5,0.1,0.5,0.3,0,0,0,0,0,1,0.05,0,0.05,1,0.25,"NoV",0.54995585533732,0.0344488769211047,1,0.548271500591669,0.0344899705926799,1,0.0352322651335566,0.0345561106675297,0.18,0.549859069679168,0.0344667577376152,1,0.000418452494077978,0.034515313945104,0.0440000000000001,0.548172651959956,0.0345078728873313,1,0.0352521460746571,0.0345743458265694,0.178,0.000449472333064443,0.0345156386177929,0.0450000000000001,0.0341287226762109,0.0340787961468801,0.0341378786067727,0.0341408052837252,0.0341611646322573,0.0340891455436643,0.0341975571898752,0.0342261139067707,0.24995585533732,0.248271500591669,0.249859069679168,0.248172651959956,"sim","classical","norm",NA,1000,1000,314
0.5,0.3,0.5,0.3,0,0,0,0,0,1,0.15,0,0.15,1,0.25,"NoV",0.550550467472203,0.0344982073982523,1,0.533196934460024,0.0347104327239957,1,0.116601241164139,0.0347722532667971,0.931,0.550530771373604,0.0345169809610804,1,-0.000769199857441148,0.0345539724373648,0.058,0.533171458391121,0.0347296088248541,1,0.116602485237295,0.0347900946016088,0.93,-0.00108765474236612,0.0343795947691791,0.056,0.0351113289062585,0.0350692194900245,0.0334889352094684,0.0351503840231719,0.0346620218646715,0.0351056867608674,0.0334950183490434,0.0344643294498128,0.250550467472203,0.233196934460024,0.250530771373604,0.233171458391121,"sim","classical","norm",NA,1000,1000,314
0.5,0.5,0.5,0.3,0,0,0,0,0,1,0.25,0,0.25,1,0.25,"NoV",0.55074989031968,0.0345251253059209,1,0.500131286876285,0.0350998538915108,1,0.202506467675468,0.0351284188573838,1,0.550715264535731,0.0345424980885179,1,0.000881956335279338,0.034519478136982,0.054,0.500086271680184,0.0351174063694966,1,0.202538717057838,0.0351455112610189,1,0.000967538812731814,0.0339762664461761,0.058,0.0339625788729323,0.0345508331784768,0.0339799149281727,0.0339446205150872,0.0353595093125915,0.0345122552847758,0.0339924705898974,0.0349727781625852,0.25074989031968,0.200131286876286,0.250715264535731,0.200086271680185,"sim","classical","norm",NA,1000,1000,314
0.5,0.7,0.5,0.3,0,0,0,0,0,1,0.35,0,0.35,1,0.25,"NoV",0.546870811242377,0.0344794039447745,1,0.442080740736891,0.0355760914889576,1,0.299871936222382,0.0355821171072226,1,0.546850687501059,0.0344983657055583,1,-0.000229288235085107,0.0344580932123052,0.056,0.44208390336078,0.0355951729765676,1,0.299845313689623,0.0356005108319569,1,0.000165496499883167,0.0333109680283191,0.052,0.0346189546989483,0.0356804369435552,0.0349401871238816,0.0346118006719686,0.0344806123548689,0.03567087663792,0.0348903693528594,0.033050521379528,0.246870811242377,0.142080740736891,0.246850687501059,0.14208390336078,"sim","classical","norm",NA,1000,1000,314
0.5,0.9,0.5,0.3,0,0,0,0,0,1,0.45,0,0.45,1,0.25,"NoV",0.549523919847638,0.0344951278476551,1,0.359876494948809,0.0362366329158219,1,0.422432910736556,0.0362492947825641,1,0.549501168091912,0.0345133193923105,1,0.00192508027208989,0.0345104205449215,0.053,0.359863378954222,0.0362561955150551,1,0.422386807277955,0.0362668068676682,1,0.00143086720004462,0.0323908573023301,0.044,0.0335552356170576,0.0352332876842002,0.0355474121863487,0.0335222689843301,0.0341576726842198,0.0352101761332269,0.0355507388276728,0.0316944580676429,0.249523919847638,0.0598764949488094,0.249501168091912,0.059863378954222,"sim","classical","norm",NA,1000,1000,314
0.55,0.1,0.5,0.3,0,0,0,0,0,1,0.055,0,0.055,1,0.275,"NoV",0.574152416188354,0.0343352245226347,1,0.572271869180433,0.0343873014101909,1,0.0337853127169301,0.0343438738019806,0.169,0.574097277020483,0.0343536270907525,1,-0.00124699215254491,0.0343557482038474,0.0420000000000001,0.572213311227377,0.0344057730457947,1,0.033859211200311,0.0343614973757646,0.172,-0.00128149041993406,0.0343557272267752,0.0429999999999999,0.0324767241872736,0.0324546492735702,0.034884281170432,0.0325016765313167,0.033884888533207,0.0324829871509741,0.03491153459533,0.0339702403489383,0.274152416188354,0.272271869180433,0.274097277020483,0.272213311227377,"sim","classical","norm",NA,1000,1000,314
0.55,0.3,0.5,0.3,0,0,0,0,0,1,0.165,0,0.165,1,0.275,"NoV",0.575735060605269,0.034251926651449,1,0.558418569503817,0.0345740736321832,1,0.106348947545194,0.0345991621798923,0.864,0.575746295745834,0.0342668106300207,1,-0.00230702503101879,0.0342253439845609,0.066,0.558435444894017,0.0345894460104706,1,0.106280639689254,0.0346145138528421,0.862,-0.0024664637236246,0.0340825912202273,0.061,0.0343879150147139,0.0347991828848632,0.0332558272504084,0.0344089292989769,0.0362444170565905,0.0348151142809175,0.0333232019107711,0.0359488186343372,0.275735060605269,0.258418569503817,0.275746295745834,0.258435444894017,"sim","classical","norm",NA,1000,1000,314
0.55,0.5,0.5,0.3,0,0,0,0,0,1,0.275,0,0.275,1,0.275,"NoV",0.573438986806364,0.0343571619102117,1,0.521696188206092,0.0352328295281153,1,0.188974493336036,0.035220241997458,0.998,0.573427109932329,0.0343714566427925,1,-0.00111562242211712,0.0342832173823127,0.065,0.521682875482153,0.0352473887047034,1,0.188991753950711,0.0352361285397045,0.998,-0.00109648990748065,0.0338145618402794,0.062,0.0347535408662327,0.0355623808604564,0.0358322350262056,0.0347362545231526,0.0353947705416598,0.0355423663932318,0.0358843827238326,0.0350898268803181,0.273438986806364,0.221696188206092,0.273427109932329,0.221682875482153,"sim","classical","norm",NA,1000,1000,314
0.55,0.7,0.5,0.3,0,0,0,0,0,1,0.385,0,0.385,1,0.275,"NoV",0.575193445217852,0.034256539337319,1,0.464896363604302,0.0360462973201395,1,0.285551139764779,0.0360626981128247,1,0.575236389993996,0.0342726046796109,1,0.00021757423311688,0.0342960449493304,0.045,0.464939541331258,0.0360629326798172,1,0.285562581722505,0.0360803901008078,1,0.000307926553981956,0.0332840015729695,0.05,0.0348632566784391,0.036705153410619,0.035299434797769,0.0348817803937234,0.0348948685886087,0.0367325943720997,0.0352642915932621,0.0339245121283088,0.275193445217852,0.164896363604302,0.275236389993996,0.164939541331258,"sim","classical","norm",NA,1000,1000,314
0.55,0.9,0.5,0.3,0,0,0,0,0,1,0.495,0,0.495,1,0.275,"NoV",0.576019355483092,0.0342457062257638,1,0.370618242919244,0.0372091692541925,1,0.414533988501735,0.0372353251922101,1,0.576055401418891,0.0342626734259123,1,0.00026737121266995,0.0343108632509938,0.033,0.370660502773737,0.0372271865932276,1,0.414523501457599,0.0372529918152989,1,0.000156113038470692,0.0323736396237951,0.043,0.034718449476603,0.0372035100257082,0.0360014291074806,0.0347406678895624,0.0339035133354116,0.0372315179320526,0.0360632693689097,0.0320014624016295,0.276019355483092,0.0706182429192441,0.276055401418891,0.0706605027737367,"sim","classical","norm",NA,1000,1000,314
0.6,0.1,0.5,0.3,0,0,0,0,0,1,0.06,0,0.06,1,0.3,"NoV",0.600554401880218,0.034099520261617,1,0.598800238177177,0.0341642704911542,1,0.0299082044325381,0.0341931098751042,0.157,0.600527980487438,0.0341175128852946,1,-0.000796329152933201,0.0341354523359998,0.049,0.598778073174783,0.0341822966458696,1,0.0298512613425787,0.0342097695862617,0.154,-0.000800022647479696,0.0341375543567309,0.046,0.0337875269748615,0.0338834879847461,0.0355450494464871,0.0338203573563049,0.0340562410898447,0.0339143734941447,0.0355201037004763,0.0339667200238763,0.300554401880218,0.298800238177177,0.300527980487438,0.298778073174783,"sim","classical","norm",NA,1000,1000,314
0.6,0.3,0.5,0.3,0,0,0,0,0,1,0.18,0,0.18,1,0.3,"NoV",0.599819226080416,0.0340886192832131,1,0.581869430121778,0.0345263751862616,1,0.099768339594319,0.034504774048319,0.825,0.599817199077873,0.0341064949006538,1,0.000449936320783359,0.0341403888111416,0.049,0.581867340707177,0.03454451785745,1,0.0997697946529673,0.034521878669781,0.826,0.000457739177721017,0.0340148774902353,0.048,0.0351119439868228,0.0355297097440581,0.0344866964822828,0.0351484568161382,0.0340794177582196,0.0355604655859806,0.0344920695260666,0.0339492346161336,0.299819226080416,0.281869430121778,0.299817199077873,0.281867340707177,"sim","classical","norm",NA,1000,1000,314
0.6,0.5,0.5,0.3,0,0,0,0,0,1,0.3,0,0.3,1,0.3,"NoV",0.599346698383656,0.0340714071876921,1,0.546215539148467,0.0353108970945721,1,0.176118161632621,0.0353022722961828,0.999,0.599336663633885,0.0340894467670182,1,0.00192491499699176,0.0340567300657974,0.047,0.546200641135459,0.0353298431781541,1,0.17612522480563,0.0353206182036011,0.999,0.00187845874669017,0.0336554107081878,0.042,0.0341414143135688,0.035645329836794,0.0351308484322981,0.0341765536529577,0.0325222355596574,0.0356623379501081,0.035170284607044,0.0321567684368241,0.299346698383656,0.246215539148467,0.299336663633885,0.246200641135459,"sim","classical","norm",NA,1000,1000,314
0.6,0.7,0.5,0.3,0,0,0,0,0,1,0.42,0,0.42,1,0.3,"NoV",0.599387864856535,0.0340838337891469,1,0.48469558846739,0.0365768091169078,1,0.272687690310435,0.0365737888986341,1,0.599419417466046,0.0341000151073571,1,-4.83548928460714e-06,0.0340948087733374,0.058,0.484716547225095,0.036593914457861,1,0.272713591483024,0.0365913774774333,1,-0.000320238251567445,0.0331994728964988,0.066,0.0336629953652171,0.0358217485965633,0.0362340599462835,0.033640859908077,0.0350274936328018,0.0358385552923219,0.0361977890252999,0.0342563496898827,0.299387864856535,0.184695588467391,0.299419417466046,0.184716547225095,"sim","classical","norm",NA,1000,1000,314
0.6,0.9,0.5,0.3,0,0,0,0,0,1,0.54,0,0.54,1,0.3,"NoV",0.599193323886839,0.0340760229554254,1,0.37992513958528,0.0384419534088336,1,0.405205332162336,0.0384194840249869,1,0.599177451553394,0.0340933540145396,1,-0.000419024733409985,0.0340532092155414,0.0500000000000001,0.37991709519549,0.0384595449741137,1,0.405234325056068,0.0384375292532775,1,-0.000255253239556716,0.0323143796098939,0.04,0.0349942423519929,0.0387625583825982,0.0373615294638226,0.0350533966605234,0.0341711505581597,0.0388313078144279,0.0374529420631247,0.03280654883074,0.299193323886839,0.0799251395852796,0.299177451553394,0.0799170951954905,"sim","classical","norm",NA,1000,1000,314
0.65,0.1,0.5,0.3,0,0,0,0,0,1,0.065,0,0.065,1,0.325,"NoV",0.62565858408951,0.0338621446724294,1,0.62389499550521,0.0339379270153032,1,0.0270675922009133,0.0339858572987259,0.114,0.625687043578206,0.0338781687758672,1,-0.000304304962247122,0.0339061683198989,0.051,0.623923917525217,0.0339540369989797,1,0.0270736129541651,0.0340028837757309,0.111,-0.000272477719549491,0.0339140539174834,0.053,0.0342807941237072,0.0343408967779943,0.0330746772266281,0.0343116588671587,0.0346182121954254,0.03437934413687,0.0331095489394841,0.0346445789906679,0.32565858408951,0.32389499550521,0.325687043578206,0.323923917525217,"sim","classical","norm",NA,1000,1000,314
0.65,0.3,0.5,0.3,0,0,0,0,0,1,0.195,0,0.195,1,0.325,"NoV",0.624206356636321,0.0338851112540106,1,0.60680237484544,0.0344471106248648,1,0.0894819056126705,0.0344924302224579,0.733,0.624169236637132,0.0339034844106574,1,-0.00084669124031399,0.0339281415279238,0.035,0.606759292063039,0.0344654544864969,1,0.0895277482091191,0.0345117812995842,0.735,-0.00085809753695818,0.0338324708960868,0.033,0.034309011455182,0.034963579304398,0.0334354855418367,0.0343402983562452,0.0323723372761316,0.0349993548853145,0.0334157122318165,0.0323574483167554,0.324206356636321,0.306802374845441,0.324169236637132,0.306759292063039,"sim","classical","norm",NA,1000,1000,314
0.65,0.5,0.5,0.3,0,0,0,0,0,1,0.325,0,0.325,1,0.325,"NoV",0.624917564613608,0.0338648307242344,1,0.572764637665121,0.0354694729352658,1,0.160306756043483,0.0354594386144081,0.993,0.624899533075086,0.0338810017258852,1,-0.00145748560008381,0.0338811102399498,0.048,0.572730141312678,0.0354865306864783,1,0.160347171376625,0.0354763749646382,0.993,-0.00127315068171679,0.0335561288687424,0.0489999999999999,0.0342085890103196,0.0358630808547667,0.0357361622940388,0.0342383864677717,0.0347480659365014,0.0358763942215194,0.0357624863217317,0.0345820354073504,0.324917564613608,0.272764637665121,0.324899533075086,0.272730141312678,"sim","classical","norm",NA,1000,1000,314
0.65,0.7,0.5,0.3,0,0,0,0,0,1,0.455,0,0.455,1,0.325,"NoV",0.6263519304318,0.0339361466459571,1,0.509765851403559,0.0372209569731577,1,0.256885239649505,0.0372124570277019,1,0.62632704354849,0.0339540388114235,1,0.000585676622220559,0.0339217332586062,0.044,0.509717110817367,0.0372405379934099,1,0.256924425861783,0.0372310436132001,1,0.000173515905269191,0.0331534340105564,0.049,0.0327437459292199,0.0367165227394075,0.0386579049959996,0.0327507488964361,0.033368510705824,0.0367808249468146,0.0387331756573365,0.0329019218092235,0.3263519304318,0.209765851403559,0.32632704354849,0.209717110817367,"sim","classical","norm",NA,1000,1000,314
0.65,0.9,0.5,0.3,0,0,0,0,0,1,0.585,0,0.585,1,0.325,"NoV",0.625272368580551,0.0338164920467787,1,0.394269291566104,0.039867718607113,1,0.394549146998512,0.0399347614055179,1,0.625296114249003,0.0338345916645328,1,0.00190118816395,0.0338626437769357,0.0509999999999999,0.394291164805321,0.0398887864077312,1,0.394553139816472,0.0399555415282684,1,0.00141413054473718,0.0323335288064201,0.047,0.0358980023233509,0.0404623565888796,0.0400145979363006,0.0359306230487836,0.0336355960063082,0.040486738558609,0.0399770358358024,0.0320501243577423,0.325272368580551,0.0942692915661041,0.325296114249003,0.0942911648053209,"sim","classical","norm",NA,1000,1000,314
0.7,0.1,0.5,0.3,0,0,0,0,0,1,0.07,0,0.07,1,0.35,"NoV",0.649941944386108,0.0335772429920625,1,0.648253281403711,0.0336697000425439,1,0.024846527987167,0.0336864431421017,0.112,0.649959654578244,0.0335935868189623,1,-0.00019708667103242,0.033634782945797,0.059,0.648268148245324,0.0336860983655047,1,0.0248634846989359,0.0337047300293328,0.112,-0.000174819700200096,0.0336438250092082,0.058,0.0333648148940241,0.0334809412205397,0.0337818217014956,0.0333765760431654,0.0337094696449387,0.0334861550948811,0.0338549822604979,0.0337897417248088,0.349941944386108,0.348253281403711,0.349959654578244,0.348268148245324,"sim","classical","norm",NA,1000,1000,314
0.7,0.3,0.5,0.3,0,0,0,0,0,1,0.21,0,0.21,1,0.35,"NoV",0.648214476550254,0.0335846634558256,1,0.631173613288263,0.0342672895904233,1,0.081152505263542,0.0342726099251319,0.651,0.648216353241428,0.0336020986060649,1,-0.00232188178411971,0.0335973933600261,0.0509999999999999,0.631173409279608,0.0342852373835005,1,0.0811554577050058,0.0342905195577172,0.652,-0.0022237743624074,0.03351956502941,0.044,0.0332225198431331,0.0340170362485111,0.0350570491436291,0.0331993444829931,0.0331530073402147,0.0339875386615239,0.0351124715257672,0.0331280748592654,0.348214476550254,0.331173613288263,0.348216353241428,0.331173409279608,"sim","classical","norm",NA,1000,1000,314
0.7,0.5,0.5,0.3,0,0,0,0,0,1,0.35,0,0.35,1,0.35,"NoV",0.649625991775509,0.0335623279714602,1,0.598268449535592,0.0355372178206621,1,0.147271550632026,0.0355695286819517,0.982,0.649669714563686,0.0335783501183078,1,0.00090339449520271,0.0336240216516148,0.048,0.598306131919411,0.0355545345022045,1,0.147274218280618,0.0355873780589216,0.984,0.000787282633652231,0.0333548696332441,0.048,0.0337069438558757,0.0356276346750867,0.0363728561571489,0.0337221431908307,0.0338741053413385,0.0356526701369433,0.0364080709127284,0.0336083351552924,0.349625991775509,0.298268449535592,0.349669714563687,0.298306131919411,"sim","classical","norm",NA,1000,1000,314
0.7,0.7,0.5,0.3,0,0,0,0,0,1,0.49,0,0.49,1,0.35,"NoV",0.651649513512514,0.0336268754277886,1,0.537082107926776,0.0378925664016353,1,0.23350226424804,0.0378815611356177,1,0.651716819961374,0.0336424802689056,1,-0.00135482241768673,0.0336079846121225,0.043,0.537145610298248,0.0379105332313783,1,0.233500839096604,0.0379002600900602,1,-0.00131848923913566,0.033002218994218,0.0420000000000001,0.0339201032395444,0.037285814730665,0.0375665884432589,0.0339623801034318,0.0335658940767458,0.0373501234199378,0.0376375923973454,0.0329949262913098,0.351649513512514,0.237082107926776,0.351716819961374,0.237145610298248,"sim","classical","norm",NA,1000,1000,314
0.7,0.9,0.5,0.3,0,0,0,0,0,1,0.63,0,0.63,1,0.35,"NoV",0.650236328661283,0.0336523432078909,1,0.409154655226831,0.0415646486102375,1,0.383026413238812,0.0415330921020861,1,0.650232133768371,0.0336701249576369,1,-0.00072907589961755,0.033661686126637,0.059,0.409189630415386,0.0415867047928674,1,0.382973169216618,0.0415552860811818,1,-0.00107042898316701,0.0323277296896287,0.0520000000000001,0.0330580834536782,0.0423740228059828,0.0426979342672078,0.0330811903350483,0.0338217697038217,0.0423508493267095,0.0426370295304353,0.0319791542839862,0.350236328661283,0.109154655226831,0.350232133768371,0.109189630415386,"sim","classical","norm",NA,1000,1000,314
0.75,0.1,0.5,0.3,0,0,0,0,0,1,0.075,0,0.075,1,0.375,"NoV",0.673739075079887,0.0333481343533311,1,0.672035466210933,0.0334521268485872,1,0.0219656213183946,0.0334790017509035,0.107,0.673745453659292,0.0333646352568279,1,-0.00116698931604959,0.0333328454183059,0.05,0.67204104765505,0.0334687374407315,1,0.0219583331894428,0.0334939618194292,0.107,-0.00121858264671028,0.0333401715617847,0.0509999999999999,0.0352185886962192,0.0352170471224929,0.0345402617019611,0.035220990701469,0.0340229103127684,0.035223969558396,0.0345788060019381,0.0340474811641475,0.373739075079887,0.372035466210933,0.373745453659292,0.37204104765505,"sim","classical","norm",NA,1000,1000,314
0.75,0.3,0.5,0.3,0,0,0,0,0,1,0.225,0,0.225,1,0.375,"NoV",0.672639507184953,0.0333195376870588,1,0.657037128936158,0.0341422289046293,1,0.0694637073425993,0.0340987338051187,0.536,0.672616650305026,0.033337392999918,1,-0.000770714115316347,0.0333222068713921,0.042,0.657017504752717,0.034160219421336,1,0.0694619659539163,0.0341169242715731,0.533,-0.000716110909354908,0.0332693289142491,0.047,0.0336835199429649,0.0341037822503354,0.0343029945187422,0.033676114331079,0.0321162843461643,0.0340890680610344,0.0343072620691143,0.032048037907823,0.372639507184953,0.357037128936158,0.372616650305026,0.357017504752717,"sim","classical","norm",NA,1000,1000,314
0.75,0.5,0.5,0.3,0,0,0,0,0,1,0.375,0,0.375,1,0.375,"NoV",0.673739215082759,0.0333317291655945,1,0.626318410935042,0.0357362841040977,1,0.126916204725751,0.0357510678140111,0.941,0.673744766079645,0.0333478172921281,1,0.000420255364818966,0.0333419627234709,0.063,0.626339036094843,0.0357533942692286,1,0.126885725190306,0.0357684330606869,0.94,0.000645566732566375,0.0331493407634201,0.069,0.0318711285219642,0.0351083807026204,0.0368276501424999,0.0318796472110683,0.0345973201440748,0.0351538191555974,0.0368100470029669,0.0342669863060873,0.373739215082759,0.326318410935042,0.373744766079645,0.326339036094843,"sim","classical","norm",NA,1000,1000,314
0.75,0.7,0.5,0.3,0,0,0,0,0,1,0.525,0,0.525,1,0.375,"NoV",0.674315743784741,0.0334006607272458,1,0.563380527585228,0.0386706309262709,1,0.211498600764953,0.0386752824669044,1,0.674265766253142,0.0334176847513857,1,-0.00227546124838601,0.0333688519291562,0.056,0.563350644896708,0.0386905887458774,1,0.211463367644266,0.0386961865273677,1,-0.00205850961570282,0.0328969062214424,0.0509999999999999,0.0339930569330927,0.0390669633926577,0.0392678177191334,0.0339831478750407,0.0337830574528451,0.0390645739022412,0.039262601335381,0.0331116066819218,0.374315743784741,0.263380527585229,0.374265766253143,0.263350644896708,"sim","classical","norm",NA,1000,1000,314
0.75,0.9,0.5,0.3,0,0,0,0,0,1,0.675,0,0.675,1,0.375,"NoV",0.676228881534395,0.0333580725096389,1,0.431905127926518,0.0438032999265617,1,0.361328037349257,0.0437788509203195,1,0.676215049311228,0.0333755445983891,1,-0.000104319970484703,0.0333701317929339,0.0420000000000001,0.431865539727525,0.043825048620846,1,0.361376485096596,0.0438004423094856,1,0.000276340924829306,0.03229962429317,0.042,0.0332619186204845,0.0443313903017672,0.0450068726440351,0.0333382978197845,0.0328106298510515,0.0443761778364452,0.0449850372322581,0.0320314840592359,0.376228881534395,0.131905127926518,0.376215049311228,0.131865539727525,"sim","classical","norm",NA,1000,1000,314
0.8,0.1,0.5,0.3,0,0,0,0,0,1,0.08,0,0.08,1,0.4,"NoV",0.7014173624482,0.033042824769665,1,0.700028922157204,0.0331586702423278,1,0.0177449935857496,0.0331858897696176,0.072,0.701384721100493,0.0330574833118777,1,-0.00129123525106387,0.0330654973624823,0.047,0.70000146760828,0.0331732978621967,1,0.017712843056392,0.0332018908142135,0.073,-0.00119772796300939,0.0330771874121326,0.049,0.0336155859906918,0.0336988312717962,0.0327671215395611,0.0336277015609375,0.0331251469208202,0.0337155139805159,0.0327465900882178,0.0330840575178456,0.4014173624482,0.400028922157204,0.401384721100493,0.40000146760828,"sim","classical","norm",NA,1000,1000,314
0.8,0.3,0.5,0.3,0,0,0,0,0,1,0.24,0,0.24,1,0.4,"NoV",0.699553018657766,0.0330749399539406,1,0.686029116865167,0.0340287712822336,1,0.0564643604709422,0.033980948396579,0.397,0.699565998244199,0.0330896336996694,1,0.00047503165409222,0.0330126380142051,0.068,0.686042802022966,0.0340442577530812,1,0.0564487797785444,0.0339963117138381,0.394,0.000448539217458837,0.0329838293189062,0.0680000000000001,0.0325091359097565,0.033348381361609,0.0337708370551527,0.0325257963351704,0.0349136767707836,0.0333690826993418,0.0337379613816377,0.0348212757915126,0.399553018657766,0.386029116865167,0.399565998244199,0.386042802022966,"sim","classical","norm",NA,1000,1000,314
0.8,0.5,0.5,0.3,0,0,0,0,0,1,0.4,0,0.4,1,0.4,"NoV",0.699913315941457,0.0330704925404433,1,0.656714004379647,0.0359161536672592,1,0.108388136556085,0.0359414166859654,0.855,0.699931203742647,0.0330874809373154,1,-0.000463998881962643,0.0331018230482146,0.053,0.656727050488748,0.0359351886946036,1,0.108392721961982,0.0359610641864435,0.851,-0.000535597056567828,0.0329709461853091,0.057,0.032899590208772,0.0351221939181929,0.0348736656168868,0.0328641707134677,0.0331060092581898,0.0350960605506933,0.0349486894452153,0.0330246808748971,0.399913315941457,0.356714004379647,0.399931203742647,0.356727050488748,"sim","classical","norm",NA,1000,1000,314
0.8,0.7,0.5,0.3,0,0,0,0,0,1,0.56,0,0.56,1,0.4,"NoV",0.699107443057587,0.0330755959656185,1,0.595491165885949,0.0394831329361915,1,0.185278681687954,0.0394717448809449,0.996,0.69909578153748,0.0330913674889617,1,0.000161020757950071,0.0331071958842295,0.056,0.595529051344061,0.0395023234506339,1,0.185189175342453,0.0394903577777728,0.997,-2.36417549458781e-05,0.0327647627722368,0.054,0.0331375677246408,0.0389959848634733,0.0382110650352906,0.0331963932526076,0.0337615260563615,0.0390210267410916,0.0382254925629682,0.0331119033461979,0.399107443057587,0.295491165885949,0.399095781537481,0.295529051344061,"sim","classical","norm",NA,1000,1000,314
0.8,0.9,0.5,0.3,0,0,0,0,0,1,0.72,0,0.72,1,0.4,"NoV",0.699582874144902,0.0330032868565264,1,0.456790400829306,0.0463838127570216,1,0.337429132552392,0.0464308516436294,1,0.699556536749354,0.0330192717805282,1,0.000265576716604494,0.0330073901265816,0.0569999999999999,0.456835460431148,0.0464066927101251,1,0.337339471538184,0.0464549138129366,1,6.89679112338858e-05,0.0321836274810378,0.054,0.0324489998929108,0.0461519644550365,0.0457696089270844,0.0324648321913904,0.0332796990883109,0.0461146904489124,0.0457224258549436,0.0319443430025973,0.399582874144902,0.156790400829306,0.399556536749354,0.156835460431148,"sim","classical","norm",NA,1000,1000,314
0.85,0.1,0.5,0.3,0,0,0,0,0,1,0.085,0,0.085,1,0.425,"NoV",0.724941494909532,0.0327290059928873,1,0.7236943986876,0.032864225848892,1,0.0144163719280761,0.0328318922103063,0.0729999999999999,0.724981405009621,0.0327454875260718,1,9.98456646536084e-05,0.0327247705060705,0.057,0.723736850860018,0.0328808573051715,1,0.0143994905861326,0.0328489689416834,0.071,0.000112370607459031,0.0327378583644891,0.057,0.0326844432562305,0.0328557880781038,0.0332512729807306,0.0327207848692455,0.0325043423843119,0.0329017770314373,0.0332522607745766,0.0324991645025252,0.424941494909532,0.4236943986876,0.424981405009621,0.423736850860018,"sim","classical","norm",NA,1000,1000,314
0.85,0.3,0.5,0.3,0,0,0,0,0,1,0.255,0,0.255,1,0.425,"NoV",0.725072341208925,0.0326639686199642,1,0.714056023027337,0.0337591607066786,1,0.0434062239854777,0.0337970683682457,0.233,0.725103273562463,0.0326803845308679,1,-0.000578238411065408,0.0327053948014679,0.0400000000000001,0.714077058369898,0.0337761306794287,1,0.0434465203554292,0.0338148638454657,0.238,-0.000604444386824942,0.0326956370737849,0.0400000000000001,0.0331857029925123,0.0346611425997132,0.0334297287606677,0.0332094581908796,0.0324238747064722,0.034677614018535,0.0333969247800965,0.0324061103163465,0.425072341208925,0.414056023027337,0.425103273562463,0.414077058369898,"sim","classical","norm",NA,1000,1000,314
0.85,0.5,0.5,0.3,0,0,0,0,0,1,0.425,0,0.425,1,0.425,"NoV",0.726634529072387,0.0327305194790049,1,0.690013355484028,0.0360840804135876,1,0.0860173112737997,0.0360530554188472,0.671,0.726608659887064,0.0327464988120936,1,-0.000719488536463914,0.0327037609814457,0.045,0.689988458909216,0.0361022196847805,1,0.0860104776900651,0.0360725754332052,0.672,-0.000668592510111193,0.0326277374524494,0.0440000000000001,0.0334129603778581,0.0364918837922351,0.0358548977897807,0.0334097358778604,0.0315437798645261,0.0364833355917393,0.0359200992508682,0.0314845946337865,0.426634529072387,0.390013355484028,0.426608659887064,0.389988458909216,"sim","classical","norm",NA,1000,1000,314
0.85,0.7,0.5,0.3,0,0,0,0,0,1,0.595,0,0.595,1,0.425,"NoV",0.724565780628232,0.0327578891013963,1,0.634465644557957,0.0405025498486865,1,0.151169564104575,0.0404405694013762,0.958,0.724613169232476,0.0327753183695454,1,-0.000372104755863545,0.0327358719526144,0.047,0.634521681041958,0.0405235272380234,1,0.151158547033356,0.0404611189119803,0.958,-0.000540359376604906,0.0325243549272091,0.045,0.0316372619042295,0.0400422341220436,0.0413679373891745,0.031653142106991,0.0328048328160768,0.0400656157459928,0.0414113949762577,0.032563056889214,0.424565780628232,0.334465644557957,0.424613169232476,0.334521681041958,"sim","classical","norm",NA,1000,1000,314
0.85,0.9,0.5,0.3,0,0,0,0,0,1,0.765,0,0.765,1,0.425,"NoV",0.726275101971074,0.0327483795243164,1,0.494964309122352,0.0500067698178031,1,0.302311280032725,0.0500240165506834,1,0.726257691612803,0.0327648870697856,1,-0.000524903471021312,0.0327616938979596,0.065,0.494944904191554,0.0500342475988012,1,0.302300987114446,0.0500505358380471,1,-0.000270588488059551,0.0321941624521033,0.0580000000000001,0.033108564774582,0.0507689006935753,0.0515254547362226,0.0331439314868614,0.0327457762795949,0.0507929087907481,0.0515306509523898,0.0321288843888214,0.426275101971074,0.194964309122352,0.426257691612803,0.194944904191554,"sim","classical","norm",NA,1000,1000,314
0.9,0.1,0.5,0.3,0,0,0,0,0,1,0.09,0,0.09,1,0.45,"NoV",0.749887487140065,0.0324069526275755,1,0.748909607029337,0.0325546980196686,1,0.0100256160377545,0.0326080617949442,0.063,0.749931252009184,0.0324223722208433,1,-0.000360198041739114,0.0324007967085412,0.056,0.748955445241927,0.0325702980549854,1,0.0100228588919283,0.0326232452553674,0.063,-0.000362613403774117,0.03241569761093,0.053,0.032428345475992,0.0324883736986425,0.0324675331959848,0.0324510337964698,0.0334377001562541,0.0325137994756662,0.0325142543965203,0.0334805508356264,0.449887487140065,0.448909607029337,0.449931252009184,0.448955445241927,"sim","classical","norm",NA,1000,1000,314
0.9,0.3,0.5,0.3,0,0,0,0,0,1,0.27,0,0.27,1,0.45,"NoV",0.75057402931006,0.0323427496205267,1,0.742849689936171,0.0335846740328429,1,0.0286467001539613,0.033601144942767,0.151,0.750584826977477,0.0323587823262011,1,-0.000902153732402699,0.0323782116614275,0.054,0.742859671550394,0.0336019185191933,1,0.0286447527936038,0.0336170833114507,0.149,-0.00087604319338559,0.0323810687407035,0.055,0.0324031085939059,0.0336189178713021,0.0343114360106947,0.0323918426620794,0.0323484285775513,0.0336023103911739,0.0343369717069427,0.032363232034712,0.45057402931006,0.442849689936171,0.450584826977477,0.442859671550394,"sim","classical","norm",NA,1000,1000,314
0.9,0.5,0.5,0.3,0,0,0,0,0,1,0.45,0,0.45,1,0.45,"NoV",0.748304835400606,0.0324416495711299,1,0.721936448470975,0.0362992159933258,1,0.0584739022719097,0.0362821372181995,0.389,0.748262720033079,0.0324577360241119,1,-0.000742363867761833,0.0324142655435087,0.059,0.72189530909892,0.036317041707826,1,0.0584721314964695,0.0363004032592415,0.391,-0.000742726713078468,0.03238929876381,0.055,0.0324581888236012,0.0369506409869345,0.0363805168578264,0.0324655873920844,0.0332290177588309,0.0369533530262629,0.0363921096413725,0.0331988499920408,0.448304835400606,0.421936448470976,0.448262720033079,0.42189530909892,"sim","classical","norm",NA,1000,1000,314
0.9,0.7,0.5,0.3,0,0,0,0,0,1,0.63,0,0.63,1,0.45,"NoV",0.750357839762485,0.0323932420856714,1,0.681438367035689,0.0415558351824749,1,0.109550383607603,0.0415737328567548,0.759,0.75034549925632,0.0324104610267789,1,0.000117685830538025,0.0324523994784014,0.04,0.681413803605196,0.041578577128963,1,0.109564731232596,0.0415956991359763,0.757,8.88694894073212e-05,0.0323562344543432,0.038,0.0327763775609634,0.0417902569230868,0.0415182533016005,0.0327643433634404,0.0313531874170945,0.0417853717227367,0.0414868898472121,0.0312321598499603,0.450357839762485,0.381438367035689,0.45034549925632,0.381413803605196,"sim","classical","norm",NA,1000,1000,314
0.9,0.9,0.5,0.3,0,0,0,0,0,1,0.81,0,0.81,1,0.45,"NoV",0.748686217152414,0.0323992014125614,1,0.548112354270706,0.0547894468445929,1,0.247590026973224,0.0548064288928585,0.993,0.748665966947169,0.0324145309955681,1,0.000337711396665006,0.0324555860826715,0.0450000000000001,0.548067849827984,0.0548166074228015,1,0.247617687821411,0.0548346295571559,0.993,0.000125553193414636,0.0321442164476678,0.051,0.0317478854887813,0.0545487709485469,0.0555686834179875,0.0317546016691558,0.0320377601657053,0.0545548931449622,0.0556083585611718,0.0317994669977156,0.448686217152414,0.248112354270706,0.448665966947169,0.248067849827984,"sim","classical","norm",NA,1000,1000,314
0.95,0.1,0.5,0.3,0,0,0,0,0,1,0.095,0,0.095,1,0.475,"NoV",0.774169749835441,0.032004134174055,1,0.773723101178648,0.0321688798602959,1,0.00480755048197862,0.0322478202371398,0.053,0.774158539907533,0.0320212264074862,1,1.00975861602959e-07,0.0320829728606939,0.051,0.77371131762195,0.0321861408695974,1,0.00482317278976133,0.0322652262388011,0.0520000000000001,-2.15883972838773e-05,0.0320998876483026,0.0509999999999999,0.031376915657752,0.0314937882075467,0.0321486731503821,0.0313396851399771,0.0318224878295598,0.0314526798978695,0.0322152722774316,0.0318940620948528,0.474169749835441,0.473723101178648,0.474158539907533,0.47371131762195,"sim","classical","norm",NA,1000,1000,314
0.95,0.3,0.5,0.3,0,0,0,0,0,1,0.285,0,0.285,1,0.475,"NoV",0.776296655913795,0.0320227593339512,1,0.771318951167681,0.0334247519716431,1,0.0175665145403492,0.0334696738577781,0.086,0.776303274516938,0.0320400587579383,1,-0.000310335945973633,0.032007871733686,0.042,0.771340683208188,0.0334422238410224,1,0.0175192510947479,0.0334869777049975,0.085,-0.000302089716337116,0.0320184047084673,0.042,0.0311964965380409,0.0327983166221874,0.0337080570894508,0.0311990715327054,0.0306016402329993,0.0328043613674389,0.0337551443924052,0.0306200218665167,0.476296655913795,0.471318951167681,0.476303274516938,0.471340683208189,"sim","classical","norm",NA,1000,1000,314
0.95,0.5,0.5,0.3,0,0,0,0,0,1,0.475,0,0.475,1,0.475,"NoV",0.774905010551189,0.032023108937301,1,0.760298503200278,0.0363744401635753,1,0.0307707014059057,0.0363698037989713,0.143,0.774909403582514,0.032036337411271,1,0.000137419559943268,0.0320263811208959,0.0669999999999999,0.760270700686995,0.0363910056800178,1,0.0308330255046154,0.0363864925411529,0.141,0.0001888711098736,0.0320313927815412,0.0680000000000002,0.0318917499571846,0.0363339098224381,0.0367721374032832,0.0319137292465618,0.0340830510175153,0.036335690143632,0.0367535086669249,0.0341021273620949,0.474905010551189,0.460298503200278,0.474909403582514,0.460270700686995,"sim","classical","norm",NA,1000,1000,314
0.95,0.7,0.5,0.3,0,0,0,0,0,1,0.665,0,0.665,1,0.475,"NoV",0.776136050561385,0.0320131939721713,1,0.735524499147902,0.0428299219566588,1,0.0611288725137162,0.0428108916147049,0.314,0.776148494137161,0.0320295408652103,1,0.000502956958608907,0.0320236562950725,0.0550000000000001,0.735564206977638,0.0428521315935164,1,0.0610891315558033,0.0428329480945112,0.318,0.000542194231572291,0.0320074422576021,0.053,0.0323997537897809,0.0429952595468508,0.0435499581178307,0.0324381920695097,0.0326984055165393,0.0429958539065563,0.0434902637378886,0.032577448216606,0.476136050561385,0.435524499147902,0.476148494137161,0.435564206977638,"sim","classical","norm",NA,1000,1000,314
0.95,0.9,0.5,0.3,0,0,0,0,0,1,0.855,0,0.855,1,0.475,"NoV",0.77706707105401,0.0320321072061854,1,0.637203440647787,0.061620494737393,1,0.163371424327659,0.0615444575597611,0.768,0.7770871660079,0.0320478583643078,1,-0.00118136242151782,0.0320402838399166,0.048,0.637136124689592,0.0616496388906152,1,0.163476235268901,0.061573725293989,0.766,-0.0013454565903173,0.0319434669527452,0.049,0.0315038186192982,0.0596382091165968,0.0613336551751461,0.0315571348983032,0.0326391551751914,0.0596982749860736,0.0613249692426024,0.0326567508881604,0.47706707105401,0.337203440647787,0.4770871660079,0.337136124689592,"sim","classical","norm",NA,1000,1000,314
